trait_id,trait_group,trait,coding_system,source_dataset,source_field,match_type,case_sensitive,code,description,matched_terms,selection_tier,value_type,expected_units,source_sheet,source_metadata,review_status
anthropometry.body_height.ctv3,anthropometry,body_height,ctv3,gp_clinical,read_3,exact,true,.229.,O/E - height,O/E - height,core,numeric_candidate,cm or m; verify source unit,read_ctv3_lkp,P,candidate_requires_clinical_review
anthropometry.body_height.ctv3,anthropometry,body_height,ctv3,gp_clinical,read_3,exact,true,229..,O/E - height,O/E - height,core,numeric_candidate,cm or m; verify source unit,read_ctv3_lkp,P,candidate_requires_clinical_review
anthropometry.body_height.ctv3,anthropometry,body_height,ctv3,gp_clinical,read_3,exact,true,X76Bs,Body height,Body height,core,numeric_candidate,cm or m; verify source unit,read_ctv3_lkp,P,candidate_requires_clinical_review
anthropometry.body_height.ctv3,anthropometry,body_height,ctv3,gp_clinical,read_3,exact,true,.2291,O/E - height greater than 20% below average,O/E - height greater than 20% below average,extended_review,numeric_candidate,cm or m; verify source unit,read_ctv3_lkp,P,candidate_requires_clinical_review
anthropometry.body_height.ctv3,anthropometry,body_height,ctv3,gp_clinical,read_3,exact,true,.2292,O/E - height 10-20% below average,O/E - height 10-20% below average,extended_review,numeric_candidate,cm or m; verify source unit,read_ctv3_lkp,P,candidate_requires_clinical_review
anthropometry.body_height.ctv3,anthropometry,body_height,ctv3,gp_clinical,read_3,exact,true,.2293,O/E -height within 10% average,O/E -height within 10% average,extended_review,numeric_candidate,cm or m; verify source unit,read_ctv3_lkp,P,candidate_requires_clinical_review
anthropometry.body_height.ctv3,anthropometry,body_height,ctv3,gp_clinical,read_3,exact,true,.2294,O/E-height 10-20% over average,O/E-height 10-20% over average,extended_review,numeric_candidate,cm or m; verify source unit,read_ctv3_lkp,P,candidate_requires_clinical_review
anthropometry.body_height.ctv3,anthropometry,body_height,ctv3,gp_clinical,read_3,exact,true,.2295,O/E - height greater than 20% over average,O/E - height greater than 20% over average,extended_review,numeric_candidate,cm or m; verify source unit,read_ctv3_lkp,P,candidate_requires_clinical_review
anthropometry.body_height.ctv3,anthropometry,body_height,ctv3,gp_clinical,read_3,exact,true,.229Z,O/E - height NOS,O/E - height NOS,extended_review,numeric_candidate,cm or m; verify source unit,read_ctv3_lkp,P,candidate_requires_clinical_review
anthropometry.body_height.ctv3,anthropometry,body_height,ctv3,gp_clinical,read_3,exact,true,2291.,O/E - height greater than 20% below average,O/E - height greater than 20% below average,extended_review,numeric_candidate,cm or m; verify source unit,read_ctv3_lkp,P,candidate_requires_clinical_review
anthropometry.body_height.ctv3,anthropometry,body_height,ctv3,gp_clinical,read_3,exact,true,2292.,O/E - height 10-20% below average,O/E - height 10-20% below average,extended_review,numeric_candidate,cm or m; verify source unit,read_ctv3_lkp,P,candidate_requires_clinical_review
anthropometry.body_height.ctv3,anthropometry,body_height,ctv3,gp_clinical,read_3,exact,true,2293.,O/E -height within 10% average,O/E -height within 10% average,extended_review,numeric_candidate,cm or m; verify source unit,read_ctv3_lkp,P,candidate_requires_clinical_review
anthropometry.body_height.ctv3,anthropometry,body_height,ctv3,gp_clinical,read_3,exact,true,2294.,O/E-height 10-20% over average,O/E-height 10-20% over average,extended_review,numeric_candidate,cm or m; verify source unit,read_ctv3_lkp,P,candidate_requires_clinical_review
anthropometry.body_height.ctv3,anthropometry,body_height,ctv3,gp_clinical,read_3,exact,true,2295.,O/E - height greater than 20% over average,O/E - height greater than 20% over average,extended_review,numeric_candidate,cm or m; verify source unit,read_ctv3_lkp,P,candidate_requires_clinical_review
anthropometry.body_height.ctv3,anthropometry,body_height,ctv3,gp_clinical,read_3,exact,true,229Z.,O/E - height NOS,O/E - height NOS,extended_review,numeric_candidate,cm or m; verify source unit,read_ctv3_lkp,P,candidate_requires_clinical_review
anthropometry.body_height.ctv3,anthropometry,body_height,ctv3,gp_clinical,read_3,exact,true,8IHM.,Body height measurement declined,Body height measurement declined,extended_review,numeric_candidate,cm or m; verify source unit,read_ctv3_lkp,P,candidate_requires_clinical_review
anthropometry.body_height.ctv3,anthropometry,body_height,ctv3,gp_clinical,read_3,exact,true,9NSZ.,Unsuitable for body height measurement,Unsuitable for body height measurement,extended_review,numeric_candidate,cm or m; verify source unit,read_ctv3_lkp,P,candidate_requires_clinical_review
anthropometry.body_height.ctv3,anthropometry,body_height,ctv3,gp_clinical,read_3,exact,true,Xa7wF,Observation of measures of body height and growth,Observation of measures of body height and growth,extended_review,numeric_candidate,cm or m; verify source unit,read_ctv3_lkp,P,candidate_requires_clinical_review
anthropometry.body_height.ctv3,anthropometry,body_height,ctv3,gp_clinical,read_3,exact,true,Xaef4,Body height measurement declined,Body height measurement declined,extended_review,numeric_candidate,cm or m; verify source unit,read_ctv3_lkp,P,candidate_requires_clinical_review
anthropometry.body_height.ctv3,anthropometry,body_height,ctv3,gp_clinical,read_3,exact,true,XaesF,Unsuitable for body height measurement,Unsuitable for body height measurement,extended_review,numeric_candidate,cm or m; verify source unit,read_ctv3_lkp,P,candidate_requires_clinical_review
anthropometry.body_height.ctv3,anthropometry,body_height,ctv3,gp_clinical,read_3,exact,true,XafRh,Body height growth rate,Body height growth rate,extended_review,numeric_candidate,cm or m; verify source unit,read_ctv3_lkp,P,candidate_requires_clinical_review
anthropometry.body_height.read_v2,anthropometry,body_height,read_v2,gp_clinical,read_2,exact,true,229..,O/E - height,O/E - height,core,numeric_candidate,cm or m; verify source unit,read_v2_lkp,00,candidate_requires_clinical_review
anthropometry.body_height.read_v2,anthropometry,body_height,read_v2,gp_clinical,read_2,exact,true,2291.,O/E-height > 20% below average,O/E-height > 20% below average,extended_review,numeric_candidate,cm or m; verify source unit,read_v2_lkp,00,candidate_requires_clinical_review
anthropometry.body_height.read_v2,anthropometry,body_height,read_v2,gp_clinical,read_2,exact,true,2292.,O/E - height 10-20% < average,O/E - height 10-20% < average,extended_review,numeric_candidate,cm or m; verify source unit,read_v2_lkp,00,candidate_requires_clinical_review
anthropometry.body_height.read_v2,anthropometry,body_height,read_v2,gp_clinical,read_2,exact,true,2293.,O/E -height within 10% average,O/E -height within 10% average,extended_review,numeric_candidate,cm or m; verify source unit,read_v2_lkp,00,candidate_requires_clinical_review
anthropometry.body_height.read_v2,anthropometry,body_height,read_v2,gp_clinical,read_2,exact,true,2294.,O/E-height 10-20% over average,O/E-height 10-20% over average,extended_review,numeric_candidate,cm or m; verify source unit,read_v2_lkp,00,candidate_requires_clinical_review
anthropometry.body_height.read_v2,anthropometry,body_height,read_v2,gp_clinical,read_2,exact,true,2295.,O/E -height > 20% over average,O/E -height > 20% over average,extended_review,numeric_candidate,cm or m; verify source unit,read_v2_lkp,00,candidate_requires_clinical_review
anthropometry.body_height.read_v2,anthropometry,body_height,read_v2,gp_clinical,read_2,exact,true,229Z.,O/E - height NOS,O/E - height NOS,extended_review,numeric_candidate,cm or m; verify source unit,read_v2_lkp,00,candidate_requires_clinical_review
anthropometry.body_height.read_v2,anthropometry,body_height,read_v2,gp_clinical,read_2,exact,true,8IHM.,Body height measurement declined,Body height measurement declined,extended_review,numeric_candidate,cm or m; verify source unit,read_v2_lkp,00,candidate_requires_clinical_review
anthropometry.body_height.read_v2,anthropometry,body_height,read_v2,gp_clinical,read_2,exact,true,9NSZ.,Unsuitable for body height measurement,Unsuitable for body height measurement,extended_review,numeric_candidate,cm or m; verify source unit,read_v2_lkp,00,candidate_requires_clinical_review
anthropometry.body_mass_index.ctv3,anthropometry,body_mass_index,ctv3,gp_clinical,read_3,exact,true,.22K.,BMI - Body mass index,Body mass index - observation | Body mass index | BMI - Body mass index,core,numeric_candidate,kg/m2,read_ctv3_lkp,P,candidate_requires_clinical_review
anthropometry.body_mass_index.ctv3,anthropometry,body_mass_index,ctv3,gp_clinical,read_3,exact,true,22K..,BMI - Body mass index,Body mass index - observation | Body mass index | BMI - Body mass index,core,numeric_candidate,kg/m2,read_ctv3_lkp,P,candidate_requires_clinical_review
anthropometry.body_mass_index.ctv3,anthropometry,body_mass_index,ctv3,gp_clinical,read_3,exact,true,.22K1,Body mass index normal K/M2,Body mass index normal K/M2,extended_review,numeric_candidate,kg/m2,read_ctv3_lkp,P,candidate_requires_clinical_review
anthropometry.body_mass_index.ctv3,anthropometry,body_mass_index,ctv3,gp_clinical,read_3,exact,true,.22K2,Body mass index high K/M2,Body mass index high K/M2,extended_review,numeric_candidate,kg/m2,read_ctv3_lkp,P,candidate_requires_clinical_review
anthropometry.body_mass_index.ctv3,anthropometry,body_mass_index,ctv3,gp_clinical,read_3,exact,true,.22K3,Body mass index low K/M2,Body mass index low K/M2,extended_review,numeric_candidate,kg/m2,read_ctv3_lkp,P,candidate_requires_clinical_review
anthropometry.body_mass_index.ctv3,anthropometry,body_mass_index,ctv3,gp_clinical,read_3,exact,true,.22K4,Body mass index index 25-29 - overweight,Body mass index index 25-29 - overweight,extended_review,numeric_candidate,kg/m2,read_ctv3_lkp,P,candidate_requires_clinical_review
anthropometry.body_mass_index.ctv3,anthropometry,body_mass_index,ctv3,gp_clinical,read_3,exact,true,.22K5,Body mass index 30+ - obesity,Body mass index 30+ - obesity,extended_review,numeric_candidate,kg/m2,read_ctv3_lkp,P,candidate_requires_clinical_review
anthropometry.body_mass_index.ctv3,anthropometry,body_mass_index,ctv3,gp_clinical,read_3,exact,true,.22K6,Body mass index less than 20,Body mass index less than 20,extended_review,numeric_candidate,kg/m2,read_ctv3_lkp,P,candidate_requires_clinical_review
anthropometry.body_mass_index.ctv3,anthropometry,body_mass_index,ctv3,gp_clinical,read_3,exact,true,.22K7,Body mass index 40+ - severely obese,Body mass index 40+ - severely obese,extended_review,numeric_candidate,kg/m2,read_ctv3_lkp,P,candidate_requires_clinical_review
anthropometry.body_mass_index.ctv3,anthropometry,body_mass_index,ctv3,gp_clinical,read_3,exact,true,.22K8,Body mass index 20-24 - normal,Body mass index 20-24 - normal,extended_review,numeric_candidate,kg/m2,read_ctv3_lkp,P,candidate_requires_clinical_review
anthropometry.body_mass_index.ctv3,anthropometry,body_mass_index,ctv3,gp_clinical,read_3,exact,true,22K1.,Body mass index normal K/M2,Body mass index normal K/M2,extended_review,numeric_candidate,kg/m2,read_ctv3_lkp,P,candidate_requires_clinical_review
anthropometry.body_mass_index.ctv3,anthropometry,body_mass_index,ctv3,gp_clinical,read_3,exact,true,22K2.,Body mass index high K/M2,Body mass index high K/M2,extended_review,numeric_candidate,kg/m2,read_ctv3_lkp,P,candidate_requires_clinical_review
anthropometry.body_mass_index.ctv3,anthropometry,body_mass_index,ctv3,gp_clinical,read_3,exact,true,22K3.,Body mass index low K/M2,Body mass index low K/M2,extended_review,numeric_candidate,kg/m2,read_ctv3_lkp,P,candidate_requires_clinical_review
anthropometry.body_mass_index.ctv3,anthropometry,body_mass_index,ctv3,gp_clinical,read_3,exact,true,22K4.,Body mass index index 25-29 - overweight,Body mass index index 25-29 - overweight,extended_review,numeric_candidate,kg/m2,read_ctv3_lkp,P,candidate_requires_clinical_review
anthropometry.body_mass_index.ctv3,anthropometry,body_mass_index,ctv3,gp_clinical,read_3,exact,true,22K5.,Body mass index 30+ - obesity,Body mass index 30+ - obesity,extended_review,numeric_candidate,kg/m2,read_ctv3_lkp,P,candidate_requires_clinical_review
anthropometry.body_mass_index.ctv3,anthropometry,body_mass_index,ctv3,gp_clinical,read_3,exact,true,22K6.,Body mass index less than 20,Body mass index less than 20,extended_review,numeric_candidate,kg/m2,read_ctv3_lkp,P,candidate_requires_clinical_review
anthropometry.body_mass_index.ctv3,anthropometry,body_mass_index,ctv3,gp_clinical,read_3,exact,true,22K7.,Body mass index 40+ - severely obese,Body mass index 40+ - severely obese,extended_review,numeric_candidate,kg/m2,read_ctv3_lkp,P,candidate_requires_clinical_review
anthropometry.body_mass_index.ctv3,anthropometry,body_mass_index,ctv3,gp_clinical,read_3,exact,true,22K8.,Body mass index 20-24 - normal,Body mass index 20-24 - normal,extended_review,numeric_candidate,kg/m2,read_ctv3_lkp,P,candidate_requires_clinical_review
anthropometry.body_mass_index.ctv3,anthropometry,body_mass_index,ctv3,gp_clinical,read_3,exact,true,22K9.,Body mass index centile,Body mass index centile,extended_review,numeric_candidate,kg/m2,read_ctv3_lkp,P,candidate_requires_clinical_review
anthropometry.body_mass_index.ctv3,anthropometry,body_mass_index,ctv3,gp_clinical,read_3,exact,true,22K90,Baseline body mass index centile,Baseline body mass index centile,extended_review,numeric_candidate,kg/m2,read_ctv3_lkp,P,candidate_requires_clinical_review
anthropometry.body_mass_index.ctv3,anthropometry,body_mass_index,ctv3,gp_clinical,read_3,exact,true,22K91,Child body mass index centile,Child body mass index centile | Child BMI (body mass index) centile,extended_review,numeric_candidate,kg/m2,read_ctv3_lkp,P,candidate_requires_clinical_review
anthropometry.body_mass_index.ctv3,anthropometry,body_mass_index,ctv3,gp_clinical,read_3,exact,true,22K92,Child body mass index less than 0.4th centile,Child body mass index less than 0.4th centile,extended_review,numeric_candidate,kg/m2,read_ctv3_lkp,P,candidate_requires_clinical_review
anthropometry.body_mass_index.ctv3,anthropometry,body_mass_index,ctv3,gp_clinical,read_3,exact,true,22K93,Child body mass index 0.4th-1.9th centile,Child body mass index 0.4th-1.9th centile,extended_review,numeric_candidate,kg/m2,read_ctv3_lkp,P,candidate_requires_clinical_review
anthropometry.body_mass_index.ctv3,anthropometry,body_mass_index,ctv3,gp_clinical,read_3,exact,true,22K94,Child body mass index on 2nd centile,Child body mass index on 2nd centile,extended_review,numeric_candidate,kg/m2,read_ctv3_lkp,P,candidate_requires_clinical_review
anthropometry.body_mass_index.ctv3,anthropometry,body_mass_index,ctv3,gp_clinical,read_3,exact,true,22K95,Child body mass index 3rd-8th centile,Child body mass index 3rd-8th centile,extended_review,numeric_candidate,kg/m2,read_ctv3_lkp,P,candidate_requires_clinical_review
anthropometry.body_mass_index.ctv3,anthropometry,body_mass_index,ctv3,gp_clinical,read_3,exact,true,22K96,Child body mass index on 9th centile,Child body mass index on 9th centile,extended_review,numeric_candidate,kg/m2,read_ctv3_lkp,P,candidate_requires_clinical_review
anthropometry.body_mass_index.ctv3,anthropometry,body_mass_index,ctv3,gp_clinical,read_3,exact,true,22K97,Child body mass index 10th-24th centile,Child body mass index 10th-24th centile,extended_review,numeric_candidate,kg/m2,read_ctv3_lkp,P,candidate_requires_clinical_review
anthropometry.body_mass_index.ctv3,anthropometry,body_mass_index,ctv3,gp_clinical,read_3,exact,true,22K98,Child body mass index on 25th centile,Child body mass index on 25th centile,extended_review,numeric_candidate,kg/m2,read_ctv3_lkp,P,candidate_requires_clinical_review
anthropometry.body_mass_index.ctv3,anthropometry,body_mass_index,ctv3,gp_clinical,read_3,exact,true,22K99,Child body mass index 26th-49th centile,Child body mass index 26th-49th centile,extended_review,numeric_candidate,kg/m2,read_ctv3_lkp,P,candidate_requires_clinical_review
anthropometry.body_mass_index.ctv3,anthropometry,body_mass_index,ctv3,gp_clinical,read_3,exact,true,22K9A,Child body mass index on 50th centile,Child body mass index on 50th centile,extended_review,numeric_candidate,kg/m2,read_ctv3_lkp,P,candidate_requires_clinical_review
anthropometry.body_mass_index.ctv3,anthropometry,body_mass_index,ctv3,gp_clinical,read_3,exact,true,22K9B,Child body mass index 51st-74th centile,Child body mass index 51st-74th centile,extended_review,numeric_candidate,kg/m2,read_ctv3_lkp,P,candidate_requires_clinical_review
anthropometry.body_mass_index.ctv3,anthropometry,body_mass_index,ctv3,gp_clinical,read_3,exact,true,22K9C,Child body mass index on 75th centile,Child body mass index on 75th centile,extended_review,numeric_candidate,kg/m2,read_ctv3_lkp,P,candidate_requires_clinical_review
anthropometry.body_mass_index.ctv3,anthropometry,body_mass_index,ctv3,gp_clinical,read_3,exact,true,22K9D,Child body mass index 76th-90th centile,Child body mass index 76th-90th centile,extended_review,numeric_candidate,kg/m2,read_ctv3_lkp,P,candidate_requires_clinical_review
anthropometry.body_mass_index.ctv3,anthropometry,body_mass_index,ctv3,gp_clinical,read_3,exact,true,22K9E,Child body mass index on 91st centile,Child body mass index on 91st centile,extended_review,numeric_candidate,kg/m2,read_ctv3_lkp,P,candidate_requires_clinical_review
anthropometry.body_mass_index.ctv3,anthropometry,body_mass_index,ctv3,gp_clinical,read_3,exact,true,22K9F,Child body mass index 92nd-97th centile,Child body mass index 92nd-97th centile,extended_review,numeric_candidate,kg/m2,read_ctv3_lkp,P,candidate_requires_clinical_review
anthropometry.body_mass_index.ctv3,anthropometry,body_mass_index,ctv3,gp_clinical,read_3,exact,true,22K9G,Child body mass index on 98th centile,Child body mass index on 98th centile,extended_review,numeric_candidate,kg/m2,read_ctv3_lkp,P,candidate_requires_clinical_review
anthropometry.body_mass_index.ctv3,anthropometry,body_mass_index,ctv3,gp_clinical,read_3,exact,true,22K9H,Child body mass index 98.1st-99.6th centile,Child body mass index 98.1st-99.6th centile,extended_review,numeric_candidate,kg/m2,read_ctv3_lkp,P,candidate_requires_clinical_review
anthropometry.body_mass_index.ctv3,anthropometry,body_mass_index,ctv3,gp_clinical,read_3,exact,true,22K9J,Child body mass index greater than 99.6th centile,Child body mass index greater than 99.6th centile,extended_review,numeric_candidate,kg/m2,read_ctv3_lkp,P,candidate_requires_clinical_review
anthropometry.body_mass_index.ctv3,anthropometry,body_mass_index,ctv3,gp_clinical,read_3,exact,true,22K9K,Down's syndrome body mass index centile,Down's syndrome body mass index centile,extended_review,numeric_candidate,kg/m2,read_ctv3_lkp,P,candidate_requires_clinical_review
anthropometry.body_mass_index.ctv3,anthropometry,body_mass_index,ctv3,gp_clinical,read_3,exact,true,22KB.,Baseline body mass index,Baseline body mass index,extended_review,numeric_candidate,kg/m2,read_ctv3_lkp,P,candidate_requires_clinical_review
anthropometry.body_mass_index.ctv3,anthropometry,body_mass_index,ctv3,gp_clinical,read_3,exact,true,22KC.,Obese class I (body mass index 30.0 - 34.9),Obese class I (body mass index 30.0 - 34.9),extended_review,numeric_candidate,kg/m2,read_ctv3_lkp,P,candidate_requires_clinical_review
anthropometry.body_mass_index.ctv3,anthropometry,body_mass_index,ctv3,gp_clinical,read_3,exact,true,22KD.,Obese class II (body mass index 35.0 - 39.9),Obese class II (body mass index 35.0 - 39.9),extended_review,numeric_candidate,kg/m2,read_ctv3_lkp,P,candidate_requires_clinical_review
anthropometry.body_mass_index.ctv3,anthropometry,body_mass_index,ctv3,gp_clinical,read_3,exact,true,22KE.,Obese class III (body mass index equal to or greater than 40.0),Obese class III (body mass index equal to or greater than 40.0),extended_review,numeric_candidate,kg/m2,read_ctv3_lkp,P,candidate_requires_clinical_review
anthropometry.body_mass_index.ctv3,anthropometry,body_mass_index,ctv3,gp_clinical,read_3,exact,true,38DB1,World Health Organisation FRAX 10 year hip fracture probability score with body mass index,World Health Organisation FRAX 10 year hip fracture probability score with body mass index,extended_review,numeric_candidate,kg/m2,read_ctv3_lkp,P,candidate_requires_clinical_review
anthropometry.body_mass_index.ctv3,anthropometry,body_mass_index,ctv3,gp_clinical,read_3,exact,true,38DC1,World Health Organisation FRAX 10 year osteoporotic fracture probability score with body mass index,World Health Organisation FRAX 10 year osteoporotic fracture probability score with body mass index,extended_review,numeric_candidate,kg/m2,read_ctv3_lkp,P,candidate_requires_clinical_review
anthropometry.body_mass_index.ctv3,anthropometry,body_mass_index,ctv3,gp_clinical,read_3,exact,true,X76CO,Quetelet index,Quetelet index,extended_review,numeric_candidate,kg/m2,read_ctv3_lkp,P,candidate_requires_clinical_review
anthropometry.body_mass_index.ctv3,anthropometry,body_mass_index,ctv3,gp_clinical,read_3,exact,true,Xa7wG,Observation of body mass index,Observation of body mass index,extended_review,numeric_candidate,kg/m2,read_ctv3_lkp,P,candidate_requires_clinical_review
anthropometry.body_mass_index.ctv3,anthropometry,body_mass_index,ctv3,gp_clinical,read_3,exact,true,XaCDR,Body mass index less than 20,Body mass index less than 20,extended_review,numeric_candidate,kg/m2,read_ctv3_lkp,P,candidate_requires_clinical_review
anthropometry.body_mass_index.ctv3,anthropometry,body_mass_index,ctv3,gp_clinical,read_3,exact,true,XaJJH,Body mass index 40+ - severely obese,Body mass index 40+ - severely obese,extended_review,numeric_candidate,kg/m2,read_ctv3_lkp,P,candidate_requires_clinical_review
anthropometry.body_mass_index.ctv3,anthropometry,body_mass_index,ctv3,gp_clinical,read_3,exact,true,XaJqk,Body mass index 20-24 - normal,Body mass index 20-24 - normal,extended_review,numeric_candidate,kg/m2,read_ctv3_lkp,P,candidate_requires_clinical_review
anthropometry.body_mass_index.ctv3,anthropometry,body_mass_index,ctv3,gp_clinical,read_3,exact,true,XaVwA,Body mass index centile,Body mass index centile,extended_review,numeric_candidate,kg/m2,read_ctv3_lkp,P,candidate_requires_clinical_review
anthropometry.body_mass_index.ctv3,anthropometry,body_mass_index,ctv3,gp_clinical,read_3,exact,true,XaYfo,World Health Organisation FRAX 10 year hip fracture probability score with body mass index,World Health Organisation FRAX 10 year hip fracture probability score with body mass index,extended_review,numeric_candidate,kg/m2,read_ctv3_lkp,P,candidate_requires_clinical_review
anthropometry.body_mass_index.ctv3,anthropometry,body_mass_index,ctv3,gp_clinical,read_3,exact,true,XaYfp,World Health Organisation FRAX 10 year osteoporotic fracture probability score with body mass index,World Health Organisation FRAX 10 year osteoporotic fracture probability score with body mass index,extended_review,numeric_candidate,kg/m2,read_ctv3_lkp,P,candidate_requires_clinical_review
anthropometry.body_mass_index.ctv3,anthropometry,body_mass_index,ctv3,gp_clinical,read_3,exact,true,XaZck,Baseline body mass index centile,Baseline body mass index centile,extended_review,numeric_candidate,kg/m2,read_ctv3_lkp,P,candidate_requires_clinical_review
anthropometry.body_mass_index.ctv3,anthropometry,body_mass_index,ctv3,gp_clinical,read_3,exact,true,XaZcl,Baseline body mass index,Baseline body mass index,extended_review,numeric_candidate,kg/m2,read_ctv3_lkp,P,candidate_requires_clinical_review
anthropometry.body_mass_index.ctv3,anthropometry,body_mass_index,ctv3,gp_clinical,read_3,exact,true,Xaatm,Child body mass index centile,Child body mass index centile | Child BMI (body mass index) centile,extended_review,numeric_candidate,kg/m2,read_ctv3_lkp,P,candidate_requires_clinical_review
anthropometry.body_mass_index.ctv3,anthropometry,body_mass_index,ctv3,gp_clinical,read_3,exact,true,XabHx,Obese class I (body mass index 30.0 - 34.9),Obese class I (body mass index 30.0 - 34.9),extended_review,numeric_candidate,kg/m2,read_ctv3_lkp,P,candidate_requires_clinical_review
anthropometry.body_mass_index.ctv3,anthropometry,body_mass_index,ctv3,gp_clinical,read_3,exact,true,XabHy,Obese class II (body mass index 35.0 - 39.9),Obese class II (body mass index 35.0 - 39.9),extended_review,numeric_candidate,kg/m2,read_ctv3_lkp,P,candidate_requires_clinical_review
anthropometry.body_mass_index.ctv3,anthropometry,body_mass_index,ctv3,gp_clinical,read_3,exact,true,XabHz,Obese class III (body mass index equal to or greater than 40.0),Obese class III (body mass index equal to or greater than 40.0),extended_review,numeric_candidate,kg/m2,read_ctv3_lkp,P,candidate_requires_clinical_review
anthropometry.body_mass_index.ctv3,anthropometry,body_mass_index,ctv3,gp_clinical,read_3,exact,true,XabSe,Child body mass index less than 0.4th centile,Child body mass index less than 0.4th centile,extended_review,numeric_candidate,kg/m2,read_ctv3_lkp,P,candidate_requires_clinical_review
anthropometry.body_mass_index.ctv3,anthropometry,body_mass_index,ctv3,gp_clinical,read_3,exact,true,XabSf,Child body mass index 0.4th-1.9th centile,Child body mass index 0.4th-1.9th centile,extended_review,numeric_candidate,kg/m2,read_ctv3_lkp,P,candidate_requires_clinical_review
anthropometry.body_mass_index.ctv3,anthropometry,body_mass_index,ctv3,gp_clinical,read_3,exact,true,XabSg,Child body mass index on 2nd centile,Child body mass index on 2nd centile,extended_review,numeric_candidate,kg/m2,read_ctv3_lkp,P,candidate_requires_clinical_review
anthropometry.body_mass_index.ctv3,anthropometry,body_mass_index,ctv3,gp_clinical,read_3,exact,true,XabSh,Child body mass index 3rd-8th centile,Child body mass index 3rd-8th centile,extended_review,numeric_candidate,kg/m2,read_ctv3_lkp,P,candidate_requires_clinical_review
anthropometry.body_mass_index.ctv3,anthropometry,body_mass_index,ctv3,gp_clinical,read_3,exact,true,XabSj,Child body mass index on 9th centile,Child body mass index on 9th centile,extended_review,numeric_candidate,kg/m2,read_ctv3_lkp,P,candidate_requires_clinical_review
anthropometry.body_mass_index.ctv3,anthropometry,body_mass_index,ctv3,gp_clinical,read_3,exact,true,XabSk,Child body mass index 10th-24th centile,Child body mass index 10th-24th centile,extended_review,numeric_candidate,kg/m2,read_ctv3_lkp,P,candidate_requires_clinical_review
anthropometry.body_mass_index.ctv3,anthropometry,body_mass_index,ctv3,gp_clinical,read_3,exact,true,XabSl,Child body mass index on 25th centile,Child body mass index on 25th centile,extended_review,numeric_candidate,kg/m2,read_ctv3_lkp,P,candidate_requires_clinical_review
anthropometry.body_mass_index.ctv3,anthropometry,body_mass_index,ctv3,gp_clinical,read_3,exact,true,XabSm,Child body mass index 26th-49th centile,Child body mass index 26th-49th centile,extended_review,numeric_candidate,kg/m2,read_ctv3_lkp,P,candidate_requires_clinical_review
anthropometry.body_mass_index.ctv3,anthropometry,body_mass_index,ctv3,gp_clinical,read_3,exact,true,XabSn,Child body mass index on 50th centile,Child body mass index on 50th centile,extended_review,numeric_candidate,kg/m2,read_ctv3_lkp,P,candidate_requires_clinical_review
anthropometry.body_mass_index.ctv3,anthropometry,body_mass_index,ctv3,gp_clinical,read_3,exact,true,XabTZ,Child body mass index 51st-74th centile,Child body mass index 51st-74th centile,extended_review,numeric_candidate,kg/m2,read_ctv3_lkp,P,candidate_requires_clinical_review
anthropometry.body_mass_index.ctv3,anthropometry,body_mass_index,ctv3,gp_clinical,read_3,exact,true,XabTe,Child body mass index on 75th centile,Child body mass index on 75th centile,extended_review,numeric_candidate,kg/m2,read_ctv3_lkp,P,candidate_requires_clinical_review
anthropometry.body_mass_index.ctv3,anthropometry,body_mass_index,ctv3,gp_clinical,read_3,exact,true,XabTf,Child body mass index 76th-90th centile,Child body mass index 76th-90th centile,extended_review,numeric_candidate,kg/m2,read_ctv3_lkp,P,candidate_requires_clinical_review
anthropometry.body_mass_index.ctv3,anthropometry,body_mass_index,ctv3,gp_clinical,read_3,exact,true,XabTg,Child body mass index on 91st centile,Child body mass index on 91st centile,extended_review,numeric_candidate,kg/m2,read_ctv3_lkp,P,candidate_requires_clinical_review
anthropometry.body_mass_index.ctv3,anthropometry,body_mass_index,ctv3,gp_clinical,read_3,exact,true,XabTh,Child body mass index 92nd-97th centile,Child body mass index 92nd-97th centile,extended_review,numeric_candidate,kg/m2,read_ctv3_lkp,P,candidate_requires_clinical_review
anthropometry.body_mass_index.ctv3,anthropometry,body_mass_index,ctv3,gp_clinical,read_3,exact,true,XabTi,Child body mass index on 98th centile,Child body mass index on 98th centile,extended_review,numeric_candidate,kg/m2,read_ctv3_lkp,P,candidate_requires_clinical_review
anthropometry.body_mass_index.ctv3,anthropometry,body_mass_index,ctv3,gp_clinical,read_3,exact,true,XabTj,Child body mass index 98.1st-99.6th centile,Child body mass index 98.1st-99.6th centile,extended_review,numeric_candidate,kg/m2,read_ctv3_lkp,P,candidate_requires_clinical_review
anthropometry.body_mass_index.ctv3,anthropometry,body_mass_index,ctv3,gp_clinical,read_3,exact,true,XabTk,Child body mass index greater than 99.6th centile,Child body mass index greater than 99.6th centile,extended_review,numeric_candidate,kg/m2,read_ctv3_lkp,P,candidate_requires_clinical_review
anthropometry.body_mass_index.ctv3,anthropometry,body_mass_index,ctv3,gp_clinical,read_3,exact,true,Xabdn,Down's syndrome body mass index centile,Down's syndrome body mass index centile,extended_review,numeric_candidate,kg/m2,read_ctv3_lkp,P,candidate_requires_clinical_review
anthropometry.body_mass_index.read_v2,anthropometry,body_mass_index,read_v2,gp_clinical,read_2,exact,true,22K..,Body Mass Index,Body Mass Index,core,numeric_candidate,kg/m2,read_v2_lkp,00,candidate_requires_clinical_review
anthropometry.body_mass_index.read_v2,anthropometry,body_mass_index,read_v2,gp_clinical,read_2,exact,true,22K1.,Body Mass Index normal K/M2,Body Mass Index normal K/M2,extended_review,numeric_candidate,kg/m2,read_v2_lkp,00,candidate_requires_clinical_review
anthropometry.body_mass_index.read_v2,anthropometry,body_mass_index,read_v2,gp_clinical,read_2,exact,true,22K2.,Body Mass Index high K/M2,Body Mass Index high K/M2,extended_review,numeric_candidate,kg/m2,read_v2_lkp,00,candidate_requires_clinical_review
anthropometry.body_mass_index.read_v2,anthropometry,body_mass_index,read_v2,gp_clinical,read_2,exact,true,22K3.,Body Mass Index low K/M2,Body Mass Index low K/M2,extended_review,numeric_candidate,kg/m2,read_v2_lkp,00,candidate_requires_clinical_review
anthropometry.body_mass_index.read_v2,anthropometry,body_mass_index,read_v2,gp_clinical,read_2,exact,true,22K4.,Body mass index index 25-29 - overweight,Body mass index index 25-29 - overweight,extended_review,numeric_candidate,kg/m2,read_v2_lkp,00,candidate_requires_clinical_review
anthropometry.body_mass_index.read_v2,anthropometry,body_mass_index,read_v2,gp_clinical,read_2,exact,true,22K5.,Body mass index 30+ - obesity,Body mass index 30+ - obesity,extended_review,numeric_candidate,kg/m2,read_v2_lkp,00,candidate_requires_clinical_review
anthropometry.body_mass_index.read_v2,anthropometry,body_mass_index,read_v2,gp_clinical,read_2,exact,true,22K6.,Body mass index less than 20,Body mass index less than 20,extended_review,numeric_candidate,kg/m2,read_v2_lkp,00,candidate_requires_clinical_review
anthropometry.body_mass_index.read_v2,anthropometry,body_mass_index,read_v2,gp_clinical,read_2,exact,true,22K7.,Body mass index 40+ - severely obese,Body mass index 40+ - severely obese,extended_review,numeric_candidate,kg/m2,read_v2_lkp,00,candidate_requires_clinical_review
anthropometry.body_mass_index.read_v2,anthropometry,body_mass_index,read_v2,gp_clinical,read_2,exact,true,22K8.,Body mass index 20-24 - normal,Body mass index 20-24 - normal,extended_review,numeric_candidate,kg/m2,read_v2_lkp,00,candidate_requires_clinical_review
anthropometry.body_mass_index.read_v2,anthropometry,body_mass_index,read_v2,gp_clinical,read_2,exact,true,22K9.,Body mass index centile,Body mass index centile,extended_review,numeric_candidate,kg/m2,read_v2_lkp,00,candidate_requires_clinical_review
anthropometry.body_mass_index.read_v2,anthropometry,body_mass_index,read_v2,gp_clinical,read_2,exact,true,22K90,Baseline body mass index centile,Baseline body mass index centile,extended_review,numeric_candidate,kg/m2,read_v2_lkp,00,candidate_requires_clinical_review
anthropometry.body_mass_index.read_v2,anthropometry,body_mass_index,read_v2,gp_clinical,read_2,exact,true,22K91,Child body mass index centile,Child body mass index centile,extended_review,numeric_candidate,kg/m2,read_v2_lkp,00,candidate_requires_clinical_review
anthropometry.body_mass_index.read_v2,anthropometry,body_mass_index,read_v2,gp_clinical,read_2,exact,true,22K92,Child body mass index less than 0.4th centile,Child body mass index less than 0.4th centile,extended_review,numeric_candidate,kg/m2,read_v2_lkp,00,candidate_requires_clinical_review
anthropometry.body_mass_index.read_v2,anthropometry,body_mass_index,read_v2,gp_clinical,read_2,exact,true,22K93,Child body mass index 0.4th-1.9th centile,Child body mass index 0.4th-1.9th centile,extended_review,numeric_candidate,kg/m2,read_v2_lkp,00,candidate_requires_clinical_review
anthropometry.body_mass_index.read_v2,anthropometry,body_mass_index,read_v2,gp_clinical,read_2,exact,true,22K94,Child body mass index on 2nd centile,Child body mass index on 2nd centile,extended_review,numeric_candidate,kg/m2,read_v2_lkp,00,candidate_requires_clinical_review
anthropometry.body_mass_index.read_v2,anthropometry,body_mass_index,read_v2,gp_clinical,read_2,exact,true,22K95,Child body mass index 3rd-8th centile,Child body mass index 3rd-8th centile,extended_review,numeric_candidate,kg/m2,read_v2_lkp,00,candidate_requires_clinical_review
anthropometry.body_mass_index.read_v2,anthropometry,body_mass_index,read_v2,gp_clinical,read_2,exact,true,22K96,Child body mass index on 9th centile,Child body mass index on 9th centile,extended_review,numeric_candidate,kg/m2,read_v2_lkp,00,candidate_requires_clinical_review
anthropometry.body_mass_index.read_v2,anthropometry,body_mass_index,read_v2,gp_clinical,read_2,exact,true,22K97,Child body mass index 10th-24th centile,Child body mass index 10th-24th centile,extended_review,numeric_candidate,kg/m2,read_v2_lkp,00,candidate_requires_clinical_review
anthropometry.body_mass_index.read_v2,anthropometry,body_mass_index,read_v2,gp_clinical,read_2,exact,true,22K98,Child body mass index on 25th centile,Child body mass index on 25th centile,extended_review,numeric_candidate,kg/m2,read_v2_lkp,00,candidate_requires_clinical_review
anthropometry.body_mass_index.read_v2,anthropometry,body_mass_index,read_v2,gp_clinical,read_2,exact,true,22K99,Child body mass index 26th-49th centile,Child body mass index 26th-49th centile,extended_review,numeric_candidate,kg/m2,read_v2_lkp,00,candidate_requires_clinical_review
anthropometry.body_mass_index.read_v2,anthropometry,body_mass_index,read_v2,gp_clinical,read_2,exact,true,22K9A,Child body mass index on 50th centile,Child body mass index on 50th centile,extended_review,numeric_candidate,kg/m2,read_v2_lkp,00,candidate_requires_clinical_review
anthropometry.body_mass_index.read_v2,anthropometry,body_mass_index,read_v2,gp_clinical,read_2,exact,true,22K9B,Child body mass index 51st-74th centile,Child body mass index 51st-74th centile,extended_review,numeric_candidate,kg/m2,read_v2_lkp,00,candidate_requires_clinical_review
anthropometry.body_mass_index.read_v2,anthropometry,body_mass_index,read_v2,gp_clinical,read_2,exact,true,22K9C,Child body mass index on 75th centile,Child body mass index on 75th centile,extended_review,numeric_candidate,kg/m2,read_v2_lkp,00,candidate_requires_clinical_review
anthropometry.body_mass_index.read_v2,anthropometry,body_mass_index,read_v2,gp_clinical,read_2,exact,true,22K9D,Child body mass index 76th-90th centile,Child body mass index 76th-90th centile,extended_review,numeric_candidate,kg/m2,read_v2_lkp,00,candidate_requires_clinical_review
anthropometry.body_mass_index.read_v2,anthropometry,body_mass_index,read_v2,gp_clinical,read_2,exact,true,22K9E,Child body mass index on 91st centile,Child body mass index on 91st centile,extended_review,numeric_candidate,kg/m2,read_v2_lkp,00,candidate_requires_clinical_review
anthropometry.body_mass_index.read_v2,anthropometry,body_mass_index,read_v2,gp_clinical,read_2,exact,true,22K9F,Child body mass index 92nd-97th centile,Child body mass index 92nd-97th centile,extended_review,numeric_candidate,kg/m2,read_v2_lkp,00,candidate_requires_clinical_review
anthropometry.body_mass_index.read_v2,anthropometry,body_mass_index,read_v2,gp_clinical,read_2,exact,true,22K9G,Child body mass index on 98th centile,Child body mass index on 98th centile,extended_review,numeric_candidate,kg/m2,read_v2_lkp,00,candidate_requires_clinical_review
anthropometry.body_mass_index.read_v2,anthropometry,body_mass_index,read_v2,gp_clinical,read_2,exact,true,22K9H,Child body mass index 98.1st-99.6th centile,Child body mass index 98.1st-99.6th centile,extended_review,numeric_candidate,kg/m2,read_v2_lkp,00,candidate_requires_clinical_review
anthropometry.body_mass_index.read_v2,anthropometry,body_mass_index,read_v2,gp_clinical,read_2,exact,true,22K9J,Child body mass index greater than 99.6th centile,Child body mass index greater than 99.6th centile,extended_review,numeric_candidate,kg/m2,read_v2_lkp,00,candidate_requires_clinical_review
anthropometry.body_mass_index.read_v2,anthropometry,body_mass_index,read_v2,gp_clinical,read_2,exact,true,22K9K,Down's syndrome body mass index centile,Down's syndrome body mass index centile,extended_review,numeric_candidate,kg/m2,read_v2_lkp,00,candidate_requires_clinical_review
anthropometry.body_mass_index.read_v2,anthropometry,body_mass_index,read_v2,gp_clinical,read_2,exact,true,22KB.,Baseline body mass index,Baseline body mass index,extended_review,numeric_candidate,kg/m2,read_v2_lkp,00,candidate_requires_clinical_review
anthropometry.body_mass_index.read_v2,anthropometry,body_mass_index,read_v2,gp_clinical,read_2,exact,true,22KC.,Obese class I (body mass index 30.0 - 34.9),Obese class I (body mass index 30.0 - 34.9),extended_review,numeric_candidate,kg/m2,read_v2_lkp,00,candidate_requires_clinical_review
anthropometry.body_mass_index.read_v2,anthropometry,body_mass_index,read_v2,gp_clinical,read_2,exact,true,22KD.,Obese class II (body mass index 35.0 - 39.9),Obese class II (body mass index 35.0 - 39.9),extended_review,numeric_candidate,kg/m2,read_v2_lkp,00,candidate_requires_clinical_review
anthropometry.body_mass_index.read_v2,anthropometry,body_mass_index,read_v2,gp_clinical,read_2,exact,true,22KE.,Obese class III (body mass index equal to or greater than 40.0),Obese class III (body mass index equal to or greater than 40.0),extended_review,numeric_candidate,kg/m2,read_v2_lkp,00,candidate_requires_clinical_review
anthropometry.body_mass_index.read_v2,anthropometry,body_mass_index,read_v2,gp_clinical,read_2,exact,true,38DB1,World Health Organisation FRAX 10 year hip fracture probability score with body mass index,World Health Organisation FRAX 10 year hip fracture probability score with body mass index,extended_review,numeric_candidate,kg/m2,read_v2_lkp,00,candidate_requires_clinical_review
anthropometry.body_mass_index.read_v2,anthropometry,body_mass_index,read_v2,gp_clinical,read_2,exact,true,38DC1,World Health Organisation FRAX 10 year osteoporotic fracture probability score with body mass index,World Health Organisation FRAX 10 year osteoporotic fracture probability score with body mass index,extended_review,numeric_candidate,kg/m2,read_v2_lkp,00,candidate_requires_clinical_review
anthropometry.body_weight.ctv3,anthropometry,body_weight,ctv3,gp_clinical,read_3,exact,true,.22A.,O/E - weight,O/E - weight,core,numeric_candidate,kg; verify source unit,read_ctv3_lkp,P,candidate_requires_clinical_review
anthropometry.body_weight.ctv3,anthropometry,body_weight,ctv3,gp_clinical,read_3,exact,true,22A..,O/E - weight,O/E - weight,core,numeric_candidate,kg; verify source unit,read_ctv3_lkp,P,candidate_requires_clinical_review
anthropometry.body_weight.ctv3,anthropometry,body_weight,ctv3,gp_clinical,read_3,exact,true,X76C7,Body weight,Body weight - observation | Body weight,core,numeric_candidate,kg; verify source unit,read_ctv3_lkp,P,candidate_requires_clinical_review
anthropometry.body_weight.ctv3,anthropometry,body_weight,ctv3,gp_clinical,read_3,exact,true,.22AZ,O/E - weight NOS,O/E - weight NOS,extended_review,numeric_candidate,kg; verify source unit,read_ctv3_lkp,P,candidate_requires_clinical_review
anthropometry.body_weight.ctv3,anthropometry,body_weight,ctv3,gp_clinical,read_3,exact,true,.29N.,O/E - weight-bearing,O/E - weight-bearing,extended_review,numeric_candidate,kg; verify source unit,read_ctv3_lkp,P,candidate_requires_clinical_review
anthropometry.body_weight.ctv3,anthropometry,body_weight,ctv3,gp_clinical,read_3,exact,true,.8IAH,Body weight measurement declined,Body weight measurement declined,extended_review,numeric_candidate,kg; verify source unit,read_ctv3_lkp,P,candidate_requires_clinical_review
anthropometry.body_weight.ctv3,anthropometry,body_weight,ctv3,gp_clinical,read_3,exact,true,22AZ.,O/E - weight NOS,O/E - weight NOS,extended_review,numeric_candidate,kg; verify source unit,read_ctv3_lkp,P,candidate_requires_clinical_review
anthropometry.body_weight.ctv3,anthropometry,body_weight,ctv3,gp_clinical,read_3,exact,true,29N..,O/E - weight-bearing,O/E - weight-bearing,extended_review,numeric_candidate,kg; verify source unit,read_ctv3_lkp,P,candidate_requires_clinical_review
anthropometry.body_weight.ctv3,anthropometry,body_weight,ctv3,gp_clinical,read_3,exact,true,8IAH.,Body weight measurement declined,Body weight measurement declined,extended_review,numeric_candidate,kg; verify source unit,read_ctv3_lkp,P,candidate_requires_clinical_review
anthropometry.body_weight.ctv3,anthropometry,body_weight,ctv3,gp_clinical,read_3,exact,true,9NSa.,Unsuitable for body weight measurement,Unsuitable for body weight measurement,extended_review,numeric_candidate,kg; verify source unit,read_ctv3_lkp,P,candidate_requires_clinical_review
anthropometry.body_weight.ctv3,anthropometry,body_weight,ctv3,gp_clinical,read_3,exact,true,Ub15J,mEq/kg body weight,mEq/kg body weight | milliequivalents/kg body weight,extended_review,numeric_candidate,kg; verify source unit,read_ctv3_lkp,P,candidate_requires_clinical_review
anthropometry.body_weight.ctv3,anthropometry,body_weight,ctv3,gp_clinical,read_3,exact,true,Ub15K,mg alpha-tocopherol equivalents/kg body weight,mg alpha-tocopherol equivalents/kg body weight,extended_review,numeric_candidate,kg; verify source unit,read_ctv3_lkp,P,candidate_requires_clinical_review
anthropometry.body_weight.ctv3,anthropometry,body_weight,ctv3,gp_clinical,read_3,exact,true,Ub15O,nicotinic acid equivalents/kg body weight,nicotinic acid equivalents/kg body weight,extended_review,numeric_candidate,kg; verify source unit,read_ctv3_lkp,P,candidate_requires_clinical_review
anthropometry.body_weight.ctv3,anthropometry,body_weight,ctv3,gp_clinical,read_3,exact,true,Ub15R,ug retinol equivalents/kg body weight,ug retinol equivalents/kg body weight,extended_review,numeric_candidate,kg; verify source unit,read_ctv3_lkp,P,candidate_requires_clinical_review
anthropometry.body_weight.ctv3,anthropometry,body_weight,ctv3,gp_clinical,read_3,exact,true,Ub15X,2g protein exchanges/kg body weight,2g protein exchanges/kg body weight,extended_review,numeric_candidate,kg; verify source unit,read_ctv3_lkp,P,candidate_requires_clinical_review
anthropometry.body_weight.ctv3,anthropometry,body_weight,ctv3,gp_clinical,read_3,exact,true,Ub15Y,6g protein exchanges/kg body weight,6g protein exchanges/kg body weight,extended_review,numeric_candidate,kg; verify source unit,read_ctv3_lkp,P,candidate_requires_clinical_review
anthropometry.body_weight.ctv3,anthropometry,body_weight,ctv3,gp_clinical,read_3,exact,true,Ub15Z,7g protein exchanges/kg body weight,7g protein exchanges/kg body weight,extended_review,numeric_candidate,kg; verify source unit,read_ctv3_lkp,P,candidate_requires_clinical_review
anthropometry.body_weight.ctv3,anthropometry,body_weight,ctv3,gp_clinical,read_3,exact,true,Ub15g,10g carbohydrate exchanges/kg body weight,10g carbohydrate exchanges/kg body weight,extended_review,numeric_candidate,kg; verify source unit,read_ctv3_lkp,P,candidate_requires_clinical_review
anthropometry.body_weight.ctv3,anthropometry,body_weight,ctv3,gp_clinical,read_3,exact,true,Ub15k,4 millimole potassium exchanges/kg body weight,4 millimole potassium exchanges/kg body weight,extended_review,numeric_candidate,kg; verify source unit,read_ctv3_lkp,P,candidate_requires_clinical_review
anthropometry.body_weight.ctv3,anthropometry,body_weight,ctv3,gp_clinical,read_3,exact,true,Ub15z,kcal/kg body weight,kcal/kg body weight | kilocalorie/kilogram body weight,extended_review,numeric_candidate,kg; verify source unit,read_ctv3_lkp,P,candidate_requires_clinical_review
anthropometry.body_weight.ctv3,anthropometry,body_weight,ctv3,gp_clinical,read_3,exact,true,Ub160,MJ/kg body weight,MJ/kg body weight | megajoule/kilogram body weight,extended_review,numeric_candidate,kg; verify source unit,read_ctv3_lkp,P,candidate_requires_clinical_review
anthropometry.body_weight.ctv3,anthropometry,body_weight,ctv3,gp_clinical,read_3,exact,true,Ub161,J/kg body weight,J/kg body weight | joule/kilogram body weight,extended_review,numeric_candidate,kg; verify source unit,read_ctv3_lkp,P,candidate_requires_clinical_review
anthropometry.body_weight.ctv3,anthropometry,body_weight,ctv3,gp_clinical,read_3,exact,true,Ub16K,g/kg body weight,g/kg body weight | gram/kilogram body weight,extended_review,numeric_candidate,kg; verify source unit,read_ctv3_lkp,P,candidate_requires_clinical_review
anthropometry.body_weight.ctv3,anthropometry,body_weight,ctv3,gp_clinical,read_3,exact,true,Ub16L,mg/kg body weight,mg/kg body weight | milligram/kg body weight,extended_review,numeric_candidate,kg; verify source unit,read_ctv3_lkp,P,candidate_requires_clinical_review
anthropometry.body_weight.ctv3,anthropometry,body_weight,ctv3,gp_clinical,read_3,exact,true,Ub16M,ug/kg body weight,ug/kg body weight | microgram/kg body weight,extended_review,numeric_candidate,kg; verify source unit,read_ctv3_lkp,P,candidate_requires_clinical_review
anthropometry.body_weight.ctv3,anthropometry,body_weight,ctv3,gp_clinical,read_3,exact,true,Ub16b,L/kg body weight,L/kg body weight | litres per kg body weight,extended_review,numeric_candidate,kg; verify source unit,read_ctv3_lkp,P,candidate_requires_clinical_review
anthropometry.body_weight.ctv3,anthropometry,body_weight,ctv3,gp_clinical,read_3,exact,true,Ub16c,mL/kg body weight,mL/kg body weight | millilitre/kilogram body weight,extended_review,numeric_candidate,kg; verify source unit,read_ctv3_lkp,P,candidate_requires_clinical_review
anthropometry.body_weight.ctv3,anthropometry,body_weight,ctv3,gp_clinical,read_3,exact,true,Ub17I,mmol/kg body weight,mmol/kg body weight | millimole/kilogram body weight,extended_review,numeric_candidate,kg; verify source unit,read_ctv3_lkp,P,candidate_requires_clinical_review
anthropometry.body_weight.ctv3,anthropometry,body_weight,ctv3,gp_clinical,read_3,exact,true,Ub17J,umol/kg body weight,umol/kg body weight | micromole/kilogram body weight,extended_review,numeric_candidate,kg; verify source unit,read_ctv3_lkp,P,candidate_requires_clinical_review
anthropometry.body_weight.ctv3,anthropometry,body_weight,ctv3,gp_clinical,read_3,exact,true,Ub1mO,IU/kg body weight,IU/kg body weight | international unit/kilogram body weight,extended_review,numeric_candidate,kg; verify source unit,read_ctv3_lkp,P,candidate_requires_clinical_review
anthropometry.body_weight.ctv3,anthropometry,body_weight,ctv3,gp_clinical,read_3,exact,true,X75zN,Overestimates own body weight,Overestimates own body weight,extended_review,numeric_candidate,kg; verify source unit,read_ctv3_lkp,P,candidate_requires_clinical_review
anthropometry.body_weight.ctv3,anthropometry,body_weight,ctv3,gp_clinical,read_3,exact,true,X75zO,Underestimates own body weight,Underestimates own body weight,extended_review,numeric_candidate,kg; verify source unit,read_ctv3_lkp,P,candidate_requires_clinical_review
anthropometry.body_weight.ctv3,anthropometry,body_weight,ctv3,gp_clinical,read_3,exact,true,X76CG,Usual body weight,Usual body weight | UBW - Usual body weight,extended_review,numeric_candidate,kg; verify source unit,read_ctv3_lkp,P,candidate_requires_clinical_review
anthropometry.body_weight.ctv3,anthropometry,body_weight,ctv3,gp_clinical,read_3,exact,true,Xa03z,Preoccupation with body weight,Preoccupation with body weight,extended_review,numeric_candidate,kg; verify source unit,read_ctv3_lkp,P,candidate_requires_clinical_review
anthropometry.body_weight.ctv3,anthropometry,body_weight,ctv3,gp_clinical,read_3,exact,true,Xa2C4,Energy per unit body weight,Energy per unit body weight,extended_review,numeric_candidate,kg; verify source unit,read_ctv3_lkp,P,candidate_requires_clinical_review
anthropometry.body_weight.ctv3,anthropometry,body_weight,ctv3,gp_clinical,read_3,exact,true,Xa2Dp,SI unit of volume per unit body weight,SI unit of volume per unit body weight,extended_review,numeric_candidate,kg; verify source unit,read_ctv3_lkp,P,candidate_requires_clinical_review
anthropometry.body_weight.ctv3,anthropometry,body_weight,ctv3,gp_clinical,read_3,exact,true,Xa2EA,SI unit of mass per unit body weight,SI unit of mass per unit body weight,extended_review,numeric_candidate,kg; verify source unit,read_ctv3_lkp,P,candidate_requires_clinical_review
anthropometry.body_weight.ctv3,anthropometry,body_weight,ctv3,gp_clinical,read_3,exact,true,Xa2EB,Molar quantity per unit body weight,Molar quantity per unit body weight,extended_review,numeric_candidate,kg; verify source unit,read_ctv3_lkp,P,candidate_requires_clinical_review
anthropometry.body_weight.ctv3,anthropometry,body_weight,ctv3,gp_clinical,read_3,exact,true,Xa7wI,Observation of measures of body weight,Observation of measures of body weight,extended_review,numeric_candidate,kg; verify source unit,read_ctv3_lkp,P,candidate_requires_clinical_review
anthropometry.body_weight.ctv3,anthropometry,body_weight,ctv3,gp_clinical,read_3,exact,true,Xa7wK,Body weight normal,Body weight normal,extended_review,numeric_candidate,kg; verify source unit,read_ctv3_lkp,P,candidate_requires_clinical_review
anthropometry.body_weight.ctv3,anthropometry,body_weight,ctv3,gp_clinical,read_3,exact,true,Xa7wL,Body weight problem,Body weight problem,extended_review,numeric_candidate,kg; verify source unit,read_ctv3_lkp,P,candidate_requires_clinical_review
anthropometry.body_weight.ctv3,anthropometry,body_weight,ctv3,gp_clinical,read_3,exact,true,XaIwq,O/E - weight-bearing,O/E - weight-bearing,extended_review,numeric_candidate,kg; verify source unit,read_ctv3_lkp,P,candidate_requires_clinical_review
anthropometry.body_weight.ctv3,anthropometry,body_weight,ctv3,gp_clinical,read_3,exact,true,XaQ7T,Body weight measurement declined,Body weight measurement declined,extended_review,numeric_candidate,kg; verify source unit,read_ctv3_lkp,P,candidate_requires_clinical_review
anthropometry.body_weight.ctv3,anthropometry,body_weight,ctv3,gp_clinical,read_3,exact,true,XaesG,Unsuitable for body weight measurement,Unsuitable for body weight measurement,extended_review,numeric_candidate,kg; verify source unit,read_ctv3_lkp,P,candidate_requires_clinical_review
anthropometry.body_weight.read_v2,anthropometry,body_weight,read_v2,gp_clinical,read_2,exact,true,22A..,O/E - weight,O/E - weight,core,numeric_candidate,kg; verify source unit,read_v2_lkp,00,candidate_requires_clinical_review
anthropometry.body_weight.read_v2,anthropometry,body_weight,read_v2,gp_clinical,read_2,exact,true,22AZ.,O/E - weight NOS,O/E - weight NOS,extended_review,numeric_candidate,kg; verify source unit,read_v2_lkp,00,candidate_requires_clinical_review
anthropometry.body_weight.read_v2,anthropometry,body_weight,read_v2,gp_clinical,read_2,exact,true,29N..,O/E - weight-bearing,O/E - weight-bearing,extended_review,numeric_candidate,kg; verify source unit,read_v2_lkp,00,candidate_requires_clinical_review
anthropometry.body_weight.read_v2,anthropometry,body_weight,read_v2,gp_clinical,read_2,exact,true,8IAH.,Body weight measurement declined,Body weight measurement declined,extended_review,numeric_candidate,kg; verify source unit,read_v2_lkp,00,candidate_requires_clinical_review
anthropometry.body_weight.read_v2,anthropometry,body_weight,read_v2,gp_clinical,read_2,exact,true,9NSa.,Unsuitable for body weight measurement,Unsuitable for body weight measurement,extended_review,numeric_candidate,kg; verify source unit,read_v2_lkp,00,candidate_requires_clinical_review
anthropometry.hip_circumference.ctv3,anthropometry,hip_circumference,ctv3,gp_clinical,read_3,exact,true,.22N6,Hip circumference,Hip circumference,core,numeric_candidate,cm; verify source unit,read_ctv3_lkp,P,candidate_requires_clinical_review
anthropometry.hip_circumference.ctv3,anthropometry,hip_circumference,ctv3,gp_clinical,read_3,exact,true,22N6.,Hip circumference,Hip circumference,core,numeric_candidate,cm; verify source unit,read_ctv3_lkp,P,candidate_requires_clinical_review
anthropometry.hip_circumference.ctv3,anthropometry,hip_circumference,ctv3,gp_clinical,read_3,exact,true,Xa2jZ,Hip circumference,Hip circumference,core,numeric_candidate,cm; verify source unit,read_ctv3_lkp,P,candidate_requires_clinical_review
anthropometry.hip_circumference.read_v2,anthropometry,hip_circumference,read_v2,gp_clinical,read_2,exact,true,22N6.,Hip circumference,Hip circumference,core,numeric_candidate,cm; verify source unit,read_v2_lkp,00,candidate_requires_clinical_review
anthropometry.waist_circumference.ctv3,anthropometry,waist_circumference,ctv3,gp_clinical,read_3,exact,true,.22N0,Waist circumference,Waist circumference,core,numeric_candidate,cm; verify source unit,read_ctv3_lkp,P,candidate_requires_clinical_review
anthropometry.waist_circumference.ctv3,anthropometry,waist_circumference,ctv3,gp_clinical,read_3,exact,true,.22N8,Abdominal circumference,Abdominal circumference,core,numeric_candidate,cm; verify source unit,read_ctv3_lkp,P,candidate_requires_clinical_review
anthropometry.waist_circumference.ctv3,anthropometry,waist_circumference,ctv3,gp_clinical,read_3,exact,true,22N0.,Waist circumference,Waist circumference,core,numeric_candidate,cm; verify source unit,read_ctv3_lkp,P,candidate_requires_clinical_review
anthropometry.waist_circumference.ctv3,anthropometry,waist_circumference,ctv3,gp_clinical,read_3,exact,true,22N00,Baseline waist circumference,Baseline waist circumference,core,numeric_candidate,cm; verify source unit,read_ctv3_lkp,P,candidate_requires_clinical_review
anthropometry.waist_circumference.ctv3,anthropometry,waist_circumference,ctv3,gp_clinical,read_3,exact,true,22N8.,Abdominal circumference,Abdominal circumference,core,numeric_candidate,cm; verify source unit,read_ctv3_lkp,P,candidate_requires_clinical_review
anthropometry.waist_circumference.ctv3,anthropometry,waist_circumference,ctv3,gp_clinical,read_3,exact,true,Xa041,Waist circumference,Waist circumference,core,numeric_candidate,cm; verify source unit,read_ctv3_lkp,P,candidate_requires_clinical_review
anthropometry.waist_circumference.ctv3,anthropometry,waist_circumference,ctv3,gp_clinical,read_3,exact,true,XaMgo,Abdominal circumference,Abdominal circumference,core,numeric_candidate,cm; verify source unit,read_ctv3_lkp,P,candidate_requires_clinical_review
anthropometry.waist_circumference.ctv3,anthropometry,waist_circumference,ctv3,gp_clinical,read_3,exact,true,XaZcj,Baseline waist circumference,Baseline waist circumference,core,numeric_candidate,cm; verify source unit,read_ctv3_lkp,P,candidate_requires_clinical_review
anthropometry.waist_circumference.read_v2,anthropometry,waist_circumference,read_v2,gp_clinical,read_2,exact,true,22N0.,Waist circumference,Waist circumference,core,numeric_candidate,cm; verify source unit,read_v2_lkp,00,candidate_requires_clinical_review
anthropometry.waist_circumference.read_v2,anthropometry,waist_circumference,read_v2,gp_clinical,read_2,exact,true,22N00,Baseline waist circumference,Baseline waist circumference,core,numeric_candidate,cm; verify source unit,read_v2_lkp,00,candidate_requires_clinical_review
anthropometry.waist_circumference.read_v2,anthropometry,waist_circumference,read_v2,gp_clinical,read_2,exact,true,22N8.,Abdominal circumference,Abdominal circumference,core,numeric_candidate,cm; verify source unit,read_v2_lkp,00,candidate_requires_clinical_review
glycaemia.blood_glucose.ctv3,glycaemia,blood_glucose,ctv3,gp_clinical,read_3,exact,true,.44TA,Plasma glucose level,Plasma glucose level,core,numeric_candidate,mmol/L; verify source unit,read_ctv3_lkp,P,candidate_requires_clinical_review
glycaemia.blood_glucose.ctv3,glycaemia,blood_glucose,ctv3,gp_clinical,read_3,exact,true,.44TE,30 minute blood glucose level,30 minute blood glucose level,core,numeric_candidate,mmol/L; verify source unit,read_ctv3_lkp,P,candidate_requires_clinical_review
glycaemia.blood_glucose.ctv3,glycaemia,blood_glucose,ctv3,gp_clinical,read_3,exact,true,.44TF,60 minute blood glucose level,60 minute blood glucose level,core,numeric_candidate,mmol/L; verify source unit,read_ctv3_lkp,P,candidate_requires_clinical_review
glycaemia.blood_glucose.ctv3,glycaemia,blood_glucose,ctv3,gp_clinical,read_3,exact,true,.44TG,90 minute blood glucose level,90 minute blood glucose level,core,numeric_candidate,mmol/L; verify source unit,read_ctv3_lkp,P,candidate_requires_clinical_review
glycaemia.blood_glucose.ctv3,glycaemia,blood_glucose,ctv3,gp_clinical,read_3,exact,true,.44TH,120 minute blood glucose level,120 minute blood glucose level,core,numeric_candidate,mmol/L; verify source unit,read_ctv3_lkp,P,candidate_requires_clinical_review
glycaemia.blood_glucose.ctv3,glycaemia,blood_glucose,ctv3,gp_clinical,read_3,exact,true,.44TI,150 minute blood glucose level,150 minute blood glucose level,core,numeric_candidate,mmol/L; verify source unit,read_ctv3_lkp,P,candidate_requires_clinical_review
glycaemia.blood_glucose.ctv3,glycaemia,blood_glucose,ctv3,gp_clinical,read_3,exact,true,.44TJ,BS - Blood glucose level,Blood glucose level | BS - Blood glucose level,core,numeric_candidate,mmol/L; verify source unit,read_ctv3_lkp,P,candidate_requires_clinical_review
glycaemia.blood_glucose.ctv3,glycaemia,blood_glucose,ctv3,gp_clinical,read_3,exact,true,.44TK,Fasting blood glucose level,Fasting blood glucose level,core,numeric_candidate,mmol/L; verify source unit,read_ctv3_lkp,P,candidate_requires_clinical_review
glycaemia.blood_glucose.ctv3,glycaemia,blood_glucose,ctv3,gp_clinical,read_3,exact,true,.44U.,Plasma glucose level,(Blood sugar result [& glucose]) or (plasma glucose level) or (hyperglycaemia) | Blood glucose result | Plasma glucose level,core,numeric_candidate,mmol/L; verify source unit,read_ctv3_lkp,P,candidate_requires_clinical_review
glycaemia.blood_glucose.ctv3,glycaemia,blood_glucose,ctv3,gp_clinical,read_3,exact,true,.44U7,2 hour post-prandial blood glucose level,2 hour post-prandial blood glucose level,core,numeric_candidate,mmol/L; verify source unit,read_ctv3_lkp,P,candidate_requires_clinical_review
glycaemia.blood_glucose.ctv3,glycaemia,blood_glucose,ctv3,gp_clinical,read_3,exact,true,.44f.,Serum glucose level,Serum glucose level,core,numeric_candidate,mmol/L; verify source unit,read_ctv3_lkp,P,candidate_requires_clinical_review
glycaemia.blood_glucose.ctv3,glycaemia,blood_glucose,ctv3,gp_clinical,read_3,exact,true,.44f0,Serum random glucose level,Serum random glucose level,core,numeric_candidate,mmol/L; verify source unit,read_ctv3_lkp,P,candidate_requires_clinical_review
glycaemia.blood_glucose.ctv3,glycaemia,blood_glucose,ctv3,gp_clinical,read_3,exact,true,.44f1,Serum fasting glucose level,Serum fasting glucose level,core,numeric_candidate,mmol/L; verify source unit,read_ctv3_lkp,P,candidate_requires_clinical_review
glycaemia.blood_glucose.ctv3,glycaemia,blood_glucose,ctv3,gp_clinical,read_3,exact,true,.44f3,30 minute serum glucose level,30 minute serum glucose level,core,numeric_candidate,mmol/L; verify source unit,read_ctv3_lkp,P,candidate_requires_clinical_review
glycaemia.blood_glucose.ctv3,glycaemia,blood_glucose,ctv3,gp_clinical,read_3,exact,true,.44f4,60 minute serum glucose level,60 minute serum glucose level,core,numeric_candidate,mmol/L; verify source unit,read_ctv3_lkp,P,candidate_requires_clinical_review
glycaemia.blood_glucose.ctv3,glycaemia,blood_glucose,ctv3,gp_clinical,read_3,exact,true,.44f5,90 minute serum glucose level,90 minute serum glucose level,core,numeric_candidate,mmol/L; verify source unit,read_ctv3_lkp,P,candidate_requires_clinical_review
glycaemia.blood_glucose.ctv3,glycaemia,blood_glucose,ctv3,gp_clinical,read_3,exact,true,.44f6,120 minute serum glucose level,120 minute serum glucose level,core,numeric_candidate,mmol/L; verify source unit,read_ctv3_lkp,P,candidate_requires_clinical_review
glycaemia.blood_glucose.ctv3,glycaemia,blood_glucose,ctv3,gp_clinical,read_3,exact,true,.44f7,150 minute serum glucose level,150 minute serum glucose level,core,numeric_candidate,mmol/L; verify source unit,read_ctv3_lkp,P,candidate_requires_clinical_review
glycaemia.blood_glucose.ctv3,glycaemia,blood_glucose,ctv3,gp_clinical,read_3,exact,true,.44g.,Plasma glucose level,Plasma glucose level,core,numeric_candidate,mmol/L; verify source unit,read_ctv3_lkp,P,candidate_requires_clinical_review
glycaemia.blood_glucose.ctv3,glycaemia,blood_glucose,ctv3,gp_clinical,read_3,exact,true,.44g0,Plasma random glucose level,Plasma random glucose level,core,numeric_candidate,mmol/L; verify source unit,read_ctv3_lkp,P,candidate_requires_clinical_review
glycaemia.blood_glucose.ctv3,glycaemia,blood_glucose,ctv3,gp_clinical,read_3,exact,true,.44g1,Plasma fasting glucose level,Plasma fasting glucose level,core,numeric_candidate,mmol/L; verify source unit,read_ctv3_lkp,P,candidate_requires_clinical_review
glycaemia.blood_glucose.ctv3,glycaemia,blood_glucose,ctv3,gp_clinical,read_3,exact,true,.44g3,30 minute plasma glucose level,30 minute plasma glucose level,core,numeric_candidate,mmol/L; verify source unit,read_ctv3_lkp,P,candidate_requires_clinical_review
glycaemia.blood_glucose.ctv3,glycaemia,blood_glucose,ctv3,gp_clinical,read_3,exact,true,.44g4,60 minute plasma glucose level,60 minute plasma glucose level,core,numeric_candidate,mmol/L; verify source unit,read_ctv3_lkp,P,candidate_requires_clinical_review
glycaemia.blood_glucose.ctv3,glycaemia,blood_glucose,ctv3,gp_clinical,read_3,exact,true,.44g5,90 minute plasma glucose level,90 minute plasma glucose level,core,numeric_candidate,mmol/L; verify source unit,read_ctv3_lkp,P,candidate_requires_clinical_review
glycaemia.blood_glucose.ctv3,glycaemia,blood_glucose,ctv3,gp_clinical,read_3,exact,true,.44g6,120 minute plasma glucose level,120 minute plasma glucose level,core,numeric_candidate,mmol/L; verify source unit,read_ctv3_lkp,P,candidate_requires_clinical_review
glycaemia.blood_glucose.ctv3,glycaemia,blood_glucose,ctv3,gp_clinical,read_3,exact,true,.44g7,150 minute plasma glucose level,150 minute plasma glucose level,core,numeric_candidate,mmol/L; verify source unit,read_ctv3_lkp,P,candidate_requires_clinical_review
glycaemia.blood_glucose.ctv3,glycaemia,blood_glucose,ctv3,gp_clinical,read_3,exact,true,.44g8,240 minute plasma glucose level,240 minute plasma glucose level,core,numeric_candidate,mmol/L; verify source unit,read_ctv3_lkp,P,candidate_requires_clinical_review
glycaemia.blood_glucose.ctv3,glycaemia,blood_glucose,ctv3,gp_clinical,read_3,exact,true,.44g9,300 minute plasma glucose level,300 minute plasma glucose level,core,numeric_candidate,mmol/L; verify source unit,read_ctv3_lkp,P,candidate_requires_clinical_review
glycaemia.blood_glucose.ctv3,glycaemia,blood_glucose,ctv3,gp_clinical,read_3,exact,true,44TA.,Plasma glucose level,Plasma glucose level,core,numeric_candidate,mmol/L; verify source unit,read_ctv3_lkp,P,candidate_requires_clinical_review
glycaemia.blood_glucose.ctv3,glycaemia,blood_glucose,ctv3,gp_clinical,read_3,exact,true,44TE.,30 minute blood glucose level,30 minute blood glucose level,core,numeric_candidate,mmol/L; verify source unit,read_ctv3_lkp,P,candidate_requires_clinical_review
glycaemia.blood_glucose.ctv3,glycaemia,blood_glucose,ctv3,gp_clinical,read_3,exact,true,44TF.,60 minute blood glucose level,60 minute blood glucose level,core,numeric_candidate,mmol/L; verify source unit,read_ctv3_lkp,P,candidate_requires_clinical_review
glycaemia.blood_glucose.ctv3,glycaemia,blood_glucose,ctv3,gp_clinical,read_3,exact,true,44TG.,90 minute blood glucose level,90 minute blood glucose level,core,numeric_candidate,mmol/L; verify source unit,read_ctv3_lkp,P,candidate_requires_clinical_review
glycaemia.blood_glucose.ctv3,glycaemia,blood_glucose,ctv3,gp_clinical,read_3,exact,true,44TH.,120 minute blood glucose level,120 minute blood glucose level,core,numeric_candidate,mmol/L; verify source unit,read_ctv3_lkp,P,candidate_requires_clinical_review
glycaemia.blood_glucose.ctv3,glycaemia,blood_glucose,ctv3,gp_clinical,read_3,exact,true,44TI.,150 minute blood glucose level,150 minute blood glucose level,core,numeric_candidate,mmol/L; verify source unit,read_ctv3_lkp,P,candidate_requires_clinical_review
glycaemia.blood_glucose.ctv3,glycaemia,blood_glucose,ctv3,gp_clinical,read_3,exact,true,44TJ.,BS - Blood glucose level,Blood glucose level | BS - Blood glucose level,core,numeric_candidate,mmol/L; verify source unit,read_ctv3_lkp,P,candidate_requires_clinical_review
glycaemia.blood_glucose.ctv3,glycaemia,blood_glucose,ctv3,gp_clinical,read_3,exact,true,44TJ8,Baseline blood glucose level,Baseline blood glucose level,core,numeric_candidate,mmol/L; verify source unit,read_ctv3_lkp,P,candidate_requires_clinical_review
glycaemia.blood_glucose.ctv3,glycaemia,blood_glucose,ctv3,gp_clinical,read_3,exact,true,44TJ9,Blood glucose level after evening meal,Blood glucose level after evening meal,core,numeric_candidate,mmol/L; verify source unit,read_ctv3_lkp,P,candidate_requires_clinical_review
glycaemia.blood_glucose.ctv3,glycaemia,blood_glucose,ctv3,gp_clinical,read_3,exact,true,44TJA,Blood glucose level during night,Blood glucose level during night,core,numeric_candidate,mmol/L; verify source unit,read_ctv3_lkp,P,candidate_requires_clinical_review
glycaemia.blood_glucose.ctv3,glycaemia,blood_glucose,ctv3,gp_clinical,read_3,exact,true,44TK.,Fasting blood glucose level,Fasting blood glucose level,core,numeric_candidate,mmol/L; verify source unit,read_ctv3_lkp,P,candidate_requires_clinical_review
glycaemia.blood_glucose.ctv3,glycaemia,blood_glucose,ctv3,gp_clinical,read_3,exact,true,44U..,Plasma glucose level,Blood glucose result | Plasma glucose level,core,numeric_candidate,mmol/L; verify source unit,read_ctv3_lkp,S,candidate_requires_clinical_review
glycaemia.blood_glucose.ctv3,glycaemia,blood_glucose,ctv3,gp_clinical,read_3,exact,true,44U7.,2 hour post-prandial blood glucose level,2 hour post-prandial blood glucose level,core,numeric_candidate,mmol/L; verify source unit,read_ctv3_lkp,P,candidate_requires_clinical_review
glycaemia.blood_glucose.ctv3,glycaemia,blood_glucose,ctv3,gp_clinical,read_3,exact,true,44f..,Serum glucose level,Serum glucose level,core,numeric_candidate,mmol/L; verify source unit,read_ctv3_lkp,P,candidate_requires_clinical_review
glycaemia.blood_glucose.ctv3,glycaemia,blood_glucose,ctv3,gp_clinical,read_3,exact,true,44f0.,Serum random glucose level,Serum random glucose level,core,numeric_candidate,mmol/L; verify source unit,read_ctv3_lkp,P,candidate_requires_clinical_review
glycaemia.blood_glucose.ctv3,glycaemia,blood_glucose,ctv3,gp_clinical,read_3,exact,true,44f1.,Serum fasting glucose level,Serum fasting glucose level,core,numeric_candidate,mmol/L; verify source unit,read_ctv3_lkp,P,candidate_requires_clinical_review
glycaemia.blood_glucose.ctv3,glycaemia,blood_glucose,ctv3,gp_clinical,read_3,exact,true,44f3.,30 minute serum glucose level,30 minute serum glucose level,core,numeric_candidate,mmol/L; verify source unit,read_ctv3_lkp,P,candidate_requires_clinical_review
glycaemia.blood_glucose.ctv3,glycaemia,blood_glucose,ctv3,gp_clinical,read_3,exact,true,44f4.,60 minute serum glucose level,60 minute serum glucose level,core,numeric_candidate,mmol/L; verify source unit,read_ctv3_lkp,P,candidate_requires_clinical_review
glycaemia.blood_glucose.ctv3,glycaemia,blood_glucose,ctv3,gp_clinical,read_3,exact,true,44f5.,90 minute serum glucose level,90 minute serum glucose level,core,numeric_candidate,mmol/L; verify source unit,read_ctv3_lkp,P,candidate_requires_clinical_review
glycaemia.blood_glucose.ctv3,glycaemia,blood_glucose,ctv3,gp_clinical,read_3,exact,true,44f6.,120 minute serum glucose level,120 minute serum glucose level,core,numeric_candidate,mmol/L; verify source unit,read_ctv3_lkp,P,candidate_requires_clinical_review
glycaemia.blood_glucose.ctv3,glycaemia,blood_glucose,ctv3,gp_clinical,read_3,exact,true,44f7.,150 minute serum glucose level,150 minute serum glucose level,core,numeric_candidate,mmol/L; verify source unit,read_ctv3_lkp,P,candidate_requires_clinical_review
glycaemia.blood_glucose.ctv3,glycaemia,blood_glucose,ctv3,gp_clinical,read_3,exact,true,44g..,Plasma glucose level,Plasma glucose level,core,numeric_candidate,mmol/L; verify source unit,read_ctv3_lkp,P,candidate_requires_clinical_review
glycaemia.blood_glucose.ctv3,glycaemia,blood_glucose,ctv3,gp_clinical,read_3,exact,true,44g0.,Plasma random glucose level,Plasma random glucose level,core,numeric_candidate,mmol/L; verify source unit,read_ctv3_lkp,P,candidate_requires_clinical_review
glycaemia.blood_glucose.ctv3,glycaemia,blood_glucose,ctv3,gp_clinical,read_3,exact,true,44g1.,Plasma fasting glucose level,Plasma fasting glucose level,core,numeric_candidate,mmol/L; verify source unit,read_ctv3_lkp,P,candidate_requires_clinical_review
glycaemia.blood_glucose.ctv3,glycaemia,blood_glucose,ctv3,gp_clinical,read_3,exact,true,44g3.,30 minute plasma glucose level,30 minute plasma glucose level,core,numeric_candidate,mmol/L; verify source unit,read_ctv3_lkp,P,candidate_requires_clinical_review
glycaemia.blood_glucose.ctv3,glycaemia,blood_glucose,ctv3,gp_clinical,read_3,exact,true,44g4.,60 minute plasma glucose level,60 minute plasma glucose level,core,numeric_candidate,mmol/L; verify source unit,read_ctv3_lkp,P,candidate_requires_clinical_review
glycaemia.blood_glucose.ctv3,glycaemia,blood_glucose,ctv3,gp_clinical,read_3,exact,true,44g5.,90 minute plasma glucose level,90 minute plasma glucose level,core,numeric_candidate,mmol/L; verify source unit,read_ctv3_lkp,P,candidate_requires_clinical_review
glycaemia.blood_glucose.ctv3,glycaemia,blood_glucose,ctv3,gp_clinical,read_3,exact,true,44g6.,120 minute plasma glucose level,120 minute plasma glucose level,core,numeric_candidate,mmol/L; verify source unit,read_ctv3_lkp,P,candidate_requires_clinical_review
glycaemia.blood_glucose.ctv3,glycaemia,blood_glucose,ctv3,gp_clinical,read_3,exact,true,44g7.,150 minute plasma glucose level,150 minute plasma glucose level,core,numeric_candidate,mmol/L; verify source unit,read_ctv3_lkp,P,candidate_requires_clinical_review
glycaemia.blood_glucose.ctv3,glycaemia,blood_glucose,ctv3,gp_clinical,read_3,exact,true,44g8.,240 minute plasma glucose level,240 minute plasma glucose level,core,numeric_candidate,mmol/L; verify source unit,read_ctv3_lkp,P,candidate_requires_clinical_review
glycaemia.blood_glucose.ctv3,glycaemia,blood_glucose,ctv3,gp_clinical,read_3,exact,true,44g9.,300 minute plasma glucose level,300 minute plasma glucose level,core,numeric_candidate,mmol/L; verify source unit,read_ctv3_lkp,P,candidate_requires_clinical_review
glycaemia.blood_glucose.ctv3,glycaemia,blood_glucose,ctv3,gp_clinical,read_3,exact,true,44gA.,180 minute plasma glucose level,180 minute plasma glucose level,core,numeric_candidate,mmol/L; verify source unit,read_ctv3_lkp,P,candidate_requires_clinical_review
glycaemia.blood_glucose.ctv3,glycaemia,blood_glucose,ctv3,gp_clinical,read_3,exact,true,7P172,OGTT - Oral glucose tolerance test,OGTT - Oral glucose tolerance test,core,numeric_candidate,mmol/L; verify source unit,read_ctv3_lkp,S,candidate_requires_clinical_review
glycaemia.blood_glucose.ctv3,glycaemia,blood_glucose,ctv3,gp_clinical,read_3,exact,true,X772z,BS - Blood glucose level,Blood glucose level | BS - Blood glucose level,core,numeric_candidate,mmol/L; verify source unit,read_ctv3_lkp,P,candidate_requires_clinical_review
glycaemia.blood_glucose.ctv3,glycaemia,blood_glucose,ctv3,gp_clinical,read_3,exact,true,XE25Y,Blood glucose result,Blood glucose result,core,numeric_candidate,mmol/L; verify source unit,read_ctv3_lkp,P,candidate_requires_clinical_review
glycaemia.blood_glucose.ctv3,glycaemia,blood_glucose,ctv3,gp_clinical,read_3,exact,true,XE25Z,OGTT - Oral glucose tolerance test,OGTT - Oral glucose tolerance test,core,numeric_candidate,mmol/L; verify source unit,read_ctv3_lkp,S,candidate_requires_clinical_review
glycaemia.blood_glucose.ctv3,glycaemia,blood_glucose,ctv3,gp_clinical,read_3,exact,true,XE28s,Plasma glucose level,(Blood sugar result [& glucose]) or (plasma glucose level) or (hyperglycaemia) | Blood glucose result | Plasma glucose level,core,numeric_candidate,mmol/L; verify source unit,read_ctv3_lkp,P,candidate_requires_clinical_review
glycaemia.blood_glucose.ctv3,glycaemia,blood_glucose,ctv3,gp_clinical,read_3,exact,true,XE2mp,Random blood glucose level,Random blood glucose level,core,numeric_candidate,mmol/L; verify source unit,read_ctv3_lkp,P,candidate_requires_clinical_review
glycaemia.blood_glucose.ctv3,glycaemia,blood_glucose,ctv3,gp_clinical,read_3,exact,true,XE2mq,Fasting blood glucose level,Fasting blood glucose level,core,numeric_candidate,mmol/L; verify source unit,read_ctv3_lkp,P,candidate_requires_clinical_review
glycaemia.blood_glucose.ctv3,glycaemia,blood_glucose,ctv3,gp_clinical,read_3,exact,true,XE2mt,Blood glucose level at bedtime,Blood glucose level at bedtime,core,numeric_candidate,mmol/L; verify source unit,read_ctv3_lkp,S,candidate_requires_clinical_review
glycaemia.blood_glucose.ctv3,glycaemia,blood_glucose,ctv3,gp_clinical,read_3,exact,true,XM0ly,Plasma glucose level,Plasma glucose level,core,numeric_candidate,mmol/L; verify source unit,read_ctv3_lkp,P,candidate_requires_clinical_review
glycaemia.blood_glucose.ctv3,glycaemia,blood_glucose,ctv3,gp_clinical,read_3,exact,true,Xa974,Capillary blood glucose level,Capillary blood glucose level,core,numeric_candidate,mmol/L; verify source unit,read_ctv3_lkp,P,candidate_requires_clinical_review
glycaemia.blood_glucose.ctv3,glycaemia,blood_glucose,ctv3,gp_clinical,read_3,exact,true,XaEM2,60 minute blood glucose level,60 minute blood glucose level,core,numeric_candidate,mmol/L; verify source unit,read_ctv3_lkp,P,candidate_requires_clinical_review
glycaemia.blood_glucose.ctv3,glycaemia,blood_glucose,ctv3,gp_clinical,read_3,exact,true,XaENB,120 minute blood glucose level,120 minute blood glucose level,core,numeric_candidate,mmol/L; verify source unit,read_ctv3_lkp,P,candidate_requires_clinical_review
glycaemia.blood_glucose.ctv3,glycaemia,blood_glucose,ctv3,gp_clinical,read_3,exact,true,XaENC,90 minute blood glucose level,90 minute blood glucose level,core,numeric_candidate,mmol/L; verify source unit,read_ctv3_lkp,P,candidate_requires_clinical_review
glycaemia.blood_glucose.ctv3,glycaemia,blood_glucose,ctv3,gp_clinical,read_3,exact,true,XaEOS,150 minute blood glucose level,150 minute blood glucose level,core,numeric_candidate,mmol/L; verify source unit,read_ctv3_lkp,P,candidate_requires_clinical_review
glycaemia.blood_glucose.ctv3,glycaemia,blood_glucose,ctv3,gp_clinical,read_3,exact,true,XaEOT,30 minute plasma glucose level,30 minute plasma glucose level,core,numeric_candidate,mmol/L; verify source unit,read_ctv3_lkp,P,candidate_requires_clinical_review
glycaemia.blood_glucose.ctv3,glycaemia,blood_glucose,ctv3,gp_clinical,read_3,exact,true,XaEOU,60 minute plasma glucose level,60 minute plasma glucose level,core,numeric_candidate,mmol/L; verify source unit,read_ctv3_lkp,P,candidate_requires_clinical_review
glycaemia.blood_glucose.ctv3,glycaemia,blood_glucose,ctv3,gp_clinical,read_3,exact,true,XaEOV,120 minute plasma glucose level,120 minute plasma glucose level,core,numeric_candidate,mmol/L; verify source unit,read_ctv3_lkp,P,candidate_requires_clinical_review
glycaemia.blood_glucose.ctv3,glycaemia,blood_glucose,ctv3,gp_clinical,read_3,exact,true,XaEOW,150 minute plasma glucose level,150 minute plasma glucose level,core,numeric_candidate,mmol/L; verify source unit,read_ctv3_lkp,P,candidate_requires_clinical_review
glycaemia.blood_glucose.ctv3,glycaemia,blood_glucose,ctv3,gp_clinical,read_3,exact,true,XaEOX,30 minute serum glucose level,30 minute serum glucose level,core,numeric_candidate,mmol/L; verify source unit,read_ctv3_lkp,P,candidate_requires_clinical_review
glycaemia.blood_glucose.ctv3,glycaemia,blood_glucose,ctv3,gp_clinical,read_3,exact,true,XaEOY,60 minute serum glucose level,60 minute serum glucose level,core,numeric_candidate,mmol/L; verify source unit,read_ctv3_lkp,P,candidate_requires_clinical_review
glycaemia.blood_glucose.ctv3,glycaemia,blood_glucose,ctv3,gp_clinical,read_3,exact,true,XaEOZ,120 minute serum glucose level,120 minute serum glucose level,core,numeric_candidate,mmol/L; verify source unit,read_ctv3_lkp,P,candidate_requires_clinical_review
glycaemia.blood_glucose.ctv3,glycaemia,blood_glucose,ctv3,gp_clinical,read_3,exact,true,XaEOf,30 minute blood glucose level,30 minute blood glucose level,core,numeric_candidate,mmol/L; verify source unit,read_ctv3_lkp,P,candidate_requires_clinical_review
glycaemia.blood_glucose.ctv3,glycaemia,blood_glucose,ctv3,gp_clinical,read_3,exact,true,XaEPc,90 minute plasma glucose level,90 minute plasma glucose level,core,numeric_candidate,mmol/L; verify source unit,read_ctv3_lkp,P,candidate_requires_clinical_review
glycaemia.blood_glucose.ctv3,glycaemia,blood_glucose,ctv3,gp_clinical,read_3,exact,true,XaEPd,90 minute serum glucose level,90 minute serum glucose level,core,numeric_candidate,mmol/L; verify source unit,read_ctv3_lkp,P,candidate_requires_clinical_review
glycaemia.blood_glucose.ctv3,glycaemia,blood_glucose,ctv3,gp_clinical,read_3,exact,true,XaERQ,150 minute serum glucose level,150 minute serum glucose level,core,numeric_candidate,mmol/L; verify source unit,read_ctv3_lkp,P,candidate_requires_clinical_review
glycaemia.blood_glucose.ctv3,glycaemia,blood_glucose,ctv3,gp_clinical,read_3,exact,true,XaOcC,240 minute plasma glucose level,240 minute plasma glucose level,core,numeric_candidate,mmol/L; verify source unit,read_ctv3_lkp,P,candidate_requires_clinical_review
glycaemia.blood_glucose.ctv3,glycaemia,blood_glucose,ctv3,gp_clinical,read_3,exact,true,XaOcE,300 minute plasma glucose level,300 minute plasma glucose level,core,numeric_candidate,mmol/L; verify source unit,read_ctv3_lkp,P,candidate_requires_clinical_review
glycaemia.blood_glucose.ctv3,glycaemia,blood_glucose,ctv3,gp_clinical,read_3,exact,true,XaX3x,180 minute plasma glucose level,180 minute plasma glucose level,core,numeric_candidate,mmol/L; verify source unit,read_ctv3_lkp,P,candidate_requires_clinical_review
glycaemia.blood_glucose.ctv3,glycaemia,blood_glucose,ctv3,gp_clinical,read_3,exact,true,XaaFn,Blood glucose level before breakfast,Blood glucose level before breakfast,core,numeric_candidate,mmol/L; verify source unit,read_ctv3_lkp,P,candidate_requires_clinical_review
glycaemia.blood_glucose.ctv3,glycaemia,blood_glucose,ctv3,gp_clinical,read_3,exact,true,XaaFo,Blood glucose level after breakfast,Blood glucose level after breakfast,core,numeric_candidate,mmol/L; verify source unit,read_ctv3_lkp,P,candidate_requires_clinical_review
glycaemia.blood_glucose.ctv3,glycaemia,blood_glucose,ctv3,gp_clinical,read_3,exact,true,XaaFp,Blood glucose level before lunch,Blood glucose level before lunch,core,numeric_candidate,mmol/L; verify source unit,read_ctv3_lkp,P,candidate_requires_clinical_review
glycaemia.blood_glucose.ctv3,glycaemia,blood_glucose,ctv3,gp_clinical,read_3,exact,true,XaaFq,Blood glucose level after lunch,Blood glucose level after lunch,core,numeric_candidate,mmol/L; verify source unit,read_ctv3_lkp,P,candidate_requires_clinical_review
glycaemia.blood_glucose.ctv3,glycaemia,blood_glucose,ctv3,gp_clinical,read_3,exact,true,XaaFs,Blood glucose level before evening meal,Blood glucose level before evening meal,core,numeric_candidate,mmol/L; verify source unit,read_ctv3_lkp,P,candidate_requires_clinical_review
glycaemia.blood_glucose.ctv3,glycaemia,blood_glucose,ctv3,gp_clinical,read_3,exact,true,XaaFu,Blood glucose level at bedtime,Blood glucose level at bedtime,core,numeric_candidate,mmol/L; verify source unit,read_ctv3_lkp,P,candidate_requires_clinical_review
glycaemia.blood_glucose.ctv3,glycaemia,blood_glucose,ctv3,gp_clinical,read_3,exact,true,Xabhy,Baseline blood glucose level,Baseline blood glucose level,core,numeric_candidate,mmol/L; verify source unit,read_ctv3_lkp,P,candidate_requires_clinical_review
glycaemia.blood_glucose.ctv3,glycaemia,blood_glucose,ctv3,gp_clinical,read_3,exact,true,Xabmv,Blood glucose level after evening meal,Blood glucose level after evening meal,core,numeric_candidate,mmol/L; verify source unit,read_ctv3_lkp,P,candidate_requires_clinical_review
glycaemia.blood_glucose.ctv3,glycaemia,blood_glucose,ctv3,gp_clinical,read_3,exact,true,Xabmw,Blood glucose level during night,Blood glucose level during night,core,numeric_candidate,mmol/L; verify source unit,read_ctv3_lkp,P,candidate_requires_clinical_review
glycaemia.blood_glucose.ctv3,glycaemia,blood_glucose,ctv3,gp_clinical,read_3,exact,true,R10D.,[D]Elevated blood glucose level,[D]Elevated blood glucose level,extended_review,numeric_candidate,mmol/L; verify source unit,read_ctv3_lkp,S,candidate_requires_clinical_review
glycaemia.blood_glucose.ctv3,glycaemia,blood_glucose,ctv3,gp_clinical,read_3,exact,true,XaFxf,[D]Elevated blood glucose level,[D]Elevated blood glucose level,extended_review,numeric_candidate,mmol/L; verify source unit,read_ctv3_lkp,S,candidate_requires_clinical_review
glycaemia.blood_glucose.read_v2,glycaemia,blood_glucose,read_v2,gp_clinical,read_2,exact,true,44TE.,30 minute blood glucose level,30 minute blood glucose level,core,numeric_candidate,mmol/L; verify source unit,read_v2_lkp,00,candidate_requires_clinical_review
glycaemia.blood_glucose.read_v2,glycaemia,blood_glucose,read_v2,gp_clinical,read_2,exact,true,44TF.,60 minute blood glucose level,60 minute blood glucose level,core,numeric_candidate,mmol/L; verify source unit,read_v2_lkp,00,candidate_requires_clinical_review
glycaemia.blood_glucose.read_v2,glycaemia,blood_glucose,read_v2,gp_clinical,read_2,exact,true,44TG.,90 minute blood glucose level,90 minute blood glucose level,core,numeric_candidate,mmol/L; verify source unit,read_v2_lkp,00,candidate_requires_clinical_review
glycaemia.blood_glucose.read_v2,glycaemia,blood_glucose,read_v2,gp_clinical,read_2,exact,true,44TH.,120 minute blood glucose level,120 minute blood glucose level,core,numeric_candidate,mmol/L; verify source unit,read_v2_lkp,00,candidate_requires_clinical_review
glycaemia.blood_glucose.read_v2,glycaemia,blood_glucose,read_v2,gp_clinical,read_2,exact,true,44TI.,150 minute blood glucose level,150 minute blood glucose level,core,numeric_candidate,mmol/L; verify source unit,read_v2_lkp,00,candidate_requires_clinical_review
glycaemia.blood_glucose.read_v2,glycaemia,blood_glucose,read_v2,gp_clinical,read_2,exact,true,44TJ.,Blood glucose level,Blood glucose level,core,numeric_candidate,mmol/L; verify source unit,read_v2_lkp,00,candidate_requires_clinical_review
glycaemia.blood_glucose.read_v2,glycaemia,blood_glucose,read_v2,gp_clinical,read_2,exact,true,44TJ8,Baseline blood glucose level,Baseline blood glucose level,core,numeric_candidate,mmol/L; verify source unit,read_v2_lkp,00,candidate_requires_clinical_review
glycaemia.blood_glucose.read_v2,glycaemia,blood_glucose,read_v2,gp_clinical,read_2,exact,true,44TJ9,Blood glucose level after evening meal,Blood glucose level after evening meal,core,numeric_candidate,mmol/L; verify source unit,read_v2_lkp,00,candidate_requires_clinical_review
glycaemia.blood_glucose.read_v2,glycaemia,blood_glucose,read_v2,gp_clinical,read_2,exact,true,44TJA,Blood glucose level during night,Blood glucose level during night,core,numeric_candidate,mmol/L; verify source unit,read_v2_lkp,00,candidate_requires_clinical_review
glycaemia.blood_glucose.read_v2,glycaemia,blood_glucose,read_v2,gp_clinical,read_2,exact,true,44TK.,Fasting blood glucose level,Fasting blood glucose level,core,numeric_candidate,mmol/L; verify source unit,read_v2_lkp,00,candidate_requires_clinical_review
glycaemia.blood_glucose.read_v2,glycaemia,blood_glucose,read_v2,gp_clinical,read_2,exact,true,44U..,Plasma glucose level,Blood glucose result | Plasma glucose level,core,numeric_candidate,mmol/L; verify source unit,read_v2_lkp,00,candidate_requires_clinical_review
glycaemia.blood_glucose.read_v2,glycaemia,blood_glucose,read_v2,gp_clinical,read_2,exact,true,44U7.,2 hour post-prandial blood glucose level,2 hour post-prandial blood glucose level,core,numeric_candidate,mmol/L; verify source unit,read_v2_lkp,00,candidate_requires_clinical_review
glycaemia.blood_glucose.read_v2,glycaemia,blood_glucose,read_v2,gp_clinical,read_2,exact,true,44f..,Serum glucose level,Serum glucose level,core,numeric_candidate,mmol/L; verify source unit,read_v2_lkp,00,candidate_requires_clinical_review
glycaemia.blood_glucose.read_v2,glycaemia,blood_glucose,read_v2,gp_clinical,read_2,exact,true,44f0.,Serum random glucose level,Serum random glucose level,core,numeric_candidate,mmol/L; verify source unit,read_v2_lkp,00,candidate_requires_clinical_review
glycaemia.blood_glucose.read_v2,glycaemia,blood_glucose,read_v2,gp_clinical,read_2,exact,true,44f1.,Serum fasting glucose level,Serum fasting glucose level,core,numeric_candidate,mmol/L; verify source unit,read_v2_lkp,00,candidate_requires_clinical_review
glycaemia.blood_glucose.read_v2,glycaemia,blood_glucose,read_v2,gp_clinical,read_2,exact,true,44f3.,30 minute serum glucose level,30 minute serum glucose level,core,numeric_candidate,mmol/L; verify source unit,read_v2_lkp,00,candidate_requires_clinical_review
glycaemia.blood_glucose.read_v2,glycaemia,blood_glucose,read_v2,gp_clinical,read_2,exact,true,44f4.,60 minute serum glucose level,60 minute serum glucose level,core,numeric_candidate,mmol/L; verify source unit,read_v2_lkp,00,candidate_requires_clinical_review
glycaemia.blood_glucose.read_v2,glycaemia,blood_glucose,read_v2,gp_clinical,read_2,exact,true,44f5.,90 minute serum glucose level,90 minute serum glucose level,core,numeric_candidate,mmol/L; verify source unit,read_v2_lkp,00,candidate_requires_clinical_review
glycaemia.blood_glucose.read_v2,glycaemia,blood_glucose,read_v2,gp_clinical,read_2,exact,true,44f6.,120 minute serum glucose level,120 minute serum glucose level,core,numeric_candidate,mmol/L; verify source unit,read_v2_lkp,00,candidate_requires_clinical_review
glycaemia.blood_glucose.read_v2,glycaemia,blood_glucose,read_v2,gp_clinical,read_2,exact,true,44f7.,150 minute serum glucose level,150 minute serum glucose level,core,numeric_candidate,mmol/L; verify source unit,read_v2_lkp,00,candidate_requires_clinical_review
glycaemia.blood_glucose.read_v2,glycaemia,blood_glucose,read_v2,gp_clinical,read_2,exact,true,44g..,Plasma glucose level,Plasma glucose level,core,numeric_candidate,mmol/L; verify source unit,read_v2_lkp,00,candidate_requires_clinical_review
glycaemia.blood_glucose.read_v2,glycaemia,blood_glucose,read_v2,gp_clinical,read_2,exact,true,44g0.,Plasma random glucose level,Plasma random glucose level,core,numeric_candidate,mmol/L; verify source unit,read_v2_lkp,00,candidate_requires_clinical_review
glycaemia.blood_glucose.read_v2,glycaemia,blood_glucose,read_v2,gp_clinical,read_2,exact,true,44g1.,Plasma fasting glucose level,Plasma fasting glucose level,core,numeric_candidate,mmol/L; verify source unit,read_v2_lkp,00,candidate_requires_clinical_review
glycaemia.blood_glucose.read_v2,glycaemia,blood_glucose,read_v2,gp_clinical,read_2,exact,true,44g3.,30 minute plasma glucose level,30 minute plasma glucose level,core,numeric_candidate,mmol/L; verify source unit,read_v2_lkp,00,candidate_requires_clinical_review
glycaemia.blood_glucose.read_v2,glycaemia,blood_glucose,read_v2,gp_clinical,read_2,exact,true,44g4.,60 minute plasma glucose level,60 minute plasma glucose level,core,numeric_candidate,mmol/L; verify source unit,read_v2_lkp,00,candidate_requires_clinical_review
glycaemia.blood_glucose.read_v2,glycaemia,blood_glucose,read_v2,gp_clinical,read_2,exact,true,44g5.,90 minute plasma glucose level,90 minute plasma glucose level,core,numeric_candidate,mmol/L; verify source unit,read_v2_lkp,00,candidate_requires_clinical_review
glycaemia.blood_glucose.read_v2,glycaemia,blood_glucose,read_v2,gp_clinical,read_2,exact,true,44g6.,120 minute plasma glucose level,120 minute plasma glucose level,core,numeric_candidate,mmol/L; verify source unit,read_v2_lkp,00,candidate_requires_clinical_review
glycaemia.blood_glucose.read_v2,glycaemia,blood_glucose,read_v2,gp_clinical,read_2,exact,true,44g7.,150 minute plasma glucose level,150 minute plasma glucose level,core,numeric_candidate,mmol/L; verify source unit,read_v2_lkp,00,candidate_requires_clinical_review
glycaemia.blood_glucose.read_v2,glycaemia,blood_glucose,read_v2,gp_clinical,read_2,exact,true,44g8.,240 minute plasma glucose level,240 minute plasma glucose level,core,numeric_candidate,mmol/L; verify source unit,read_v2_lkp,00,candidate_requires_clinical_review
glycaemia.blood_glucose.read_v2,glycaemia,blood_glucose,read_v2,gp_clinical,read_2,exact,true,44g9.,300 minute plasma glucose level,300 minute plasma glucose level,core,numeric_candidate,mmol/L; verify source unit,read_v2_lkp,00,candidate_requires_clinical_review
glycaemia.blood_glucose.read_v2,glycaemia,blood_glucose,read_v2,gp_clinical,read_2,exact,true,44gA.,180 minute plasma glucose level,180 minute plasma glucose level,core,numeric_candidate,mmol/L; verify source unit,read_v2_lkp,00,candidate_requires_clinical_review
glycaemia.blood_glucose.read_v2,glycaemia,blood_glucose,read_v2,gp_clinical,read_2,exact,true,R10D.,[D]Elevated blood glucose level,[D]Elevated blood glucose level,extended_review,numeric_candidate,mmol/L; verify source unit,read_v2_lkp,00,candidate_requires_clinical_review
glycaemia.c_peptide.ctv3,glycaemia,c_peptide,ctv3,gp_clinical,read_3,exact,true,.449A,C-peptide level,C-peptide level,core,numeric_candidate,nmol/L or pmol/L; verify source unit,read_ctv3_lkp,P,candidate_requires_clinical_review
glycaemia.c_peptide.ctv3,glycaemia,c_peptide,ctv3,gp_clinical,read_3,exact,true,.449E,Plasma insulin C-peptide level,Plasma insulin C-peptide level,core,numeric_candidate,nmol/L or pmol/L; verify source unit,read_ctv3_lkp,P,candidate_requires_clinical_review
glycaemia.c_peptide.ctv3,glycaemia,c_peptide,ctv3,gp_clinical,read_3,exact,true,449A.,C-peptide level,C-peptide level,core,numeric_candidate,nmol/L or pmol/L; verify source unit,read_ctv3_lkp,P,candidate_requires_clinical_review
glycaemia.c_peptide.ctv3,glycaemia,c_peptide,ctv3,gp_clinical,read_3,exact,true,449E.,Plasma insulin C-peptide level,Plasma insulin C-peptide level,core,numeric_candidate,nmol/L or pmol/L; verify source unit,read_ctv3_lkp,P,candidate_requires_clinical_review
glycaemia.c_peptide.ctv3,glycaemia,c_peptide,ctv3,gp_clinical,read_3,exact,true,XaIar,C-peptide level,C-peptide level,core,numeric_candidate,nmol/L or pmol/L; verify source unit,read_ctv3_lkp,P,candidate_requires_clinical_review
glycaemia.c_peptide.ctv3,glycaemia,c_peptide,ctv3,gp_clinical,read_3,exact,true,XaIxb,Plasma insulin C-peptide level,Plasma insulin C-peptide level,core,numeric_candidate,nmol/L or pmol/L; verify source unit,read_ctv3_lkp,P,candidate_requires_clinical_review
glycaemia.c_peptide.read_v2,glycaemia,c_peptide,read_v2,gp_clinical,read_2,exact,true,449A.,C-peptide level,C-peptide level,core,numeric_candidate,nmol/L or pmol/L; verify source unit,read_v2_lkp,00,candidate_requires_clinical_review
glycaemia.c_peptide.read_v2,glycaemia,c_peptide,read_v2,gp_clinical,read_2,exact,true,449E.,Plasma insulin C-peptide level,Plasma insulin C-peptide level,core,numeric_candidate,nmol/L or pmol/L; verify source unit,read_v2_lkp,00,candidate_requires_clinical_review
glycaemia.hba1c.ctv3,glycaemia,hba1c,ctv3,gp_clinical,read_3,exact,true,.42W4,HbA1c level (DCCT aligned),HbA1c level (DCCT aligned),core,numeric_candidate,mmol/mol or %; determine from code and value,read_ctv3_lkp,P,candidate_requires_clinical_review
glycaemia.hba1c.ctv3,glycaemia,hba1c,ctv3,gp_clinical,read_3,exact,true,.44TB,HbA1c - Haemoglobin A1c level,HbA1c - Haemoglobin A1c level,core,numeric_candidate,mmol/mol or %; determine from code and value,read_ctv3_lkp,S,candidate_requires_clinical_review
glycaemia.hba1c.ctv3,glycaemia,hba1c,ctv3,gp_clinical,read_3,exact,true,42W4.,HbA1c level (DCCT aligned),HbA1c level (DCCT aligned),core,numeric_candidate,mmol/mol or %; determine from code and value,read_ctv3_lkp,P,candidate_requires_clinical_review
glycaemia.hba1c.ctv3,glycaemia,hba1c,ctv3,gp_clinical,read_3,exact,true,44TB.,HbA1c - Haemoglobin A1c level,HbA1c - Haemoglobin A1c level,core,numeric_candidate,mmol/mol or %; determine from code and value,read_ctv3_lkp,S,candidate_requires_clinical_review
glycaemia.hba1c.ctv3,glycaemia,hba1c,ctv3,gp_clinical,read_3,exact,true,X772q,HbA1c - Haemoglobin A1c level,HbA1c - Haemoglobin A1c level,core,numeric_candidate,mmol/mol or %; determine from code and value,read_ctv3_lkp,S,candidate_requires_clinical_review
glycaemia.hba1c.ctv3,glycaemia,hba1c,ctv3,gp_clinical,read_3,exact,true,X80U4,HbA1c - Glycosylated haemoglobin-c fraction,HbA1c - Glycated haemoglobin-c fraction | HbA1c - Glycosylated haemoglobin-c fraction,core,numeric_candidate,mmol/mol or %; determine from code and value,read_ctv3_lkp,S,candidate_requires_clinical_review
glycaemia.hba1c.ctv3,glycaemia,hba1c,ctv3,gp_clinical,read_3,exact,true,XaERp,HbA1c level (DCCT aligned),HbA1c level (DCCT aligned),core,numeric_candidate,mmol/mol or %; determine from code and value,read_ctv3_lkp,P,candidate_requires_clinical_review
glycaemia.hba1c.read_v2,glycaemia,hba1c,read_v2,gp_clinical,read_2,exact,true,42W4.,HbA1c level (DCCT aligned),HbA1c level (DCCT aligned),core,numeric_candidate,mmol/mol or %; determine from code and value,read_v2_lkp,00,candidate_requires_clinical_review
glycaemia.insulin.ctv3,glycaemia,insulin,ctv3,gp_clinical,read_3,exact,true,.449D,Plasma insulin level,Plasma insulin level,core,numeric_candidate,mU/L or pmol/L; verify source unit,read_ctv3_lkp,P,candidate_requires_clinical_review
glycaemia.insulin.ctv3,glycaemia,insulin,ctv3,gp_clinical,read_3,exact,true,449D.,Plasma insulin level,Plasma insulin level,core,numeric_candidate,mU/L or pmol/L; verify source unit,read_ctv3_lkp,P,candidate_requires_clinical_review
glycaemia.insulin.ctv3,glycaemia,insulin,ctv3,gp_clinical,read_3,exact,true,XE2pp,Serum insulin level,Serum insulin level,core,numeric_candidate,mU/L or pmol/L; verify source unit,read_ctv3_lkp,P,candidate_requires_clinical_review
glycaemia.insulin.ctv3,glycaemia,insulin,ctv3,gp_clinical,read_3,exact,true,XaItV,Plasma insulin level,Plasma insulin level,core,numeric_candidate,mU/L or pmol/L; verify source unit,read_ctv3_lkp,P,candidate_requires_clinical_review
glycaemia.insulin.read_v2,glycaemia,insulin,read_v2,gp_clinical,read_2,exact,true,449D.,Plasma insulin level,Plasma insulin level,core,numeric_candidate,mU/L or pmol/L; verify source unit,read_v2_lkp,00,candidate_requires_clinical_review
haematology.haemoglobin.ctv3,haematology,haemoglobin,ctv3,gp_clinical,read_3,exact,true,.423.,Hb estimation,Haemoglobin estimation (& level) | Haemoglobin estimation | Hb estimation,core,numeric_candidate,g/L; verify source unit,read_ctv3_lkp,P,candidate_requires_clinical_review
haematology.haemoglobin.ctv3,haematology,haemoglobin,ctv3,gp_clinical,read_3,exact,true,423..,Hb estimation,Haemoglobin estimation (& level) | Haemoglobin estimation | Hb estimation,core,numeric_candidate,g/L; verify source unit,read_ctv3_lkp,P,candidate_requires_clinical_review
haematology.haemoglobin.ctv3,haematology,haemoglobin,ctv3,gp_clinical,read_3,exact,true,XE2m6,Haemoglobin estimation,Haemoglobin estimation,core,numeric_candidate,g/L; verify source unit,read_ctv3_lkp,S,candidate_requires_clinical_review
haematology.haemoglobin.ctv3,haematology,haemoglobin,ctv3,gp_clinical,read_3,exact,true,XM1Vu,Hb estimation,Hb estimation,core,numeric_candidate,g/L; verify source unit,read_ctv3_lkp,P,candidate_requires_clinical_review
haematology.haemoglobin.ctv3,haematology,haemoglobin,ctv3,gp_clinical,read_3,exact,true,Xa96v,Hb - Haemoglobin concentration,Haemoglobin concentration | Haemoglobin level | Hb - Haemoglobin level | Hb - Haemoglobin concentration,core,numeric_candidate,g/L; verify source unit,read_ctv3_lkp,P,candidate_requires_clinical_review
haematology.haemoglobin.read_v2,haematology,haemoglobin,read_v2,gp_clinical,read_2,exact,true,423..,Hb estimation,Haemoglobin estimation | Hb estimation,core,numeric_candidate,g/L; verify source unit,read_v2_lkp,00,candidate_requires_clinical_review
haematology.mean_corpuscular_volume.ctv3,haematology,mean_corpuscular_volume,ctv3,gp_clinical,read_3,exact,true,.42A.,MCV - Mean cell volume,Mean cell volume | MCV - Mean cell volume,core,numeric_candidate,fL,read_ctv3_lkp,P,candidate_requires_clinical_review
haematology.mean_corpuscular_volume.ctv3,haematology,mean_corpuscular_volume,ctv3,gp_clinical,read_3,exact,true,42A..,MCV - Mean cell volume,Mean cell volume | MCV - Mean cell volume,core,numeric_candidate,fL,read_ctv3_lkp,P,candidate_requires_clinical_review
haematology.mean_corpuscular_volume.ctv3,haematology,mean_corpuscular_volume,ctv3,gp_clinical,read_3,exact,true,.42A1,MCV - normal,MCV - normal,extended_review,numeric_candidate,fL,read_ctv3_lkp,P,candidate_requires_clinical_review
haematology.mean_corpuscular_volume.ctv3,haematology,mean_corpuscular_volume,ctv3,gp_clinical,read_3,exact,true,.42A2,MCV - borderline raised,MCV - borderline raised,extended_review,numeric_candidate,fL,read_ctv3_lkp,P,candidate_requires_clinical_review
haematology.mean_corpuscular_volume.ctv3,haematology,mean_corpuscular_volume,ctv3,gp_clinical,read_3,exact,true,.42A3,MCV - raised,MCV - raised,extended_review,numeric_candidate,fL,read_ctv3_lkp,P,candidate_requires_clinical_review
haematology.mean_corpuscular_volume.ctv3,haematology,mean_corpuscular_volume,ctv3,gp_clinical,read_3,exact,true,.42A4,MCV - low,MCV - low,extended_review,numeric_candidate,fL,read_ctv3_lkp,P,candidate_requires_clinical_review
haematology.mean_corpuscular_volume.ctv3,haematology,mean_corpuscular_volume,ctv3,gp_clinical,read_3,exact,true,.42A5,MCV - borderline low,MCV - borderline low,extended_review,numeric_candidate,fL,read_ctv3_lkp,P,candidate_requires_clinical_review
haematology.mean_corpuscular_volume.ctv3,haematology,mean_corpuscular_volume,ctv3,gp_clinical,read_3,exact,true,.42AZ,MCV - NOS,MCV - NOS,extended_review,numeric_candidate,fL,read_ctv3_lkp,P,candidate_requires_clinical_review
haematology.mean_corpuscular_volume.ctv3,haematology,mean_corpuscular_volume,ctv3,gp_clinical,read_3,exact,true,42A1.,MCV - normal,MCV - normal,extended_review,numeric_candidate,fL,read_ctv3_lkp,P,candidate_requires_clinical_review
haematology.mean_corpuscular_volume.ctv3,haematology,mean_corpuscular_volume,ctv3,gp_clinical,read_3,exact,true,42A2.,MCV - borderline raised,MCV - borderline raised,extended_review,numeric_candidate,fL,read_ctv3_lkp,P,candidate_requires_clinical_review
haematology.mean_corpuscular_volume.ctv3,haematology,mean_corpuscular_volume,ctv3,gp_clinical,read_3,exact,true,42A3.,MCV - raised,MCV - raised,extended_review,numeric_candidate,fL,read_ctv3_lkp,P,candidate_requires_clinical_review
haematology.mean_corpuscular_volume.ctv3,haematology,mean_corpuscular_volume,ctv3,gp_clinical,read_3,exact,true,42A4.,MCV - low,MCV - low,extended_review,numeric_candidate,fL,read_ctv3_lkp,P,candidate_requires_clinical_review
haematology.mean_corpuscular_volume.ctv3,haematology,mean_corpuscular_volume,ctv3,gp_clinical,read_3,exact,true,42A5.,MCV - borderline low,MCV - borderline low,extended_review,numeric_candidate,fL,read_ctv3_lkp,P,candidate_requires_clinical_review
haematology.mean_corpuscular_volume.ctv3,haematology,mean_corpuscular_volume,ctv3,gp_clinical,read_3,exact,true,42AZ.,MCV - NOS,MCV - NOS,extended_review,numeric_candidate,fL,read_ctv3_lkp,P,candidate_requires_clinical_review
haematology.mean_corpuscular_volume.read_v2,haematology,mean_corpuscular_volume,read_v2,gp_clinical,read_2,exact,true,42A..,Mean cell volume,Mean corpuscular volume (MCV) | Mean cell volume,core,numeric_candidate,fL,read_v2_lkp,00,candidate_requires_clinical_review
haematology.mean_corpuscular_volume.read_v2,haematology,mean_corpuscular_volume,read_v2,gp_clinical,read_2,exact,true,42A1.,MCV - normal,MCV - normal,extended_review,numeric_candidate,fL,read_v2_lkp,00,candidate_requires_clinical_review
haematology.mean_corpuscular_volume.read_v2,haematology,mean_corpuscular_volume,read_v2,gp_clinical,read_2,exact,true,42A2.,MCV - borderline raised,MCV - borderline raised,extended_review,numeric_candidate,fL,read_v2_lkp,00,candidate_requires_clinical_review
haematology.mean_corpuscular_volume.read_v2,haematology,mean_corpuscular_volume,read_v2,gp_clinical,read_2,exact,true,42A3.,MCV - raised,MCV - raised,extended_review,numeric_candidate,fL,read_v2_lkp,00,candidate_requires_clinical_review
haematology.mean_corpuscular_volume.read_v2,haematology,mean_corpuscular_volume,read_v2,gp_clinical,read_2,exact,true,42A4.,MCV - low,MCV - low,extended_review,numeric_candidate,fL,read_v2_lkp,00,candidate_requires_clinical_review
haematology.mean_corpuscular_volume.read_v2,haematology,mean_corpuscular_volume,read_v2,gp_clinical,read_2,exact,true,42A5.,MCV - borderline low,MCV - borderline low,extended_review,numeric_candidate,fL,read_v2_lkp,00,candidate_requires_clinical_review
haematology.mean_corpuscular_volume.read_v2,haematology,mean_corpuscular_volume,read_v2,gp_clinical,read_2,exact,true,42AZ.,MCV - NOS,MCV - NOS,extended_review,numeric_candidate,fL,read_v2_lkp,00,candidate_requires_clinical_review
haematology.platelet_count.ctv3,haematology,platelet_count,ctv3,gp_clinical,read_3,exact,true,.42P.,Plt - Platelet count,Platelet count - observation | Platelet count | Plt - Platelet count,core,numeric_candidate,10^9/L,read_ctv3_lkp,P,candidate_requires_clinical_review
haematology.platelet_count.ctv3,haematology,platelet_count,ctv3,gp_clinical,read_3,exact,true,.42PZ,Platelet count NOS,Platelet count NOS,core,numeric_candidate,10^9/L,read_ctv3_lkp,P,candidate_requires_clinical_review
haematology.platelet_count.ctv3,haematology,platelet_count,ctv3,gp_clinical,read_3,exact,true,42P..,Plt - Platelet count,Platelet count - observation | Platelet count | Plt - Platelet count,core,numeric_candidate,10^9/L,read_ctv3_lkp,P,candidate_requires_clinical_review
haematology.platelet_count.ctv3,haematology,platelet_count,ctv3,gp_clinical,read_3,exact,true,42PZ.,Platelet count NOS,Platelet count NOS,core,numeric_candidate,10^9/L,read_ctv3_lkp,P,candidate_requires_clinical_review
haematology.platelet_count.ctv3,haematology,platelet_count,ctv3,gp_clinical,read_3,exact,true,.42P1,Platelet count normal,Platelet count normal,extended_review,numeric_candidate,10^9/L,read_ctv3_lkp,P,candidate_requires_clinical_review
haematology.platelet_count.ctv3,haematology,platelet_count,ctv3,gp_clinical,read_3,exact,true,.42P4,Platelet count abnormal,Platelet count abnormal,extended_review,numeric_candidate,10^9/L,read_ctv3_lkp,P,candidate_requires_clinical_review
haematology.platelet_count.ctv3,haematology,platelet_count,ctv3,gp_clinical,read_3,exact,true,42P1.,Platelet count normal,Platelet count normal,extended_review,numeric_candidate,10^9/L,read_ctv3_lkp,P,candidate_requires_clinical_review
haematology.platelet_count.ctv3,haematology,platelet_count,ctv3,gp_clinical,read_3,exact,true,42P4.,Platelet count abnormal,Platelet count abnormal,extended_review,numeric_candidate,10^9/L,read_ctv3_lkp,P,candidate_requires_clinical_review
haematology.platelet_count.read_v2,haematology,platelet_count,read_v2,gp_clinical,read_2,exact,true,42P..,Platelet count,Platelet count,core,numeric_candidate,10^9/L,read_v2_lkp,00,candidate_requires_clinical_review
haematology.platelet_count.read_v2,haematology,platelet_count,read_v2,gp_clinical,read_2,exact,true,42PZ.,Platelet count NOS,Platelet count NOS,core,numeric_candidate,10^9/L,read_v2_lkp,00,candidate_requires_clinical_review
haematology.platelet_count.read_v2,haematology,platelet_count,read_v2,gp_clinical,read_2,exact,true,42P1.,Platelet count normal,Platelet count normal,extended_review,numeric_candidate,10^9/L,read_v2_lkp,00,candidate_requires_clinical_review
haematology.platelet_count.read_v2,haematology,platelet_count,read_v2,gp_clinical,read_2,exact,true,42P4.,Platelet count abnormal,Platelet count abnormal,extended_review,numeric_candidate,10^9/L,read_v2_lkp,00,candidate_requires_clinical_review
haematology.red_cell_distribution_width.ctv3,haematology,red_cell_distribution_width,ctv3,gp_clinical,read_3,exact,true,.42Z7,Red blood cell distribut width,Red blood cell distribution width (& level) | Red blood cell distribution width | Red blood cell distribut width,core,numeric_candidate,%,read_ctv3_lkp,P,candidate_requires_clinical_review
haematology.red_cell_distribution_width.ctv3,haematology,red_cell_distribution_width,ctv3,gp_clinical,read_3,exact,true,42Z7.,Red blood cell distribut width,Red blood cell distribution width (& level) | Red blood cell distribution width | Red blood cell distribut width,core,numeric_candidate,%,read_ctv3_lkp,P,candidate_requires_clinical_review
haematology.red_cell_distribution_width.ctv3,haematology,red_cell_distribution_width,ctv3,gp_clinical,read_3,exact,true,X76ta,RDW - Red blood cell distribution width,Red blood cell distribution width | RDW - Red blood cell distribution width,core,numeric_candidate,%,read_ctv3_lkp,P,candidate_requires_clinical_review
haematology.red_cell_distribution_width.ctv3,haematology,red_cell_distribution_width,ctv3,gp_clinical,read_3,exact,true,XE2mO,RDW - Red blood cell distribution width,Red blood cell distribution width | RDW - Red blood cell distribution width,core,numeric_candidate,%,read_ctv3_lkp,P,candidate_requires_clinical_review
haematology.red_cell_distribution_width.read_v2,haematology,red_cell_distribution_width,read_v2,gp_clinical,read_2,exact,true,42Z7.,Red blood cell distribution width,Red blood cell distribution width,core,numeric_candidate,%,read_v2_lkp,00,candidate_requires_clinical_review
haematology.white_blood_cell_count.ctv3,haematology,white_blood_cell_count,ctv3,gp_clinical,read_3,exact,true,.42H.,WCC - White blood cell count,White blood cell count - observation | White blood cell count | WBC - White blood cell count | WCC - White blood cell count,core,numeric_candidate,10^9/L,read_ctv3_lkp,P,candidate_requires_clinical_review
haematology.white_blood_cell_count.ctv3,haematology,white_blood_cell_count,ctv3,gp_clinical,read_3,exact,true,.42HZ,Total white cell count NOS,Total white cell count NOS,core,numeric_candidate,10^9/L,read_ctv3_lkp,P,candidate_requires_clinical_review
haematology.white_blood_cell_count.ctv3,haematology,white_blood_cell_count,ctv3,gp_clinical,read_3,exact,true,.42IZ,Diff. white cell count NOS,Diff. white cell count NOS,core,numeric_candidate,10^9/L,read_ctv3_lkp,P,candidate_requires_clinical_review
haematology.white_blood_cell_count.ctv3,haematology,white_blood_cell_count,ctv3,gp_clinical,read_3,exact,true,42H..,WCC - White blood cell count,White blood cell count - observation | White blood cell count | WBC - White blood cell count | WCC - White blood cell count,core,numeric_candidate,10^9/L,read_ctv3_lkp,P,candidate_requires_clinical_review
haematology.white_blood_cell_count.ctv3,haematology,white_blood_cell_count,ctv3,gp_clinical,read_3,exact,true,42HZ.,Total white cell count NOS,Total white cell count NOS,core,numeric_candidate,10^9/L,read_ctv3_lkp,P,candidate_requires_clinical_review
haematology.white_blood_cell_count.ctv3,haematology,white_blood_cell_count,ctv3,gp_clinical,read_3,exact,true,42IZ.,Diff. white cell count NOS,Diff. white cell count NOS,core,numeric_candidate,10^9/L,read_ctv3_lkp,P,candidate_requires_clinical_review
haematology.white_blood_cell_count.ctv3,haematology,white_blood_cell_count,ctv3,gp_clinical,read_3,exact,true,.42H1,White cell count normal,White cell count normal,extended_review,numeric_candidate,10^9/L,read_ctv3_lkp,P,candidate_requires_clinical_review
haematology.white_blood_cell_count.ctv3,haematology,white_blood_cell_count,ctv3,gp_clinical,read_3,exact,true,.42H5,White cell count abnormal,White cell count abnormal,extended_review,numeric_candidate,10^9/L,read_ctv3_lkp,P,candidate_requires_clinical_review
haematology.white_blood_cell_count.ctv3,haematology,white_blood_cell_count,ctv3,gp_clinical,read_3,exact,true,.42I1,Diff. white cell count normal,Diff. white cell count normal,extended_review,numeric_candidate,10^9/L,read_ctv3_lkp,P,candidate_requires_clinical_review
haematology.white_blood_cell_count.ctv3,haematology,white_blood_cell_count,ctv3,gp_clinical,read_3,exact,true,42H1.,White cell count normal,White cell count normal,extended_review,numeric_candidate,10^9/L,read_ctv3_lkp,P,candidate_requires_clinical_review
haematology.white_blood_cell_count.ctv3,haematology,white_blood_cell_count,ctv3,gp_clinical,read_3,exact,true,42H5.,White cell count abnormal,White cell count abnormal,extended_review,numeric_candidate,10^9/L,read_ctv3_lkp,P,candidate_requires_clinical_review
haematology.white_blood_cell_count.ctv3,haematology,white_blood_cell_count,ctv3,gp_clinical,read_3,exact,true,42I1.,Diff. white cell count normal,Diff. white cell count normal,extended_review,numeric_candidate,10^9/L,read_ctv3_lkp,P,candidate_requires_clinical_review
haematology.white_blood_cell_count.read_v2,haematology,white_blood_cell_count,read_v2,gp_clinical,read_2,exact,true,42H..,White cell count,Total white cell count | White cell count,core,numeric_candidate,10^9/L,read_v2_lkp,00,candidate_requires_clinical_review
haematology.white_blood_cell_count.read_v2,haematology,white_blood_cell_count,read_v2,gp_clinical,read_2,exact,true,42HZ.,Total white cell count NOS,Total white cell count NOS,core,numeric_candidate,10^9/L,read_v2_lkp,00,candidate_requires_clinical_review
haematology.white_blood_cell_count.read_v2,haematology,white_blood_cell_count,read_v2,gp_clinical,read_2,exact,true,42IZ.,Diff. white cell count NOS,Diff. white cell count NOS,core,numeric_candidate,10^9/L,read_v2_lkp,00,candidate_requires_clinical_review
haematology.white_blood_cell_count.read_v2,haematology,white_blood_cell_count,read_v2,gp_clinical,read_2,exact,true,42H1.,White cell count normal,White cell count normal,extended_review,numeric_candidate,10^9/L,read_v2_lkp,00,candidate_requires_clinical_review
haematology.white_blood_cell_count.read_v2,haematology,white_blood_cell_count,read_v2,gp_clinical,read_2,exact,true,42H5.,White cell count abnormal,White cell count abnormal,extended_review,numeric_candidate,10^9/L,read_v2_lkp,00,candidate_requires_clinical_review
haematology.white_blood_cell_count.read_v2,haematology,white_blood_cell_count,read_v2,gp_clinical,read_2,exact,true,42I1.,Diff. white cell count normal,Diff. white cell count normal,extended_review,numeric_candidate,10^9/L,read_v2_lkp,00,candidate_requires_clinical_review
haemodynamics.blood_pressure.ctv3,haemodynamics,blood_pressure,ctv3,gp_clinical,read_3,exact,true,.246.,O/E - blood pressure,O/E - blood pressure reading | O/E - blood pressure,core,numeric_candidate,mmHg,read_ctv3_lkp,P,candidate_requires_clinical_review
haemodynamics.blood_pressure.ctv3,haemodynamics,blood_pressure,ctv3,gp_clinical,read_3,exact,true,246..,O/E - blood pressure,O/E - blood pressure reading | O/E - blood pressure,core,numeric_candidate,mmHg,read_ctv3_lkp,P,candidate_requires_clinical_review
haemodynamics.blood_pressure.ctv3,haemodynamics,blood_pressure,ctv3,gp_clinical,read_3,exact,true,.246C,Lying blood pressure reading,Lying blood pressure reading,extended_review,numeric_candidate,mmHg,read_ctv3_lkp,P,candidate_requires_clinical_review
haemodynamics.blood_pressure.ctv3,haemodynamics,blood_pressure,ctv3,gp_clinical,read_3,exact,true,.246D,Standing blood pressure reading,Standing blood pressure reading,extended_review,numeric_candidate,mmHg,read_ctv3_lkp,P,candidate_requires_clinical_review
haemodynamics.blood_pressure.ctv3,haemodynamics,blood_pressure,ctv3,gp_clinical,read_3,exact,true,.246E,Sitting blood pressure reading,Sitting blood pressure reading,extended_review,numeric_candidate,mmHg,read_ctv3_lkp,P,candidate_requires_clinical_review
haemodynamics.blood_pressure.ctv3,haemodynamics,blood_pressure,ctv3,gp_clinical,read_3,exact,true,.246F,O/E - blood pressure decreased,O/E - blood pressure decreased,extended_review,numeric_candidate,mmHg,read_ctv3_lkp,P,candidate_requires_clinical_review
haemodynamics.blood_pressure.ctv3,haemodynamics,blood_pressure,ctv3,gp_clinical,read_3,exact,true,.246Z,O/E-blood pressure reading NOS,O/E-blood pressure reading NOS,extended_review,numeric_candidate,mmHg,read_ctv3_lkp,P,candidate_requires_clinical_review
haemodynamics.blood_pressure.ctv3,haemodynamics,blood_pressure,ctv3,gp_clinical,read_3,exact,true,.246g,Self measured blood pressure reading,Self measured blood pressure reading,extended_review,numeric_candidate,mmHg,read_ctv3_lkp,P,candidate_requires_clinical_review
haemodynamics.blood_pressure.ctv3,haemodynamics,blood_pressure,ctv3,gp_clinical,read_3,exact,true,.RG21,[D]Nonspecific low blood pressure reading,[D]Nonspecific low blood pressure reading,extended_review,numeric_candidate,mmHg,read_ctv3_lkp,P,candidate_requires_clinical_review
haemodynamics.blood_pressure.ctv3,haemodynamics,blood_pressure,ctv3,gp_clinical,read_3,exact,true,246C.,Lying blood pressure reading,Lying blood pressure reading,extended_review,numeric_candidate,mmHg,read_ctv3_lkp,P,candidate_requires_clinical_review
haemodynamics.blood_pressure.ctv3,haemodynamics,blood_pressure,ctv3,gp_clinical,read_3,exact,true,246D.,Standing blood pressure reading,Standing blood pressure reading,extended_review,numeric_candidate,mmHg,read_ctv3_lkp,P,candidate_requires_clinical_review
haemodynamics.blood_pressure.ctv3,haemodynamics,blood_pressure,ctv3,gp_clinical,read_3,exact,true,246E.,Sitting blood pressure reading,Sitting blood pressure reading,extended_review,numeric_candidate,mmHg,read_ctv3_lkp,P,candidate_requires_clinical_review
haemodynamics.blood_pressure.ctv3,haemodynamics,blood_pressure,ctv3,gp_clinical,read_3,exact,true,246F.,O/E - blood pressure decreased,O/E - blood pressure decreased,extended_review,numeric_candidate,mmHg,read_ctv3_lkp,P,candidate_requires_clinical_review
haemodynamics.blood_pressure.ctv3,haemodynamics,blood_pressure,ctv3,gp_clinical,read_3,exact,true,246Z.,O/E-blood pressure reading NOS,O/E-blood pressure reading NOS,extended_review,numeric_candidate,mmHg,read_ctv3_lkp,P,candidate_requires_clinical_review
haemodynamics.blood_pressure.ctv3,haemodynamics,blood_pressure,ctv3,gp_clinical,read_3,exact,true,246g.,Self measured blood pressure reading,Self measured blood pressure reading,extended_review,numeric_candidate,mmHg,read_ctv3_lkp,P,candidate_requires_clinical_review
haemodynamics.blood_pressure.ctv3,haemodynamics,blood_pressure,ctv3,gp_clinical,read_3,exact,true,662s.,Preoperative blood pressure measurement,Preoperative blood pressure measurement,extended_review,numeric_candidate,mmHg,read_ctv3_lkp,P,candidate_requires_clinical_review
haemodynamics.blood_pressure.ctv3,haemodynamics,blood_pressure,ctv3,gp_clinical,read_3,exact,true,662t.,Postoperative blood pressure measurement,Postoperative blood pressure measurement,extended_review,numeric_candidate,mmHg,read_ctv3_lkp,P,candidate_requires_clinical_review
haemodynamics.blood_pressure.ctv3,haemodynamics,blood_pressure,ctv3,gp_clinical,read_3,exact,true,R1y2.,[D]Raised blood pressure reading,[D]Raised blood pressure reading,extended_review,numeric_candidate,mmHg,read_ctv3_lkp,P,candidate_requires_clinical_review
haemodynamics.blood_pressure.ctv3,haemodynamics,blood_pressure,ctv3,gp_clinical,read_3,exact,true,R1y3.,[D]Low blood pressure reading,[D]Low blood pressure reading,extended_review,numeric_candidate,mmHg,read_ctv3_lkp,P,candidate_requires_clinical_review
haemodynamics.blood_pressure.ctv3,haemodynamics,blood_pressure,ctv3,gp_clinical,read_3,exact,true,XM09K,Raised blood pressure reading,Raised blood pressure reading,extended_review,numeric_candidate,mmHg,read_ctv3_lkp,P,candidate_requires_clinical_review
haemodynamics.blood_pressure.ctv3,haemodynamics,blood_pressure,ctv3,gp_clinical,read_3,exact,true,XM09L,Low blood pressure reading,Low blood pressure reading,extended_review,numeric_candidate,mmHg,read_ctv3_lkp,P,candidate_requires_clinical_review
haemodynamics.blood_pressure.ctv3,haemodynamics,blood_pressure,ctv3,gp_clinical,read_3,exact,true,Xa42L,[D]Nonspecific low blood pressure reading,[D]Nonspecific low blood pressure reading,extended_review,numeric_candidate,mmHg,read_ctv3_lkp,P,candidate_requires_clinical_review
haemodynamics.blood_pressure.ctv3,haemodynamics,blood_pressure,ctv3,gp_clinical,read_3,exact,true,XaOQP,Self measured blood pressure reading,Self measured blood pressure reading,extended_review,numeric_candidate,mmHg,read_ctv3_lkp,P,candidate_requires_clinical_review
haemodynamics.blood_pressure.ctv3,haemodynamics,blood_pressure,ctv3,gp_clinical,read_3,exact,true,XaeYd,Preoperative blood pressure measurement,Preoperative blood pressure measurement,extended_review,numeric_candidate,mmHg,read_ctv3_lkp,P,candidate_requires_clinical_review
haemodynamics.blood_pressure.ctv3,haemodynamics,blood_pressure,ctv3,gp_clinical,read_3,exact,true,XaeYe,Postoperative blood pressure measurement,Postoperative blood pressure measurement,extended_review,numeric_candidate,mmHg,read_ctv3_lkp,P,candidate_requires_clinical_review
haemodynamics.blood_pressure.read_v2,haemodynamics,blood_pressure,read_v2,gp_clinical,read_2,exact,true,246..,O/E - blood pressure,O/E - blood pressure reading | O/E - blood pressure,core,numeric_candidate,mmHg,read_v2_lkp,00,candidate_requires_clinical_review
haemodynamics.blood_pressure.read_v2,haemodynamics,blood_pressure,read_v2,gp_clinical,read_2,exact,true,246C.,Lying blood pressure reading,Lying blood pressure reading,extended_review,numeric_candidate,mmHg,read_v2_lkp,00,candidate_requires_clinical_review
haemodynamics.blood_pressure.read_v2,haemodynamics,blood_pressure,read_v2,gp_clinical,read_2,exact,true,246D.,Standing blood pressure reading,Standing blood pressure reading,extended_review,numeric_candidate,mmHg,read_v2_lkp,00,candidate_requires_clinical_review
haemodynamics.blood_pressure.read_v2,haemodynamics,blood_pressure,read_v2,gp_clinical,read_2,exact,true,246E.,Sitting blood pressure reading,Sitting blood pressure reading,extended_review,numeric_candidate,mmHg,read_v2_lkp,00,candidate_requires_clinical_review
haemodynamics.blood_pressure.read_v2,haemodynamics,blood_pressure,read_v2,gp_clinical,read_2,exact,true,246F.,O/E - blood pressure decreased,O/E - blood pressure decreased,extended_review,numeric_candidate,mmHg,read_v2_lkp,00,candidate_requires_clinical_review
haemodynamics.blood_pressure.read_v2,haemodynamics,blood_pressure,read_v2,gp_clinical,read_2,exact,true,246Z.,O/E-blood pressure reading NOS,O/E-blood pressure reading NOS,extended_review,numeric_candidate,mmHg,read_v2_lkp,00,candidate_requires_clinical_review
haemodynamics.blood_pressure.read_v2,haemodynamics,blood_pressure,read_v2,gp_clinical,read_2,exact,true,246g.,Self measured blood pressure reading,Self measured blood pressure reading,extended_review,numeric_candidate,mmHg,read_v2_lkp,00,candidate_requires_clinical_review
haemodynamics.blood_pressure.read_v2,haemodynamics,blood_pressure,read_v2,gp_clinical,read_2,exact,true,662s.,Preoperative blood pressure measurement,Preoperative blood pressure measurement,extended_review,numeric_candidate,mmHg,read_v2_lkp,00,candidate_requires_clinical_review
haemodynamics.blood_pressure.read_v2,haemodynamics,blood_pressure,read_v2,gp_clinical,read_2,exact,true,662t.,Postoperative blood pressure measurement,Postoperative blood pressure measurement,extended_review,numeric_candidate,mmHg,read_v2_lkp,00,candidate_requires_clinical_review
haemodynamics.blood_pressure.read_v2,haemodynamics,blood_pressure,read_v2,gp_clinical,read_2,exact,true,R1y2.,[D]Raised blood pressure reading,[D]Raised blood pressure reading,extended_review,numeric_candidate,mmHg,read_v2_lkp,00,candidate_requires_clinical_review
haemodynamics.blood_pressure.read_v2,haemodynamics,blood_pressure,read_v2,gp_clinical,read_2,exact,true,R1y3.,[D]Low blood pressure reading,[D]Low blood pressure reading,extended_review,numeric_candidate,mmHg,read_v2_lkp,00,candidate_requires_clinical_review
haemodynamics.diastolic_blood_pressure.ctv3,haemodynamics,diastolic_blood_pressure,ctv3,gp_clinical,read_3,exact,true,.246A,O/E - Diastolic BP reading,O/E - Diastolic BP reading,core,numeric_candidate,mmHg,read_ctv3_lkp,P,candidate_requires_clinical_review
haemodynamics.diastolic_blood_pressure.ctv3,haemodynamics,diastolic_blood_pressure,ctv3,gp_clinical,read_3,exact,true,.246P,Standing diastolic blood pressure,Standing diastolic blood pressure,core,numeric_candidate,mmHg,read_ctv3_lkp,P,candidate_requires_clinical_review
haemodynamics.diastolic_blood_pressure.ctv3,haemodynamics,diastolic_blood_pressure,ctv3,gp_clinical,read_3,exact,true,.246R,Sitting diastolic blood pressure,Sitting diastolic blood pressure,core,numeric_candidate,mmHg,read_ctv3_lkp,P,candidate_requires_clinical_review
haemodynamics.diastolic_blood_pressure.ctv3,haemodynamics,diastolic_blood_pressure,ctv3,gp_clinical,read_3,exact,true,.246T,Lying diastolic blood pressure,Lying diastolic blood pressure,core,numeric_candidate,mmHg,read_ctv3_lkp,P,candidate_requires_clinical_review
haemodynamics.diastolic_blood_pressure.ctv3,haemodynamics,diastolic_blood_pressure,ctv3,gp_clinical,read_3,exact,true,.246V,Average 24 hour diastolic blood pressure,Average 24 hour diastolic blood pressure,core,numeric_candidate,mmHg,read_ctv3_lkp,P,candidate_requires_clinical_review
haemodynamics.diastolic_blood_pressure.ctv3,haemodynamics,diastolic_blood_pressure,ctv3,gp_clinical,read_3,exact,true,.246X,Average day interval diastolic blood pressure,Average day interval diastolic blood pressure,core,numeric_candidate,mmHg,read_ctv3_lkp,P,candidate_requires_clinical_review
haemodynamics.diastolic_blood_pressure.ctv3,haemodynamics,diastolic_blood_pressure,ctv3,gp_clinical,read_3,exact,true,.246a,Average night interval diastolic blood pressure,Average night interval diastolic blood pressure,core,numeric_candidate,mmHg,read_ctv3_lkp,P,candidate_requires_clinical_review
haemodynamics.diastolic_blood_pressure.ctv3,haemodynamics,diastolic_blood_pressure,ctv3,gp_clinical,read_3,exact,true,.246c,Average home diastolic blood pressure,Average home diastolic blood pressure,core,numeric_candidate,mmHg,read_ctv3_lkp,P,candidate_requires_clinical_review
haemodynamics.diastolic_blood_pressure.ctv3,haemodynamics,diastolic_blood_pressure,ctv3,gp_clinical,read_3,exact,true,.246f,Ambulatory diastolic blood pressure,Ambulatory diastolic blood pressure,core,numeric_candidate,mmHg,read_ctv3_lkp,P,candidate_requires_clinical_review
haemodynamics.diastolic_blood_pressure.ctv3,haemodynamics,diastolic_blood_pressure,ctv3,gp_clinical,read_3,exact,true,246A.,O/E - Diastolic BP reading,O/E - Diastolic BP reading,core,numeric_candidate,mmHg,read_ctv3_lkp,P,candidate_requires_clinical_review
haemodynamics.diastolic_blood_pressure.ctv3,haemodynamics,diastolic_blood_pressure,ctv3,gp_clinical,read_3,exact,true,246P.,Standing diastolic blood pressure,Standing diastolic blood pressure,core,numeric_candidate,mmHg,read_ctv3_lkp,P,candidate_requires_clinical_review
haemodynamics.diastolic_blood_pressure.ctv3,haemodynamics,diastolic_blood_pressure,ctv3,gp_clinical,read_3,exact,true,246R.,Sitting diastolic blood pressure,Sitting diastolic blood pressure,core,numeric_candidate,mmHg,read_ctv3_lkp,P,candidate_requires_clinical_review
haemodynamics.diastolic_blood_pressure.ctv3,haemodynamics,diastolic_blood_pressure,ctv3,gp_clinical,read_3,exact,true,246T.,Lying diastolic blood pressure,Lying diastolic blood pressure,core,numeric_candidate,mmHg,read_ctv3_lkp,P,candidate_requires_clinical_review
haemodynamics.diastolic_blood_pressure.ctv3,haemodynamics,diastolic_blood_pressure,ctv3,gp_clinical,read_3,exact,true,246V.,Average 24 hour diastolic blood pressure,Average 24 hour diastolic blood pressure,core,numeric_candidate,mmHg,read_ctv3_lkp,P,candidate_requires_clinical_review
haemodynamics.diastolic_blood_pressure.ctv3,haemodynamics,diastolic_blood_pressure,ctv3,gp_clinical,read_3,exact,true,246X.,Average day interval diastolic blood pressure,Average day interval diastolic blood pressure,core,numeric_candidate,mmHg,read_ctv3_lkp,P,candidate_requires_clinical_review
haemodynamics.diastolic_blood_pressure.ctv3,haemodynamics,diastolic_blood_pressure,ctv3,gp_clinical,read_3,exact,true,246a.,Average night interval diastolic blood pressure,Average night interval diastolic blood pressure,core,numeric_candidate,mmHg,read_ctv3_lkp,P,candidate_requires_clinical_review
haemodynamics.diastolic_blood_pressure.ctv3,haemodynamics,diastolic_blood_pressure,ctv3,gp_clinical,read_3,exact,true,246c.,Average home diastolic blood pressure,Average home diastolic blood pressure,core,numeric_candidate,mmHg,read_ctv3_lkp,P,candidate_requires_clinical_review
haemodynamics.diastolic_blood_pressure.ctv3,haemodynamics,diastolic_blood_pressure,ctv3,gp_clinical,read_3,exact,true,246f.,Ambulatory diastolic blood pressure,Ambulatory diastolic blood pressure,core,numeric_candidate,mmHg,read_ctv3_lkp,P,candidate_requires_clinical_review
haemodynamics.diastolic_blood_pressure.ctv3,haemodynamics,diastolic_blood_pressure,ctv3,gp_clinical,read_3,exact,true,246m.,Average diastolic blood pressure,Average diastolic blood pressure,core,numeric_candidate,mmHg,read_ctv3_lkp,P,candidate_requires_clinical_review
haemodynamics.diastolic_blood_pressure.ctv3,haemodynamics,diastolic_blood_pressure,ctv3,gp_clinical,read_3,exact,true,XaF4S,Average diastolic blood pressure,Average diastolic blood pressure,core,numeric_candidate,mmHg,read_ctv3_lkp,P,candidate_requires_clinical_review
haemodynamics.diastolic_blood_pressure.ctv3,haemodynamics,diastolic_blood_pressure,ctv3,gp_clinical,read_3,exact,true,XaF4Z,Average night interval diastolic blood pressure,Average night interval diastolic blood pressure,core,numeric_candidate,mmHg,read_ctv3_lkp,P,candidate_requires_clinical_review
haemodynamics.diastolic_blood_pressure.ctv3,haemodynamics,diastolic_blood_pressure,ctv3,gp_clinical,read_3,exact,true,XaF4a,Average day interval diastolic blood pressure,Average day interval diastolic blood pressure,core,numeric_candidate,mmHg,read_ctv3_lkp,P,candidate_requires_clinical_review
haemodynamics.diastolic_blood_pressure.ctv3,haemodynamics,diastolic_blood_pressure,ctv3,gp_clinical,read_3,exact,true,XaF4b,Average 24 hour diastolic blood pressure,Average 24 hour diastolic blood pressure,core,numeric_candidate,mmHg,read_ctv3_lkp,P,candidate_requires_clinical_review
haemodynamics.diastolic_blood_pressure.ctv3,haemodynamics,diastolic_blood_pressure,ctv3,gp_clinical,read_3,exact,true,XaIwk,Standing diastolic blood pressure,Standing diastolic blood pressure,core,numeric_candidate,mmHg,read_ctv3_lkp,P,candidate_requires_clinical_review
haemodynamics.diastolic_blood_pressure.ctv3,haemodynamics,diastolic_blood_pressure,ctv3,gp_clinical,read_3,exact,true,XaJ2F,Sitting diastolic blood pressure,Sitting diastolic blood pressure,core,numeric_candidate,mmHg,read_ctv3_lkp,P,candidate_requires_clinical_review
haemodynamics.diastolic_blood_pressure.ctv3,haemodynamics,diastolic_blood_pressure,ctv3,gp_clinical,read_3,exact,true,XaJ2H,Lying diastolic blood pressure,Lying diastolic blood pressure,core,numeric_candidate,mmHg,read_ctv3_lkp,P,candidate_requires_clinical_review
haemodynamics.diastolic_blood_pressure.ctv3,haemodynamics,diastolic_blood_pressure,ctv3,gp_clinical,read_3,exact,true,XaKFw,Average home diastolic blood pressure,Average home diastolic blood pressure,core,numeric_candidate,mmHg,read_ctv3_lkp,P,candidate_requires_clinical_review
haemodynamics.diastolic_blood_pressure.ctv3,haemodynamics,diastolic_blood_pressure,ctv3,gp_clinical,read_3,exact,true,XaKjG,Ambulatory diastolic blood pressure,Ambulatory diastolic blood pressure,core,numeric_candidate,mmHg,read_ctv3_lkp,P,candidate_requires_clinical_review
haemodynamics.diastolic_blood_pressure.ctv3,haemodynamics,diastolic_blood_pressure,ctv3,gp_clinical,read_3,exact,true,246i.,Diastolic blood pressure centile,Diastolic blood pressure centile,extended_review,numeric_candidate,mmHg,read_ctv3_lkp,P,candidate_requires_clinical_review
haemodynamics.diastolic_blood_pressure.ctv3,haemodynamics,diastolic_blood_pressure,ctv3,gp_clinical,read_3,exact,true,246n0,Baseline diastolic blood pressure,Baseline diastolic blood pressure,extended_review,numeric_candidate,mmHg,read_ctv3_lkp,P,candidate_requires_clinical_review
haemodynamics.diastolic_blood_pressure.ctv3,haemodynamics,diastolic_blood_pressure,ctv3,gp_clinical,read_3,exact,true,246o1,Non-invasive central diastolic blood pressure,Non-invasive central diastolic blood pressure,extended_review,numeric_candidate,mmHg,read_ctv3_lkp,P,candidate_requires_clinical_review
haemodynamics.diastolic_blood_pressure.ctv3,haemodynamics,diastolic_blood_pressure,ctv3,gp_clinical,read_3,exact,true,X779S,Non-invasive diastolic blood pressure,Non-invasive diastolic blood pressure,extended_review,numeric_candidate,mmHg,read_ctv3_lkp,S,candidate_requires_clinical_review
haemodynamics.diastolic_blood_pressure.ctv3,haemodynamics,diastolic_blood_pressure,ctv3,gp_clinical,read_3,exact,true,X779T,Invasive diastolic blood pressure,Invasive diastolic blood pressure,extended_review,numeric_candidate,mmHg,read_ctv3_lkp,S,candidate_requires_clinical_review
haemodynamics.diastolic_blood_pressure.ctv3,haemodynamics,diastolic_blood_pressure,ctv3,gp_clinical,read_3,exact,true,XM02Y,Diastolic blood pressure,Diastolic blood pressure | DBP - Diastolic blood pressure,extended_review,numeric_candidate,mmHg,read_ctv3_lkp,P,candidate_requires_clinical_review
haemodynamics.diastolic_blood_pressure.ctv3,haemodynamics,diastolic_blood_pressure,ctv3,gp_clinical,read_3,exact,true,XaF4Q,Minimum diastolic blood pressure,Minimum diastolic blood pressure,extended_review,numeric_candidate,mmHg,read_ctv3_lkp,P,candidate_requires_clinical_review
haemodynamics.diastolic_blood_pressure.ctv3,haemodynamics,diastolic_blood_pressure,ctv3,gp_clinical,read_3,exact,true,XaF4R,Maximum diastolic blood pressure,Maximum diastolic blood pressure,extended_review,numeric_candidate,mmHg,read_ctv3_lkp,P,candidate_requires_clinical_review
haemodynamics.diastolic_blood_pressure.ctv3,haemodynamics,diastolic_blood_pressure,ctv3,gp_clinical,read_3,exact,true,XaF4T,Minimum day interval diastolic blood pressure,Minimum day interval diastolic blood pressure,extended_review,numeric_candidate,mmHg,read_ctv3_lkp,P,candidate_requires_clinical_review
haemodynamics.diastolic_blood_pressure.ctv3,haemodynamics,diastolic_blood_pressure,ctv3,gp_clinical,read_3,exact,true,XaF4U,Minimum night interval diastolic blood pressure,Minimum night interval diastolic blood pressure,extended_review,numeric_candidate,mmHg,read_ctv3_lkp,P,candidate_requires_clinical_review
haemodynamics.diastolic_blood_pressure.ctv3,haemodynamics,diastolic_blood_pressure,ctv3,gp_clinical,read_3,exact,true,XaF4V,Minimum 24 hour diastolic blood pressure,Minimum 24 hour diastolic blood pressure,extended_review,numeric_candidate,mmHg,read_ctv3_lkp,P,candidate_requires_clinical_review
haemodynamics.diastolic_blood_pressure.ctv3,haemodynamics,diastolic_blood_pressure,ctv3,gp_clinical,read_3,exact,true,XaF4W,Maximum night interval diastolic blood pressure,Maximum night interval diastolic blood pressure,extended_review,numeric_candidate,mmHg,read_ctv3_lkp,P,candidate_requires_clinical_review
haemodynamics.diastolic_blood_pressure.ctv3,haemodynamics,diastolic_blood_pressure,ctv3,gp_clinical,read_3,exact,true,XaF4X,Maximum day interval diastolic blood pressure,Maximum day interval diastolic blood pressure,extended_review,numeric_candidate,mmHg,read_ctv3_lkp,P,candidate_requires_clinical_review
haemodynamics.diastolic_blood_pressure.ctv3,haemodynamics,diastolic_blood_pressure,ctv3,gp_clinical,read_3,exact,true,XaF4Y,Maximum 24 hour diastolic blood pressure,Maximum 24 hour diastolic blood pressure,extended_review,numeric_candidate,mmHg,read_ctv3_lkp,P,candidate_requires_clinical_review
haemodynamics.diastolic_blood_pressure.ctv3,haemodynamics,diastolic_blood_pressure,ctv3,gp_clinical,read_3,exact,true,XaF4e,24 hour diastolic blood pressure,24 hour diastolic blood pressure,extended_review,numeric_candidate,mmHg,read_ctv3_lkp,P,candidate_requires_clinical_review
haemodynamics.diastolic_blood_pressure.ctv3,haemodynamics,diastolic_blood_pressure,ctv3,gp_clinical,read_3,exact,true,XaYg8,Diastolic blood pressure centile,Diastolic blood pressure centile,extended_review,numeric_candidate,mmHg,read_ctv3_lkp,P,candidate_requires_clinical_review
haemodynamics.diastolic_blood_pressure.ctv3,haemodynamics,diastolic_blood_pressure,ctv3,gp_clinical,read_3,exact,true,Xac5K,Baseline diastolic blood pressure,Baseline diastolic blood pressure,extended_review,numeric_candidate,mmHg,read_ctv3_lkp,P,candidate_requires_clinical_review
haemodynamics.diastolic_blood_pressure.ctv3,haemodynamics,diastolic_blood_pressure,ctv3,gp_clinical,read_3,exact,true,Xaedp,Non-invasive central diastolic blood pressure,Non-invasive central diastolic blood pressure,extended_review,numeric_candidate,mmHg,read_ctv3_lkp,P,candidate_requires_clinical_review
haemodynamics.diastolic_blood_pressure.read_v2,haemodynamics,diastolic_blood_pressure,read_v2,gp_clinical,read_2,exact,true,246A.,O/E - Diastolic BP reading,O/E - Diastolic BP reading,core,numeric_candidate,mmHg,read_v2_lkp,00,candidate_requires_clinical_review
haemodynamics.diastolic_blood_pressure.read_v2,haemodynamics,diastolic_blood_pressure,read_v2,gp_clinical,read_2,exact,true,246P.,Standing diastolic blood pressure,Standing diastolic blood pressure,core,numeric_candidate,mmHg,read_v2_lkp,00,candidate_requires_clinical_review
haemodynamics.diastolic_blood_pressure.read_v2,haemodynamics,diastolic_blood_pressure,read_v2,gp_clinical,read_2,exact,true,246R.,Sitting diastolic blood pressure,Sitting diastolic blood pressure,core,numeric_candidate,mmHg,read_v2_lkp,00,candidate_requires_clinical_review
haemodynamics.diastolic_blood_pressure.read_v2,haemodynamics,diastolic_blood_pressure,read_v2,gp_clinical,read_2,exact,true,246T.,Lying diastolic blood pressure,Lying diastolic blood pressure,core,numeric_candidate,mmHg,read_v2_lkp,00,candidate_requires_clinical_review
haemodynamics.diastolic_blood_pressure.read_v2,haemodynamics,diastolic_blood_pressure,read_v2,gp_clinical,read_2,exact,true,246V.,Average 24 hour diastolic blood pressure,Average 24 hour diastolic blood pressure,core,numeric_candidate,mmHg,read_v2_lkp,00,candidate_requires_clinical_review
haemodynamics.diastolic_blood_pressure.read_v2,haemodynamics,diastolic_blood_pressure,read_v2,gp_clinical,read_2,exact,true,246X.,Average day interval diastolic blood pressure,Average day interval diastolic blood pressure,core,numeric_candidate,mmHg,read_v2_lkp,00,candidate_requires_clinical_review
haemodynamics.diastolic_blood_pressure.read_v2,haemodynamics,diastolic_blood_pressure,read_v2,gp_clinical,read_2,exact,true,246a.,Average night interval diastolic blood pressure,Average night interval diastolic blood pressure,core,numeric_candidate,mmHg,read_v2_lkp,00,candidate_requires_clinical_review
haemodynamics.diastolic_blood_pressure.read_v2,haemodynamics,diastolic_blood_pressure,read_v2,gp_clinical,read_2,exact,true,246c.,Average home diastolic blood pressure,Average home diastolic blood pressure,core,numeric_candidate,mmHg,read_v2_lkp,00,candidate_requires_clinical_review
haemodynamics.diastolic_blood_pressure.read_v2,haemodynamics,diastolic_blood_pressure,read_v2,gp_clinical,read_2,exact,true,246f.,Ambulatory diastolic blood pressure,Ambulatory diastolic blood pressure,core,numeric_candidate,mmHg,read_v2_lkp,00,candidate_requires_clinical_review
haemodynamics.diastolic_blood_pressure.read_v2,haemodynamics,diastolic_blood_pressure,read_v2,gp_clinical,read_2,exact,true,246m.,Average diastolic blood pressure,Average diastolic blood pressure,core,numeric_candidate,mmHg,read_v2_lkp,00,candidate_requires_clinical_review
haemodynamics.diastolic_blood_pressure.read_v2,haemodynamics,diastolic_blood_pressure,read_v2,gp_clinical,read_2,exact,true,246i.,Diastolic blood pressure centile,Diastolic blood pressure centile,extended_review,numeric_candidate,mmHg,read_v2_lkp,00,candidate_requires_clinical_review
haemodynamics.diastolic_blood_pressure.read_v2,haemodynamics,diastolic_blood_pressure,read_v2,gp_clinical,read_2,exact,true,246n0,Baseline diastolic blood pressure,Baseline diastolic blood pressure,extended_review,numeric_candidate,mmHg,read_v2_lkp,00,candidate_requires_clinical_review
haemodynamics.diastolic_blood_pressure.read_v2,haemodynamics,diastolic_blood_pressure,read_v2,gp_clinical,read_2,exact,true,246o1,Non-invasive central diastolic blood pressure,Non-invasive central diastolic blood pressure,extended_review,numeric_candidate,mmHg,read_v2_lkp,00,candidate_requires_clinical_review
haemodynamics.systolic_blood_pressure.ctv3,haemodynamics,systolic_blood_pressure,ctv3,gp_clinical,read_3,exact,true,.2469,O/E - Systolic BP reading,O/E - Systolic BP reading,core,numeric_candidate,mmHg,read_ctv3_lkp,P,candidate_requires_clinical_review
haemodynamics.systolic_blood_pressure.ctv3,haemodynamics,systolic_blood_pressure,ctv3,gp_clinical,read_3,exact,true,.246N,Standing systolic blood pressure,Standing systolic blood pressure,core,numeric_candidate,mmHg,read_ctv3_lkp,P,candidate_requires_clinical_review
haemodynamics.systolic_blood_pressure.ctv3,haemodynamics,systolic_blood_pressure,ctv3,gp_clinical,read_3,exact,true,.246Q,Sitting systolic blood pressure,Sitting systolic blood pressure,core,numeric_candidate,mmHg,read_ctv3_lkp,P,candidate_requires_clinical_review
haemodynamics.systolic_blood_pressure.ctv3,haemodynamics,systolic_blood_pressure,ctv3,gp_clinical,read_3,exact,true,.246S,Lying systolic blood pressure,Lying systolic blood pressure,core,numeric_candidate,mmHg,read_ctv3_lkp,P,candidate_requires_clinical_review
haemodynamics.systolic_blood_pressure.ctv3,haemodynamics,systolic_blood_pressure,ctv3,gp_clinical,read_3,exact,true,.246W,Average 24 hour systolic blood pressure,Average 24 hour systolic blood pressure,core,numeric_candidate,mmHg,read_ctv3_lkp,P,candidate_requires_clinical_review
haemodynamics.systolic_blood_pressure.ctv3,haemodynamics,systolic_blood_pressure,ctv3,gp_clinical,read_3,exact,true,.246Y,Average day interval systolic blood pressure,Average day interval systolic blood pressure,core,numeric_candidate,mmHg,read_ctv3_lkp,P,candidate_requires_clinical_review
haemodynamics.systolic_blood_pressure.ctv3,haemodynamics,systolic_blood_pressure,ctv3,gp_clinical,read_3,exact,true,.246b,Average night interval systolic blood pressure,Average night interval systolic blood pressure,core,numeric_candidate,mmHg,read_ctv3_lkp,P,candidate_requires_clinical_review
haemodynamics.systolic_blood_pressure.ctv3,haemodynamics,systolic_blood_pressure,ctv3,gp_clinical,read_3,exact,true,.246d,Average home systolic blood pressure,Average home systolic blood pressure,core,numeric_candidate,mmHg,read_ctv3_lkp,P,candidate_requires_clinical_review
haemodynamics.systolic_blood_pressure.ctv3,haemodynamics,systolic_blood_pressure,ctv3,gp_clinical,read_3,exact,true,.246e,Ambulatory systolic blood pressure,Ambulatory systolic blood pressure,core,numeric_candidate,mmHg,read_ctv3_lkp,P,candidate_requires_clinical_review
haemodynamics.systolic_blood_pressure.ctv3,haemodynamics,systolic_blood_pressure,ctv3,gp_clinical,read_3,exact,true,2469.,O/E - Systolic BP reading,O/E - Systolic BP reading,core,numeric_candidate,mmHg,read_ctv3_lkp,P,candidate_requires_clinical_review
haemodynamics.systolic_blood_pressure.ctv3,haemodynamics,systolic_blood_pressure,ctv3,gp_clinical,read_3,exact,true,246N.,Standing systolic blood pressure,Standing systolic blood pressure,core,numeric_candidate,mmHg,read_ctv3_lkp,P,candidate_requires_clinical_review
haemodynamics.systolic_blood_pressure.ctv3,haemodynamics,systolic_blood_pressure,ctv3,gp_clinical,read_3,exact,true,246Q.,Sitting systolic blood pressure,Sitting systolic blood pressure,core,numeric_candidate,mmHg,read_ctv3_lkp,P,candidate_requires_clinical_review
haemodynamics.systolic_blood_pressure.ctv3,haemodynamics,systolic_blood_pressure,ctv3,gp_clinical,read_3,exact,true,246S.,Lying systolic blood pressure,Lying systolic blood pressure,core,numeric_candidate,mmHg,read_ctv3_lkp,P,candidate_requires_clinical_review
haemodynamics.systolic_blood_pressure.ctv3,haemodynamics,systolic_blood_pressure,ctv3,gp_clinical,read_3,exact,true,246W.,Average 24 hour systolic blood pressure,Average 24 hour systolic blood pressure,core,numeric_candidate,mmHg,read_ctv3_lkp,P,candidate_requires_clinical_review
haemodynamics.systolic_blood_pressure.ctv3,haemodynamics,systolic_blood_pressure,ctv3,gp_clinical,read_3,exact,true,246Y.,Average day interval systolic blood pressure,Average day interval systolic blood pressure,core,numeric_candidate,mmHg,read_ctv3_lkp,P,candidate_requires_clinical_review
haemodynamics.systolic_blood_pressure.ctv3,haemodynamics,systolic_blood_pressure,ctv3,gp_clinical,read_3,exact,true,246b.,Average night interval systolic blood pressure,Average night interval systolic blood pressure,core,numeric_candidate,mmHg,read_ctv3_lkp,P,candidate_requires_clinical_review
haemodynamics.systolic_blood_pressure.ctv3,haemodynamics,systolic_blood_pressure,ctv3,gp_clinical,read_3,exact,true,246d.,Average home systolic blood pressure,Average home systolic blood pressure,core,numeric_candidate,mmHg,read_ctv3_lkp,P,candidate_requires_clinical_review
haemodynamics.systolic_blood_pressure.ctv3,haemodynamics,systolic_blood_pressure,ctv3,gp_clinical,read_3,exact,true,246e.,Ambulatory systolic blood pressure,Ambulatory systolic blood pressure,core,numeric_candidate,mmHg,read_ctv3_lkp,P,candidate_requires_clinical_review
haemodynamics.systolic_blood_pressure.ctv3,haemodynamics,systolic_blood_pressure,ctv3,gp_clinical,read_3,exact,true,246l.,Average systolic blood pressure,Average systolic blood pressure,core,numeric_candidate,mmHg,read_ctv3_lkp,P,candidate_requires_clinical_review
haemodynamics.systolic_blood_pressure.ctv3,haemodynamics,systolic_blood_pressure,ctv3,gp_clinical,read_3,exact,true,XaF4F,Average systolic blood pressure,Average systolic blood pressure,core,numeric_candidate,mmHg,read_ctv3_lkp,P,candidate_requires_clinical_review
haemodynamics.systolic_blood_pressure.ctv3,haemodynamics,systolic_blood_pressure,ctv3,gp_clinical,read_3,exact,true,XaF4K,Average night interval systolic blood pressure,Average night interval systolic blood pressure,core,numeric_candidate,mmHg,read_ctv3_lkp,P,candidate_requires_clinical_review
haemodynamics.systolic_blood_pressure.ctv3,haemodynamics,systolic_blood_pressure,ctv3,gp_clinical,read_3,exact,true,XaF4L,Average day interval systolic blood pressure,Average day interval systolic blood pressure,core,numeric_candidate,mmHg,read_ctv3_lkp,P,candidate_requires_clinical_review
haemodynamics.systolic_blood_pressure.ctv3,haemodynamics,systolic_blood_pressure,ctv3,gp_clinical,read_3,exact,true,XaF4O,Average 24 hour systolic blood pressure,Average 24 hour systolic blood pressure,core,numeric_candidate,mmHg,read_ctv3_lkp,P,candidate_requires_clinical_review
haemodynamics.systolic_blood_pressure.ctv3,haemodynamics,systolic_blood_pressure,ctv3,gp_clinical,read_3,exact,true,XaIwj,Standing systolic blood pressure,Standing systolic blood pressure,core,numeric_candidate,mmHg,read_ctv3_lkp,P,candidate_requires_clinical_review
haemodynamics.systolic_blood_pressure.ctv3,haemodynamics,systolic_blood_pressure,ctv3,gp_clinical,read_3,exact,true,XaJ2E,Sitting systolic blood pressure,Sitting systolic blood pressure,core,numeric_candidate,mmHg,read_ctv3_lkp,P,candidate_requires_clinical_review
haemodynamics.systolic_blood_pressure.ctv3,haemodynamics,systolic_blood_pressure,ctv3,gp_clinical,read_3,exact,true,XaJ2G,Lying systolic blood pressure,Lying systolic blood pressure,core,numeric_candidate,mmHg,read_ctv3_lkp,P,candidate_requires_clinical_review
haemodynamics.systolic_blood_pressure.ctv3,haemodynamics,systolic_blood_pressure,ctv3,gp_clinical,read_3,exact,true,XaKFx,Average home systolic blood pressure,Average home systolic blood pressure,core,numeric_candidate,mmHg,read_ctv3_lkp,P,candidate_requires_clinical_review
haemodynamics.systolic_blood_pressure.ctv3,haemodynamics,systolic_blood_pressure,ctv3,gp_clinical,read_3,exact,true,XaKjF,Ambulatory systolic blood pressure,Ambulatory systolic blood pressure,core,numeric_candidate,mmHg,read_ctv3_lkp,P,candidate_requires_clinical_review
haemodynamics.systolic_blood_pressure.ctv3,haemodynamics,systolic_blood_pressure,ctv3,gp_clinical,read_3,exact,true,246j.,Systolic blood pressure centile,Systolic blood pressure centile,extended_review,numeric_candidate,mmHg,read_ctv3_lkp,P,candidate_requires_clinical_review
haemodynamics.systolic_blood_pressure.ctv3,haemodynamics,systolic_blood_pressure,ctv3,gp_clinical,read_3,exact,true,246n1,Baseline systolic blood pressure,Baseline systolic blood pressure,extended_review,numeric_candidate,mmHg,read_ctv3_lkp,P,candidate_requires_clinical_review
haemodynamics.systolic_blood_pressure.ctv3,haemodynamics,systolic_blood_pressure,ctv3,gp_clinical,read_3,exact,true,246o0,Non-invasive central systolic blood pressure,Non-invasive central systolic blood pressure,extended_review,numeric_candidate,mmHg,read_ctv3_lkp,P,candidate_requires_clinical_review
haemodynamics.systolic_blood_pressure.ctv3,haemodynamics,systolic_blood_pressure,ctv3,gp_clinical,read_3,exact,true,X779Q,Non-invasive systolic blood pressure,Non-invasive systolic blood pressure,extended_review,numeric_candidate,mmHg,read_ctv3_lkp,S,candidate_requires_clinical_review
haemodynamics.systolic_blood_pressure.ctv3,haemodynamics,systolic_blood_pressure,ctv3,gp_clinical,read_3,exact,true,X779R,Invasive systolic blood pressure,Invasive systolic blood pressure,extended_review,numeric_candidate,mmHg,read_ctv3_lkp,S,candidate_requires_clinical_review
haemodynamics.systolic_blood_pressure.ctv3,haemodynamics,systolic_blood_pressure,ctv3,gp_clinical,read_3,exact,true,XM02X,Systolic blood pressure,Systolic blood pressure,extended_review,numeric_candidate,mmHg,read_ctv3_lkp,P,candidate_requires_clinical_review
haemodynamics.systolic_blood_pressure.ctv3,haemodynamics,systolic_blood_pressure,ctv3,gp_clinical,read_3,exact,true,XaF4D,Minimum systolic blood pressure,Minimum systolic blood pressure,extended_review,numeric_candidate,mmHg,read_ctv3_lkp,P,candidate_requires_clinical_review
haemodynamics.systolic_blood_pressure.ctv3,haemodynamics,systolic_blood_pressure,ctv3,gp_clinical,read_3,exact,true,XaF4E,Maximum systolic blood pressure,Maximum systolic blood pressure,extended_review,numeric_candidate,mmHg,read_ctv3_lkp,P,candidate_requires_clinical_review
haemodynamics.systolic_blood_pressure.ctv3,haemodynamics,systolic_blood_pressure,ctv3,gp_clinical,read_3,exact,true,XaF4G,Minimum day interval systolic blood pressure,Minimum day interval systolic blood pressure,extended_review,numeric_candidate,mmHg,read_ctv3_lkp,P,candidate_requires_clinical_review
haemodynamics.systolic_blood_pressure.ctv3,haemodynamics,systolic_blood_pressure,ctv3,gp_clinical,read_3,exact,true,XaF4H,Minimum night interval systolic blood pressure,Minimum night interval systolic blood pressure,extended_review,numeric_candidate,mmHg,read_ctv3_lkp,P,candidate_requires_clinical_review
haemodynamics.systolic_blood_pressure.ctv3,haemodynamics,systolic_blood_pressure,ctv3,gp_clinical,read_3,exact,true,XaF4I,Maximum night interval systolic blood pressure,Maximum night interval systolic blood pressure,extended_review,numeric_candidate,mmHg,read_ctv3_lkp,P,candidate_requires_clinical_review
haemodynamics.systolic_blood_pressure.ctv3,haemodynamics,systolic_blood_pressure,ctv3,gp_clinical,read_3,exact,true,XaF4J,Maximum day interval systolic blood pressure,Maximum day interval systolic blood pressure,extended_review,numeric_candidate,mmHg,read_ctv3_lkp,P,candidate_requires_clinical_review
haemodynamics.systolic_blood_pressure.ctv3,haemodynamics,systolic_blood_pressure,ctv3,gp_clinical,read_3,exact,true,XaF4M,Minimum 24 hour systolic blood pressure,Minimum 24 hour systolic blood pressure,extended_review,numeric_candidate,mmHg,read_ctv3_lkp,P,candidate_requires_clinical_review
haemodynamics.systolic_blood_pressure.ctv3,haemodynamics,systolic_blood_pressure,ctv3,gp_clinical,read_3,exact,true,XaF4N,Maximum 24 hour systolic blood pressure,Maximum 24 hour systolic blood pressure,extended_review,numeric_candidate,mmHg,read_ctv3_lkp,P,candidate_requires_clinical_review
haemodynamics.systolic_blood_pressure.ctv3,haemodynamics,systolic_blood_pressure,ctv3,gp_clinical,read_3,exact,true,XaF4d,24 hour systolic blood pressure,24 hour systolic blood pressure,extended_review,numeric_candidate,mmHg,read_ctv3_lkp,P,candidate_requires_clinical_review
haemodynamics.systolic_blood_pressure.ctv3,haemodynamics,systolic_blood_pressure,ctv3,gp_clinical,read_3,exact,true,XaYg9,Systolic blood pressure centile,Systolic blood pressure centile,extended_review,numeric_candidate,mmHg,read_ctv3_lkp,P,candidate_requires_clinical_review
haemodynamics.systolic_blood_pressure.ctv3,haemodynamics,systolic_blood_pressure,ctv3,gp_clinical,read_3,exact,true,Xac5L,Baseline systolic blood pressure,Baseline systolic blood pressure,extended_review,numeric_candidate,mmHg,read_ctv3_lkp,P,candidate_requires_clinical_review
haemodynamics.systolic_blood_pressure.ctv3,haemodynamics,systolic_blood_pressure,ctv3,gp_clinical,read_3,exact,true,Xaedo,Non-invasive central systolic blood pressure,Non-invasive central systolic blood pressure,extended_review,numeric_candidate,mmHg,read_ctv3_lkp,P,candidate_requires_clinical_review
haemodynamics.systolic_blood_pressure.read_v2,haemodynamics,systolic_blood_pressure,read_v2,gp_clinical,read_2,exact,true,2469.,O/E - Systolic BP reading,O/E - Systolic BP reading,core,numeric_candidate,mmHg,read_v2_lkp,00,candidate_requires_clinical_review
haemodynamics.systolic_blood_pressure.read_v2,haemodynamics,systolic_blood_pressure,read_v2,gp_clinical,read_2,exact,true,246N.,Standing systolic blood pressure,Standing systolic blood pressure,core,numeric_candidate,mmHg,read_v2_lkp,00,candidate_requires_clinical_review
haemodynamics.systolic_blood_pressure.read_v2,haemodynamics,systolic_blood_pressure,read_v2,gp_clinical,read_2,exact,true,246Q.,Sitting systolic blood pressure,Sitting systolic blood pressure,core,numeric_candidate,mmHg,read_v2_lkp,00,candidate_requires_clinical_review
haemodynamics.systolic_blood_pressure.read_v2,haemodynamics,systolic_blood_pressure,read_v2,gp_clinical,read_2,exact,true,246S.,Lying systolic blood pressure,Lying systolic blood pressure,core,numeric_candidate,mmHg,read_v2_lkp,00,candidate_requires_clinical_review
haemodynamics.systolic_blood_pressure.read_v2,haemodynamics,systolic_blood_pressure,read_v2,gp_clinical,read_2,exact,true,246W.,Average 24 hour systolic blood pressure,Average 24 hour systolic blood pressure,core,numeric_candidate,mmHg,read_v2_lkp,00,candidate_requires_clinical_review
haemodynamics.systolic_blood_pressure.read_v2,haemodynamics,systolic_blood_pressure,read_v2,gp_clinical,read_2,exact,true,246Y.,Average day interval systolic blood pressure,Average day interval systolic blood pressure,core,numeric_candidate,mmHg,read_v2_lkp,00,candidate_requires_clinical_review
haemodynamics.systolic_blood_pressure.read_v2,haemodynamics,systolic_blood_pressure,read_v2,gp_clinical,read_2,exact,true,246b.,Average night interval systolic blood pressure,Average night interval systolic blood pressure,core,numeric_candidate,mmHg,read_v2_lkp,00,candidate_requires_clinical_review
haemodynamics.systolic_blood_pressure.read_v2,haemodynamics,systolic_blood_pressure,read_v2,gp_clinical,read_2,exact,true,246d.,Average home systolic blood pressure,Average home systolic blood pressure,core,numeric_candidate,mmHg,read_v2_lkp,00,candidate_requires_clinical_review
haemodynamics.systolic_blood_pressure.read_v2,haemodynamics,systolic_blood_pressure,read_v2,gp_clinical,read_2,exact,true,246e.,Ambulatory systolic blood pressure,Ambulatory systolic blood pressure,core,numeric_candidate,mmHg,read_v2_lkp,00,candidate_requires_clinical_review
haemodynamics.systolic_blood_pressure.read_v2,haemodynamics,systolic_blood_pressure,read_v2,gp_clinical,read_2,exact,true,246l.,Average systolic blood pressure,Average systolic blood pressure,core,numeric_candidate,mmHg,read_v2_lkp,00,candidate_requires_clinical_review
haemodynamics.systolic_blood_pressure.read_v2,haemodynamics,systolic_blood_pressure,read_v2,gp_clinical,read_2,exact,true,246j.,Systolic blood pressure centile,Systolic blood pressure centile,extended_review,numeric_candidate,mmHg,read_v2_lkp,00,candidate_requires_clinical_review
haemodynamics.systolic_blood_pressure.read_v2,haemodynamics,systolic_blood_pressure,read_v2,gp_clinical,read_2,exact,true,246n1,Baseline systolic blood pressure,Baseline systolic blood pressure,extended_review,numeric_candidate,mmHg,read_v2_lkp,00,candidate_requires_clinical_review
haemodynamics.systolic_blood_pressure.read_v2,haemodynamics,systolic_blood_pressure,read_v2,gp_clinical,read_2,exact,true,246o0,Non-invasive central systolic blood pressure,Non-invasive central systolic blood pressure,extended_review,numeric_candidate,mmHg,read_v2_lkp,00,candidate_requires_clinical_review
inflammation.c_reactive_protein.ctv3,inflammation,c_reactive_protein,ctv3,gp_clinical,read_3,exact,true,.44CC,Plasma C reactive protein (& level),Plasma C reactive protein (& level) | Plasma C reactive protein,core,numeric_candidate,mg/L,read_ctv3_lkp,P,candidate_requires_clinical_review
inflammation.c_reactive_protein.ctv3,inflammation,c_reactive_protein,ctv3,gp_clinical,read_3,exact,true,.44CS,Serum C reactive protein level,Serum C reactive protein level,core,numeric_candidate,mg/L,read_ctv3_lkp,P,candidate_requires_clinical_review
inflammation.c_reactive_protein.ctv3,inflammation,c_reactive_protein,ctv3,gp_clinical,read_3,exact,true,44CC.,Plasma C reactive protein (& level),Plasma C reactive protein (& level) | Plasma C reactive protein,core,numeric_candidate,mg/L,read_ctv3_lkp,P,candidate_requires_clinical_review
inflammation.c_reactive_protein.ctv3,inflammation,c_reactive_protein,ctv3,gp_clinical,read_3,exact,true,44CS.,Serum C reactive protein level,Serum C reactive protein level,core,numeric_candidate,mg/L,read_ctv3_lkp,P,candidate_requires_clinical_review
inflammation.c_reactive_protein.ctv3,inflammation,c_reactive_protein,ctv3,gp_clinical,read_3,exact,true,X772l,CRP - C-reactive protein level,C-reactive protein level | CRP - C-reactive protein level,core,numeric_candidate,mg/L,read_ctv3_lkp,P,candidate_requires_clinical_review
inflammation.c_reactive_protein.ctv3,inflammation,c_reactive_protein,ctv3,gp_clinical,read_3,exact,true,XE2dy,Plasma C-reactive protein level,Plasma C-reactive protein level,core,numeric_candidate,mg/L,read_ctv3_lkp,P,candidate_requires_clinical_review
inflammation.c_reactive_protein.ctv3,inflammation,c_reactive_protein,ctv3,gp_clinical,read_3,exact,true,XaINL,Serum C reactive protein level,Serum C reactive protein level,core,numeric_candidate,mg/L,read_ctv3_lkp,P,candidate_requires_clinical_review
inflammation.c_reactive_protein.ctv3,inflammation,c_reactive_protein,ctv3,gp_clinical,read_3,exact,true,XaEXm,Plasma C-reactive protein,Plasma C-reactive protein | CRP - Plasma C-reactive protein,extended_review,numeric_candidate,mg/L,read_ctv3_lkp,P,candidate_requires_clinical_review
inflammation.c_reactive_protein.read_v2,inflammation,c_reactive_protein,read_v2,gp_clinical,read_2,exact,true,44CS.,Serum C reactive protein level,Serum C reactive protein level,core,numeric_candidate,mg/L,read_v2_lkp,00,candidate_requires_clinical_review
inflammation.c_reactive_protein.read_v2,inflammation,c_reactive_protein,read_v2,gp_clinical,read_2,exact,true,44CC.,Plasma C reactive protein,Plasma C reactive protein,extended_review,numeric_candidate,mg/L,read_v2_lkp,00,candidate_requires_clinical_review
lipids.apolipoprotein_a.ctv3,lipids,apolipoprotein_a,ctv3,gp_clinical,read_3,exact,true,.44c2,Serum apolipoprotein A-I level,Serum apolipoprotein A-I level,core,numeric_candidate,g/L; verify analyte and source unit,read_ctv3_lkp,P,candidate_requires_clinical_review
lipids.apolipoprotein_a.ctv3,lipids,apolipoprotein_a,ctv3,gp_clinical,read_3,exact,true,.44d6,Plasma apolipoprotein A-I level,Plasma apolipoprotein A-I level,core,numeric_candidate,g/L; verify analyte and source unit,read_ctv3_lkp,P,candidate_requires_clinical_review
lipids.apolipoprotein_a.ctv3,lipids,apolipoprotein_a,ctv3,gp_clinical,read_3,exact,true,44c2.,Serum apolipoprotein A-I level,Serum apolipoprotein A-I level,core,numeric_candidate,g/L; verify analyte and source unit,read_ctv3_lkp,P,candidate_requires_clinical_review
lipids.apolipoprotein_a.ctv3,lipids,apolipoprotein_a,ctv3,gp_clinical,read_3,exact,true,44d6.,Plasma apolipoprotein A-I level,Plasma apolipoprotein A-I level,core,numeric_candidate,g/L; verify analyte and source unit,read_ctv3_lkp,P,candidate_requires_clinical_review
lipids.apolipoprotein_a.ctv3,lipids,apolipoprotein_a,ctv3,gp_clinical,read_3,exact,true,XaEQj,Plasma apolipoprotein A-I level,Plasma apolipoprotein A-I level,core,numeric_candidate,g/L; verify analyte and source unit,read_ctv3_lkp,P,candidate_requires_clinical_review
lipids.apolipoprotein_a.ctv3,lipids,apolipoprotein_a,ctv3,gp_clinical,read_3,exact,true,XaEQk,Serum apolipoprotein A-I level,Serum apolipoprotein A-I level,core,numeric_candidate,g/L; verify analyte and source unit,read_ctv3_lkp,P,candidate_requires_clinical_review
lipids.apolipoprotein_a.read_v2,lipids,apolipoprotein_a,read_v2,gp_clinical,read_2,exact,true,44c2.,Serum apolipoprotein A-I level,Serum apolipoprotein A-I level,core,numeric_candidate,g/L; verify analyte and source unit,read_v2_lkp,00,candidate_requires_clinical_review
lipids.apolipoprotein_a.read_v2,lipids,apolipoprotein_a,read_v2,gp_clinical,read_2,exact,true,44d6.,Plasma apolipoprotein A-I level,Plasma apolipoprotein A-I level,core,numeric_candidate,g/L; verify analyte and source unit,read_v2_lkp,00,candidate_requires_clinical_review
lipids.apolipoprotein_b.ctv3,lipids,apolipoprotein_b,ctv3,gp_clinical,read_3,exact,true,.44c4,Serum apolipoprotein B level,Serum apolipoprotein B level,core,numeric_candidate,g/L; verify source unit,read_ctv3_lkp,P,candidate_requires_clinical_review
lipids.apolipoprotein_b.ctv3,lipids,apolipoprotein_b,ctv3,gp_clinical,read_3,exact,true,.44d8,Plasma apolipoprotein B level,Plasma apolipoprotein B level,core,numeric_candidate,g/L; verify source unit,read_ctv3_lkp,P,candidate_requires_clinical_review
lipids.apolipoprotein_b.ctv3,lipids,apolipoprotein_b,ctv3,gp_clinical,read_3,exact,true,44c4.,Serum apolipoprotein B level,Serum apolipoprotein B level,core,numeric_candidate,g/L; verify source unit,read_ctv3_lkp,P,candidate_requires_clinical_review
lipids.apolipoprotein_b.ctv3,lipids,apolipoprotein_b,ctv3,gp_clinical,read_3,exact,true,44d8.,Plasma apolipoprotein B level,Plasma apolipoprotein B level,core,numeric_candidate,g/L; verify source unit,read_ctv3_lkp,P,candidate_requires_clinical_review
lipids.apolipoprotein_b.ctv3,lipids,apolipoprotein_b,ctv3,gp_clinical,read_3,exact,true,XaEMC,Plasma apolipoprotein B level,Plasma apolipoprotein B level,core,numeric_candidate,g/L; verify source unit,read_ctv3_lkp,P,candidate_requires_clinical_review
lipids.apolipoprotein_b.ctv3,lipids,apolipoprotein_b,ctv3,gp_clinical,read_3,exact,true,XaEQm,Serum apolipoprotein B level,Serum apolipoprotein B level,core,numeric_candidate,g/L; verify source unit,read_ctv3_lkp,P,candidate_requires_clinical_review
lipids.apolipoprotein_b.read_v2,lipids,apolipoprotein_b,read_v2,gp_clinical,read_2,exact,true,44c4.,Serum apolipoprotein B level,Serum apolipoprotein B level,core,numeric_candidate,g/L; verify source unit,read_v2_lkp,00,candidate_requires_clinical_review
lipids.apolipoprotein_b.read_v2,lipids,apolipoprotein_b,read_v2,gp_clinical,read_2,exact,true,44d8.,Plasma apolipoprotein B level,Plasma apolipoprotein B level,core,numeric_candidate,g/L; verify source unit,read_v2_lkp,00,candidate_requires_clinical_review
lipids.hdl_cholesterol.ctv3,lipids,hdl_cholesterol,ctv3,gp_clinical,read_3,exact,true,.44P5,Serum HDL cholesterol level,Serum HDL cholesterol level,core,numeric_candidate,mmol/L,read_ctv3_lkp,P,candidate_requires_clinical_review
lipids.hdl_cholesterol.ctv3,lipids,hdl_cholesterol,ctv3,gp_clinical,read_3,exact,true,.44PB,Serum fasting HDL cholesterol level,Serum fasting HDL cholesterol level,core,numeric_candidate,mmol/L,read_ctv3_lkp,P,candidate_requires_clinical_review
lipids.hdl_cholesterol.ctv3,lipids,hdl_cholesterol,ctv3,gp_clinical,read_3,exact,true,.44PC,Serum random HDL cholesterol level,Serum random HDL cholesterol level,core,numeric_candidate,mmol/L,read_ctv3_lkp,P,candidate_requires_clinical_review
lipids.hdl_cholesterol.ctv3,lipids,hdl_cholesterol,ctv3,gp_clinical,read_3,exact,true,.44d2,Plasma random HDL cholesterol level,Plasma random HDL cholesterol level,core,numeric_candidate,mmol/L,read_ctv3_lkp,P,candidate_requires_clinical_review
lipids.hdl_cholesterol.ctv3,lipids,hdl_cholesterol,ctv3,gp_clinical,read_3,exact,true,.44d3,Plasma fasting HDL cholesterol level,Plasma fasting HDL cholesterol level,core,numeric_candidate,mmol/L,read_ctv3_lkp,P,candidate_requires_clinical_review
lipids.hdl_cholesterol.ctv3,lipids,hdl_cholesterol,ctv3,gp_clinical,read_3,exact,true,.44dA,Plasma HDL cholesterol level,Plasma HDL cholesterol level,core,numeric_candidate,mmol/L,read_ctv3_lkp,P,candidate_requires_clinical_review
lipids.hdl_cholesterol.ctv3,lipids,hdl_cholesterol,ctv3,gp_clinical,read_3,exact,true,44P5.,Serum HDL cholesterol level,Serum HDL cholesterol level,core,numeric_candidate,mmol/L,read_ctv3_lkp,P,candidate_requires_clinical_review
lipids.hdl_cholesterol.ctv3,lipids,hdl_cholesterol,ctv3,gp_clinical,read_3,exact,true,44PB.,Serum fasting HDL cholesterol level,Serum fasting HDL cholesterol level,core,numeric_candidate,mmol/L,read_ctv3_lkp,P,candidate_requires_clinical_review
lipids.hdl_cholesterol.ctv3,lipids,hdl_cholesterol,ctv3,gp_clinical,read_3,exact,true,44PC.,Serum random HDL cholesterol level,Serum random HDL cholesterol level,core,numeric_candidate,mmol/L,read_ctv3_lkp,P,candidate_requires_clinical_review
lipids.hdl_cholesterol.ctv3,lipids,hdl_cholesterol,ctv3,gp_clinical,read_3,exact,true,44d2.,Plasma random HDL cholesterol level,Plasma random HDL cholesterol level,core,numeric_candidate,mmol/L,read_ctv3_lkp,P,candidate_requires_clinical_review
lipids.hdl_cholesterol.ctv3,lipids,hdl_cholesterol,ctv3,gp_clinical,read_3,exact,true,44d3.,Plasma fasting HDL cholesterol level,Plasma fasting HDL cholesterol level,core,numeric_candidate,mmol/L,read_ctv3_lkp,P,candidate_requires_clinical_review
lipids.hdl_cholesterol.ctv3,lipids,hdl_cholesterol,ctv3,gp_clinical,read_3,exact,true,44dA.,Plasma HDL cholesterol level,Plasma HDL cholesterol level,core,numeric_candidate,mmol/L,read_ctv3_lkp,P,candidate_requires_clinical_review
lipids.hdl_cholesterol.ctv3,lipids,hdl_cholesterol,ctv3,gp_clinical,read_3,exact,true,XaEVr,Plasma HDL cholesterol level,Plasma HDL cholesterol level,core,numeric_candidate,mmol/L,read_ctv3_lkp,P,candidate_requires_clinical_review
lipids.hdl_cholesterol.ctv3,lipids,hdl_cholesterol,ctv3,gp_clinical,read_3,exact,true,.44PL,Non high density lipoprotein cholesterol level,Non high density lipoprotein cholesterol level,extended_review,numeric_candidate,mmol/L,read_ctv3_lkp,P,candidate_requires_clinical_review
lipids.hdl_cholesterol.ctv3,lipids,hdl_cholesterol,ctv3,gp_clinical,read_3,exact,true,44PL.,Non high density lipoprotein cholesterol level,Non high density lipoprotein cholesterol level,extended_review,numeric_candidate,mmol/L,read_ctv3_lkp,P,candidate_requires_clinical_review
lipids.hdl_cholesterol.ctv3,lipids,hdl_cholesterol,ctv3,gp_clinical,read_3,exact,true,44PL0,Serum non high density lipoprotein cholesterol level,Serum non high density lipoprotein cholesterol level,extended_review,numeric_candidate,mmol/L,read_ctv3_lkp,P,candidate_requires_clinical_review
lipids.hdl_cholesterol.ctv3,lipids,hdl_cholesterol,ctv3,gp_clinical,read_3,exact,true,44PL1,Estimated serum non-high density lipoprotein cholesterol level,Estimated serum non-high density lipoprotein cholesterol level,extended_review,numeric_candidate,mmol/L,read_ctv3_lkp,P,candidate_requires_clinical_review
lipids.hdl_cholesterol.ctv3,lipids,hdl_cholesterol,ctv3,gp_clinical,read_3,exact,true,X772M,High density lipoprotein cholesterol level,High density lipoprotein cholesterol level | HDL - High density lipoprotein cholesterol level | HDLC - High density lipoprotein cholesterol level,extended_review,numeric_candidate,mmol/L,read_ctv3_lkp,P,candidate_requires_clinical_review
lipids.hdl_cholesterol.ctv3,lipids,hdl_cholesterol,ctv3,gp_clinical,read_3,exact,true,X80NX,High density lipoprotein cholesterol,High density lipoprotein cholesterol | HDL - High density lipoprotein cholesterol | HDLC - High density lipoprotein cholesterol,extended_review,numeric_candidate,mmol/L,read_ctv3_lkp,P,candidate_requires_clinical_review
lipids.hdl_cholesterol.ctv3,lipids,hdl_cholesterol,ctv3,gp_clinical,read_3,exact,true,XaN3z,Non high density lipoprotein cholesterol level,Non high density lipoprotein cholesterol level,extended_review,numeric_candidate,mmol/L,read_ctv3_lkp,P,candidate_requires_clinical_review
lipids.hdl_cholesterol.ctv3,lipids,hdl_cholesterol,ctv3,gp_clinical,read_3,exact,true,XabE1,Serum non high density lipoprotein cholesterol level,Serum non high density lipoprotein cholesterol level,extended_review,numeric_candidate,mmol/L,read_ctv3_lkp,P,candidate_requires_clinical_review
lipids.hdl_cholesterol.ctv3,lipids,hdl_cholesterol,ctv3,gp_clinical,read_3,exact,true,XabT0,Estimated serum non-high density lipoprotein cholesterol level,Estimated serum non-high density lipoprotein cholesterol level,extended_review,numeric_candidate,mmol/L,read_ctv3_lkp,P,candidate_requires_clinical_review
lipids.hdl_cholesterol.read_v2,lipids,hdl_cholesterol,read_v2,gp_clinical,read_2,exact,true,44P5.,Serum HDL cholesterol level,Serum HDL cholesterol level,core,numeric_candidate,mmol/L,read_v2_lkp,00,candidate_requires_clinical_review
lipids.hdl_cholesterol.read_v2,lipids,hdl_cholesterol,read_v2,gp_clinical,read_2,exact,true,44PB.,Serum fasting HDL cholesterol level,Serum fasting HDL cholesterol level,core,numeric_candidate,mmol/L,read_v2_lkp,00,candidate_requires_clinical_review
lipids.hdl_cholesterol.read_v2,lipids,hdl_cholesterol,read_v2,gp_clinical,read_2,exact,true,44PC.,Serum random HDL cholesterol level,Serum random HDL cholesterol level,core,numeric_candidate,mmol/L,read_v2_lkp,00,candidate_requires_clinical_review
lipids.hdl_cholesterol.read_v2,lipids,hdl_cholesterol,read_v2,gp_clinical,read_2,exact,true,44d2.,Plasma random HDL cholesterol level,Plasma random HDL cholesterol level,core,numeric_candidate,mmol/L,read_v2_lkp,00,candidate_requires_clinical_review
lipids.hdl_cholesterol.read_v2,lipids,hdl_cholesterol,read_v2,gp_clinical,read_2,exact,true,44d3.,Plasma fasting HDL cholesterol level,Plasma fasting HDL cholesterol level,core,numeric_candidate,mmol/L,read_v2_lkp,00,candidate_requires_clinical_review
lipids.hdl_cholesterol.read_v2,lipids,hdl_cholesterol,read_v2,gp_clinical,read_2,exact,true,44dA.,Plasma HDL cholesterol level,Plasma HDL cholesterol level,core,numeric_candidate,mmol/L,read_v2_lkp,00,candidate_requires_clinical_review
lipids.hdl_cholesterol.read_v2,lipids,hdl_cholesterol,read_v2,gp_clinical,read_2,exact,true,44PL0,Serum non high density lipoprotein cholesterol level,Serum non high density lipoprotein cholesterol level,extended_review,numeric_candidate,mmol/L,read_v2_lkp,00,candidate_requires_clinical_review
lipids.hdl_cholesterol.read_v2,lipids,hdl_cholesterol,read_v2,gp_clinical,read_2,exact,true,44PL1,Estimated serum non-high density lipoprotein cholesterol level,Estimated serum non-high density lipoprotein cholesterol level,extended_review,numeric_candidate,mmol/L,read_v2_lkp,00,candidate_requires_clinical_review
lipids.ldl_cholesterol.ctv3,lipids,ldl_cholesterol,ctv3,gp_clinical,read_3,exact,true,.44P6,Serum LDL cholesterol level,Serum LDL cholesterol level,core,numeric_candidate,mmol/L,read_ctv3_lkp,P,candidate_requires_clinical_review
lipids.ldl_cholesterol.ctv3,lipids,ldl_cholesterol,ctv3,gp_clinical,read_3,exact,true,.44PD,Serum fasting LDL cholesterol level,Serum fasting LDL cholesterol level,core,numeric_candidate,mmol/L,read_ctv3_lkp,P,candidate_requires_clinical_review
lipids.ldl_cholesterol.ctv3,lipids,ldl_cholesterol,ctv3,gp_clinical,read_3,exact,true,.44PE,Serum random LDL cholesterol level,Serum random LDL cholesterol level,core,numeric_candidate,mmol/L,read_ctv3_lkp,P,candidate_requires_clinical_review
lipids.ldl_cholesterol.ctv3,lipids,ldl_cholesterol,ctv3,gp_clinical,read_3,exact,true,.44PI,Calculated LDL cholesterol level,Calculated LDL cholesterol level,core,numeric_candidate,mmol/L,read_ctv3_lkp,P,candidate_requires_clinical_review
lipids.ldl_cholesterol.ctv3,lipids,ldl_cholesterol,ctv3,gp_clinical,read_3,exact,true,.44d4,Plasma random LDL cholesterol level,Plasma random LDL cholesterol level,core,numeric_candidate,mmol/L,read_ctv3_lkp,P,candidate_requires_clinical_review
lipids.ldl_cholesterol.ctv3,lipids,ldl_cholesterol,ctv3,gp_clinical,read_3,exact,true,.44d5,Plasma fasting LDL cholesterol level,Plasma fasting LDL cholesterol level,core,numeric_candidate,mmol/L,read_ctv3_lkp,P,candidate_requires_clinical_review
lipids.ldl_cholesterol.ctv3,lipids,ldl_cholesterol,ctv3,gp_clinical,read_3,exact,true,.44dB,Plasma LDL cholesterol level,Plasma LDL cholesterol level,core,numeric_candidate,mmol/L,read_ctv3_lkp,P,candidate_requires_clinical_review
lipids.ldl_cholesterol.ctv3,lipids,ldl_cholesterol,ctv3,gp_clinical,read_3,exact,true,44P6.,Serum LDL cholesterol level,Serum LDL cholesterol level,core,numeric_candidate,mmol/L,read_ctv3_lkp,P,candidate_requires_clinical_review
lipids.ldl_cholesterol.ctv3,lipids,ldl_cholesterol,ctv3,gp_clinical,read_3,exact,true,44PD.,Serum fasting LDL cholesterol level,Serum fasting LDL cholesterol level,core,numeric_candidate,mmol/L,read_ctv3_lkp,P,candidate_requires_clinical_review
lipids.ldl_cholesterol.ctv3,lipids,ldl_cholesterol,ctv3,gp_clinical,read_3,exact,true,44PE.,Serum random LDL cholesterol level,Serum random LDL cholesterol level,core,numeric_candidate,mmol/L,read_ctv3_lkp,P,candidate_requires_clinical_review
lipids.ldl_cholesterol.ctv3,lipids,ldl_cholesterol,ctv3,gp_clinical,read_3,exact,true,44PI.,Calculated LDL cholesterol level,Calculated LDL cholesterol level,core,numeric_candidate,mmol/L,read_ctv3_lkp,P,candidate_requires_clinical_review
lipids.ldl_cholesterol.ctv3,lipids,ldl_cholesterol,ctv3,gp_clinical,read_3,exact,true,44d4.,Plasma random LDL cholesterol level,Plasma random LDL cholesterol level,core,numeric_candidate,mmol/L,read_ctv3_lkp,P,candidate_requires_clinical_review
lipids.ldl_cholesterol.ctv3,lipids,ldl_cholesterol,ctv3,gp_clinical,read_3,exact,true,44d5.,Plasma fasting LDL cholesterol level,Plasma fasting LDL cholesterol level,core,numeric_candidate,mmol/L,read_ctv3_lkp,P,candidate_requires_clinical_review
lipids.ldl_cholesterol.ctv3,lipids,ldl_cholesterol,ctv3,gp_clinical,read_3,exact,true,44dB.,Plasma LDL cholesterol level,Plasma LDL cholesterol level,core,numeric_candidate,mmol/L,read_ctv3_lkp,P,candidate_requires_clinical_review
lipids.ldl_cholesterol.ctv3,lipids,ldl_cholesterol,ctv3,gp_clinical,read_3,exact,true,XaEVs,Plasma LDL cholesterol level,Plasma LDL cholesterol level,core,numeric_candidate,mmol/L,read_ctv3_lkp,P,candidate_requires_clinical_review
lipids.ldl_cholesterol.ctv3,lipids,ldl_cholesterol,ctv3,gp_clinical,read_3,exact,true,XaIp4,Calculated LDL cholesterol level,Calculated LDL cholesterol level,core,numeric_candidate,mmol/L,read_ctv3_lkp,P,candidate_requires_clinical_review
lipids.ldl_cholesterol.ctv3,lipids,ldl_cholesterol,ctv3,gp_clinical,read_3,exact,true,X772N,Low density lipoprotein cholesterol level,Low density lipoprotein cholesterol level | LDL - Low density lipoprotein cholesterol level | LDLC - Low density lipoprotein cholesterol level,extended_review,numeric_candidate,mmol/L,read_ctv3_lkp,P,candidate_requires_clinical_review
lipids.ldl_cholesterol.ctv3,lipids,ldl_cholesterol,ctv3,gp_clinical,read_3,exact,true,X80Ni,Low density lipoprotein cholesterol,Low density lipoprotein cholesterol | LDL - Low density lipoprotein cholesterol | LDLC - Low density lipoprotein cholesterol,extended_review,numeric_candidate,mmol/L,read_ctv3_lkp,P,candidate_requires_clinical_review
lipids.ldl_cholesterol.ctv3,lipids,ldl_cholesterol,ctv3,gp_clinical,read_3,exact,true,X80Nq,Very low density lipoprotein cholesterol,Very low density lipoprotein cholesterol | VLDL - Very low density lipoprotein cholesterol,extended_review,numeric_candidate,mmol/L,read_ctv3_lkp,P,candidate_requires_clinical_review
lipids.ldl_cholesterol.read_v2,lipids,ldl_cholesterol,read_v2,gp_clinical,read_2,exact,true,44P6.,Serum LDL cholesterol level,Serum LDL cholesterol level,core,numeric_candidate,mmol/L,read_v2_lkp,00,candidate_requires_clinical_review
lipids.ldl_cholesterol.read_v2,lipids,ldl_cholesterol,read_v2,gp_clinical,read_2,exact,true,44PD.,Serum fasting LDL cholesterol level,Serum fasting LDL cholesterol level,core,numeric_candidate,mmol/L,read_v2_lkp,00,candidate_requires_clinical_review
lipids.ldl_cholesterol.read_v2,lipids,ldl_cholesterol,read_v2,gp_clinical,read_2,exact,true,44PE.,Serum random LDL cholesterol level,Serum random LDL cholesterol level,core,numeric_candidate,mmol/L,read_v2_lkp,00,candidate_requires_clinical_review
lipids.ldl_cholesterol.read_v2,lipids,ldl_cholesterol,read_v2,gp_clinical,read_2,exact,true,44PI.,Calculated LDL cholesterol level,Calculated LDL cholesterol level,core,numeric_candidate,mmol/L,read_v2_lkp,00,candidate_requires_clinical_review
lipids.ldl_cholesterol.read_v2,lipids,ldl_cholesterol,read_v2,gp_clinical,read_2,exact,true,44d4.,Plasma random LDL cholesterol level,Plasma random LDL cholesterol level,core,numeric_candidate,mmol/L,read_v2_lkp,00,candidate_requires_clinical_review
lipids.ldl_cholesterol.read_v2,lipids,ldl_cholesterol,read_v2,gp_clinical,read_2,exact,true,44d5.,Plasma fasting LDL cholesterol level,Plasma fasting LDL cholesterol level,core,numeric_candidate,mmol/L,read_v2_lkp,00,candidate_requires_clinical_review
lipids.ldl_cholesterol.read_v2,lipids,ldl_cholesterol,read_v2,gp_clinical,read_2,exact,true,44dB.,Plasma LDL cholesterol level,Plasma LDL cholesterol level,core,numeric_candidate,mmol/L,read_v2_lkp,00,candidate_requires_clinical_review
lipids.lipoprotein_a.ctv3,lipids,lipoprotein_a,ctv3,gp_clinical,read_3,exact,true,4Q3G0,Serum lipoprotein(a) level,Serum lipoprotein(a) level,core,numeric_candidate,nmol/L or mg/dL; do not convert without an assay-specific factor,read_ctv3_lkp,P,candidate_requires_clinical_review
lipids.lipoprotein_a.ctv3,lipids,lipoprotein_a,ctv3,gp_clinical,read_3,exact,true,XacJJ,Serum lipoprotein(a) level,Serum lipoprotein(a) level,core,numeric_candidate,nmol/L or mg/dL; do not convert without an assay-specific factor,read_ctv3_lkp,P,candidate_requires_clinical_review
lipids.lipoprotein_a.read_v2,lipids,lipoprotein_a,read_v2,gp_clinical,read_2,exact,true,4Q3G0,Serum lipoprotein(a) level,Serum lipoprotein(a) level,core,numeric_candidate,nmol/L or mg/dL; do not convert without an assay-specific factor,read_v2_lkp,00,candidate_requires_clinical_review
lipids.total_cholesterol.ctv3,lipids,total_cholesterol,ctv3,gp_clinical,read_3,exact,true,.44P.,Serum cholesterol,Serum cholesterol (& level) | Serum cholesterol,core,numeric_candidate,mmol/L,read_ctv3_lkp,P,candidate_requires_clinical_review
lipids.total_cholesterol.ctv3,lipids,total_cholesterol,ctv3,gp_clinical,read_3,exact,true,.44PH,Total cholesterol measurement,Total cholesterol measurement,core,numeric_candidate,mmol/L,read_ctv3_lkp,P,candidate_requires_clinical_review
lipids.total_cholesterol.ctv3,lipids,total_cholesterol,ctv3,gp_clinical,read_3,exact,true,44P..,Serum cholesterol,Serum cholesterol (& level) | Serum cholesterol,core,numeric_candidate,mmol/L,read_ctv3_lkp,P,candidate_requires_clinical_review
lipids.total_cholesterol.ctv3,lipids,total_cholesterol,ctv3,gp_clinical,read_3,exact,true,44PH.,Total cholesterol measurement,Total cholesterol measurement,core,numeric_candidate,mmol/L,read_ctv3_lkp,P,candidate_requires_clinical_review
lipids.total_cholesterol.ctv3,lipids,total_cholesterol,ctv3,gp_clinical,read_3,exact,true,XE2eD,Serum cholesterol,Serum cholesterol level | Serum cholesterol,core,numeric_candidate,mmol/L,read_ctv3_lkp,P,candidate_requires_clinical_review
lipids.total_cholesterol.ctv3,lipids,total_cholesterol,ctv3,gp_clinical,read_3,exact,true,XSK14,Total cholesterol measurement,Total cholesterol measurement,core,numeric_candidate,mmol/L,read_ctv3_lkp,P,candidate_requires_clinical_review
lipids.total_cholesterol.ctv3,lipids,total_cholesterol,ctv3,gp_clinical,read_3,exact,true,Xa86v,Total cholesterol,Total cholesterol,core,numeric_candidate,mmol/L,read_ctv3_lkp,P,candidate_requires_clinical_review
lipids.total_cholesterol.ctv3,lipids,total_cholesterol,ctv3,gp_clinical,read_3,exact,true,.44OE,Plasma total cholesterol level,Plasma total cholesterol level,extended_review,numeric_candidate,mmol/L,read_ctv3_lkp,P,candidate_requires_clinical_review
lipids.total_cholesterol.ctv3,lipids,total_cholesterol,ctv3,gp_clinical,read_3,exact,true,.44P1,Serum cholesterol normal,Serum cholesterol normal,extended_review,numeric_candidate,mmol/L,read_ctv3_lkp,P,candidate_requires_clinical_review
lipids.total_cholesterol.ctv3,lipids,total_cholesterol,ctv3,gp_clinical,read_3,exact,true,.44P2,Serum cholesterol borderline,Serum cholesterol borderline,extended_review,numeric_candidate,mmol/L,read_ctv3_lkp,P,candidate_requires_clinical_review
lipids.total_cholesterol.ctv3,lipids,total_cholesterol,ctv3,gp_clinical,read_3,exact,true,.44P3,Serum cholesterol raised,Serum cholesterol raised,extended_review,numeric_candidate,mmol/L,read_ctv3_lkp,P,candidate_requires_clinical_review
lipids.total_cholesterol.ctv3,lipids,total_cholesterol,ctv3,gp_clinical,read_3,exact,true,.44P4,Serum cholesterol very high,Serum cholesterol very high,extended_review,numeric_candidate,mmol/L,read_ctv3_lkp,P,candidate_requires_clinical_review
lipids.total_cholesterol.ctv3,lipids,total_cholesterol,ctv3,gp_clinical,read_3,exact,true,.44P9,Serum cholesterol studies,Serum cholesterol studies,extended_review,numeric_candidate,mmol/L,read_ctv3_lkp,P,candidate_requires_clinical_review
lipids.total_cholesterol.ctv3,lipids,total_cholesterol,ctv3,gp_clinical,read_3,exact,true,.44PJ,Serum total cholesterol level,Serum total cholesterol level,extended_review,numeric_candidate,mmol/L,read_ctv3_lkp,P,candidate_requires_clinical_review
lipids.total_cholesterol.ctv3,lipids,total_cholesterol,ctv3,gp_clinical,read_3,exact,true,.44PK,Serum fasting total cholesterol,Serum fasting total cholesterol,extended_review,numeric_candidate,mmol/L,read_ctv3_lkp,P,candidate_requires_clinical_review
lipids.total_cholesterol.ctv3,lipids,total_cholesterol,ctv3,gp_clinical,read_3,exact,true,.44PZ,Serum cholesterol NOS,Serum cholesterol NOS,extended_review,numeric_candidate,mmol/L,read_ctv3_lkp,P,candidate_requires_clinical_review
lipids.total_cholesterol.ctv3,lipids,total_cholesterol,ctv3,gp_clinical,read_3,exact,true,.662a,Pre-treatment serum cholesterol level,Pre-treatment serum cholesterol level,extended_review,numeric_candidate,mmol/L,read_ctv3_lkp,P,candidate_requires_clinical_review
lipids.total_cholesterol.ctv3,lipids,total_cholesterol,ctv3,gp_clinical,read_3,exact,true,44OE.,Plasma total cholesterol level,Plasma total cholesterol level,extended_review,numeric_candidate,mmol/L,read_ctv3_lkp,P,candidate_requires_clinical_review
lipids.total_cholesterol.ctv3,lipids,total_cholesterol,ctv3,gp_clinical,read_3,exact,true,44P1.,Serum cholesterol normal,Serum cholesterol normal,extended_review,numeric_candidate,mmol/L,read_ctv3_lkp,P,candidate_requires_clinical_review
lipids.total_cholesterol.ctv3,lipids,total_cholesterol,ctv3,gp_clinical,read_3,exact,true,44P2.,Serum cholesterol borderline,Serum cholesterol borderline,extended_review,numeric_candidate,mmol/L,read_ctv3_lkp,P,candidate_requires_clinical_review
lipids.total_cholesterol.ctv3,lipids,total_cholesterol,ctv3,gp_clinical,read_3,exact,true,44P3.,Serum cholesterol raised,Serum cholesterol raised,extended_review,numeric_candidate,mmol/L,read_ctv3_lkp,P,candidate_requires_clinical_review
lipids.total_cholesterol.ctv3,lipids,total_cholesterol,ctv3,gp_clinical,read_3,exact,true,44P4.,Serum cholesterol very high,Serum cholesterol very high,extended_review,numeric_candidate,mmol/L,read_ctv3_lkp,P,candidate_requires_clinical_review
lipids.total_cholesterol.ctv3,lipids,total_cholesterol,ctv3,gp_clinical,read_3,exact,true,44P9.,Serum cholesterol studies,Serum cholesterol studies,extended_review,numeric_candidate,mmol/L,read_ctv3_lkp,P,candidate_requires_clinical_review
lipids.total_cholesterol.ctv3,lipids,total_cholesterol,ctv3,gp_clinical,read_3,exact,true,44PJ.,Serum total cholesterol level,Serum total cholesterol level,extended_review,numeric_candidate,mmol/L,read_ctv3_lkp,P,candidate_requires_clinical_review
lipids.total_cholesterol.ctv3,lipids,total_cholesterol,ctv3,gp_clinical,read_3,exact,true,44PK.,Serum fasting total cholesterol,Serum fasting total cholesterol,extended_review,numeric_candidate,mmol/L,read_ctv3_lkp,P,candidate_requires_clinical_review
lipids.total_cholesterol.ctv3,lipids,total_cholesterol,ctv3,gp_clinical,read_3,exact,true,44PZ.,Serum cholesterol NOS,Serum cholesterol NOS,extended_review,numeric_candidate,mmol/L,read_ctv3_lkp,P,candidate_requires_clinical_review
lipids.total_cholesterol.ctv3,lipids,total_cholesterol,ctv3,gp_clinical,read_3,exact,true,662a.,Pre-treatment serum cholesterol level,Pre-treatment serum cholesterol level,extended_review,numeric_candidate,mmol/L,read_ctv3_lkp,P,candidate_requires_clinical_review
lipids.total_cholesterol.ctv3,lipids,total_cholesterol,ctv3,gp_clinical,read_3,exact,true,XaIRd,Plasma total cholesterol level,Plasma total cholesterol level,extended_review,numeric_candidate,mmol/L,read_ctv3_lkp,P,candidate_requires_clinical_review
lipids.total_cholesterol.ctv3,lipids,total_cholesterol,ctv3,gp_clinical,read_3,exact,true,XaIqd,Pre-treatment serum cholesterol level,Pre-treatment serum cholesterol level,extended_review,numeric_candidate,mmol/L,read_ctv3_lkp,P,candidate_requires_clinical_review
lipids.total_cholesterol.ctv3,lipids,total_cholesterol,ctv3,gp_clinical,read_3,exact,true,XaJe9,Serum total cholesterol level,Serum total cholesterol level,extended_review,numeric_candidate,mmol/L,read_ctv3_lkp,P,candidate_requires_clinical_review
lipids.total_cholesterol.ctv3,lipids,total_cholesterol,ctv3,gp_clinical,read_3,exact,true,XaLux,Serum fasting total cholesterol,Serum fasting total cholesterol,extended_review,numeric_candidate,mmol/L,read_ctv3_lkp,P,candidate_requires_clinical_review
lipids.total_cholesterol.read_v2,lipids,total_cholesterol,read_v2,gp_clinical,read_2,exact,true,44P..,Serum cholesterol,Serum cholesterol,core,numeric_candidate,mmol/L,read_v2_lkp,00,candidate_requires_clinical_review
lipids.total_cholesterol.read_v2,lipids,total_cholesterol,read_v2,gp_clinical,read_2,exact,true,44PH.,Total cholesterol measurement,Total cholesterol measurement,core,numeric_candidate,mmol/L,read_v2_lkp,00,candidate_requires_clinical_review
lipids.total_cholesterol.read_v2,lipids,total_cholesterol,read_v2,gp_clinical,read_2,exact,true,44OE.,Plasma total cholesterol level,Plasma total cholesterol level,extended_review,numeric_candidate,mmol/L,read_v2_lkp,00,candidate_requires_clinical_review
lipids.total_cholesterol.read_v2,lipids,total_cholesterol,read_v2,gp_clinical,read_2,exact,true,44P1.,Serum cholesterol normal,Serum cholesterol normal,extended_review,numeric_candidate,mmol/L,read_v2_lkp,00,candidate_requires_clinical_review
lipids.total_cholesterol.read_v2,lipids,total_cholesterol,read_v2,gp_clinical,read_2,exact,true,44P2.,Serum cholesterol borderline,Serum cholesterol borderline,extended_review,numeric_candidate,mmol/L,read_v2_lkp,00,candidate_requires_clinical_review
lipids.total_cholesterol.read_v2,lipids,total_cholesterol,read_v2,gp_clinical,read_2,exact,true,44P3.,Serum cholesterol raised,Serum cholesterol raised,extended_review,numeric_candidate,mmol/L,read_v2_lkp,00,candidate_requires_clinical_review
lipids.total_cholesterol.read_v2,lipids,total_cholesterol,read_v2,gp_clinical,read_2,exact,true,44P4.,Serum cholesterol very high,Serum cholesterol very high,extended_review,numeric_candidate,mmol/L,read_v2_lkp,00,candidate_requires_clinical_review
lipids.total_cholesterol.read_v2,lipids,total_cholesterol,read_v2,gp_clinical,read_2,exact,true,44P9.,Serum cholesterol studies,Serum cholesterol studies,extended_review,numeric_candidate,mmol/L,read_v2_lkp,00,candidate_requires_clinical_review
lipids.total_cholesterol.read_v2,lipids,total_cholesterol,read_v2,gp_clinical,read_2,exact,true,44PJ.,Serum total cholesterol level,Serum total cholesterol level,extended_review,numeric_candidate,mmol/L,read_v2_lkp,00,candidate_requires_clinical_review
lipids.total_cholesterol.read_v2,lipids,total_cholesterol,read_v2,gp_clinical,read_2,exact,true,44PK.,Serum fasting total cholesterol,Serum fasting total cholesterol,extended_review,numeric_candidate,mmol/L,read_v2_lkp,00,candidate_requires_clinical_review
lipids.total_cholesterol.read_v2,lipids,total_cholesterol,read_v2,gp_clinical,read_2,exact,true,44PZ.,Serum cholesterol NOS,Serum cholesterol NOS,extended_review,numeric_candidate,mmol/L,read_v2_lkp,00,candidate_requires_clinical_review
lipids.total_cholesterol.read_v2,lipids,total_cholesterol,read_v2,gp_clinical,read_2,exact,true,662a.,Pre-treatment serum cholesterol level,Pre-treatment serum cholesterol level,extended_review,numeric_candidate,mmol/L,read_v2_lkp,00,candidate_requires_clinical_review
lipids.triglycerides.ctv3,lipids,triglycerides,ctv3,gp_clinical,read_3,exact,true,.44Q.,Serum triglycerides,Serum triglycerides (& level) | Serum triglycerides,core,numeric_candidate,mmol/L,read_ctv3_lkp,P,candidate_requires_clinical_review
lipids.triglycerides.ctv3,lipids,triglycerides,ctv3,gp_clinical,read_3,exact,true,.44e.,Plasma triglyceride level,Plasma triglyceride level,core,numeric_candidate,mmol/L,read_ctv3_lkp,P,candidate_requires_clinical_review
lipids.triglycerides.ctv3,lipids,triglycerides,ctv3,gp_clinical,read_3,exact,true,44Q..,Serum triglycerides,Serum triglycerides (& level) | Serum triglycerides,core,numeric_candidate,mmol/L,read_ctv3_lkp,P,candidate_requires_clinical_review
lipids.triglycerides.ctv3,lipids,triglycerides,ctv3,gp_clinical,read_3,exact,true,44e..,Plasma triglyceride level,Plasma triglyceride level,core,numeric_candidate,mmol/L,read_ctv3_lkp,P,candidate_requires_clinical_review
lipids.triglycerides.ctv3,lipids,triglycerides,ctv3,gp_clinical,read_3,exact,true,XE2q9,Serum triglycerides,Serum triglyceride levels | Serum triglycerides,core,numeric_candidate,mmol/L,read_ctv3_lkp,P,candidate_requires_clinical_review
lipids.triglycerides.ctv3,lipids,triglycerides,ctv3,gp_clinical,read_3,exact,true,.44O8,Plasma VLDL triglyceride level,Plasma VLDL triglyceride level,extended_review,numeric_candidate,mmol/L,read_ctv3_lkp,P,candidate_requires_clinical_review
lipids.triglycerides.ctv3,lipids,triglycerides,ctv3,gp_clinical,read_3,exact,true,.44OB,Serum VLDL triglyceride level,Serum VLDL triglyceride level,extended_review,numeric_candidate,mmol/L,read_ctv3_lkp,P,candidate_requires_clinical_review
lipids.triglycerides.ctv3,lipids,triglycerides,ctv3,gp_clinical,read_3,exact,true,.44Q1,Serum triglycerides normal,Serum triglycerides normal,extended_review,numeric_candidate,mmol/L,read_ctv3_lkp,P,candidate_requires_clinical_review
lipids.triglycerides.ctv3,lipids,triglycerides,ctv3,gp_clinical,read_3,exact,true,.44Q2,Serum triglycerides borderline,Serum triglycerides borderline,extended_review,numeric_candidate,mmol/L,read_ctv3_lkp,P,candidate_requires_clinical_review
lipids.triglycerides.ctv3,lipids,triglycerides,ctv3,gp_clinical,read_3,exact,true,.44Q3,Serum triglycerides raised,Serum triglycerides raised,extended_review,numeric_candidate,mmol/L,read_ctv3_lkp,P,candidate_requires_clinical_review
lipids.triglycerides.ctv3,lipids,triglycerides,ctv3,gp_clinical,read_3,exact,true,.44Q4,Serum fasting triglyceride level,Serum fasting triglyceride level,extended_review,numeric_candidate,mmol/L,read_ctv3_lkp,P,candidate_requires_clinical_review
lipids.triglycerides.ctv3,lipids,triglycerides,ctv3,gp_clinical,read_3,exact,true,.44Q5,Serum random triglyceride level,Serum random triglyceride level,extended_review,numeric_candidate,mmol/L,read_ctv3_lkp,P,candidate_requires_clinical_review
lipids.triglycerides.ctv3,lipids,triglycerides,ctv3,gp_clinical,read_3,exact,true,.44QZ,Serum triglycerides NOS,Serum triglycerides NOS,extended_review,numeric_candidate,mmol/L,read_ctv3_lkp,P,candidate_requires_clinical_review
lipids.triglycerides.ctv3,lipids,triglycerides,ctv3,gp_clinical,read_3,exact,true,.44e0,Plasma random triglyceride level,Plasma random triglyceride level,extended_review,numeric_candidate,mmol/L,read_ctv3_lkp,P,candidate_requires_clinical_review
lipids.triglycerides.ctv3,lipids,triglycerides,ctv3,gp_clinical,read_3,exact,true,.44e1,Plasma fasting triglyceride level,Plasma fasting triglyceride level,extended_review,numeric_candidate,mmol/L,read_ctv3_lkp,P,candidate_requires_clinical_review
lipids.triglycerides.ctv3,lipids,triglycerides,ctv3,gp_clinical,read_3,exact,true,.4I3W,Fluid sample triglyceride level,Fluid sample triglyceride level,extended_review,numeric_candidate,mmol/L,read_ctv3_lkp,P,candidate_requires_clinical_review
lipids.triglycerides.ctv3,lipids,triglycerides,ctv3,gp_clinical,read_3,exact,true,.4QA1,Triglyceride level,Triglyceride level | TG - Triglyceride level,extended_review,numeric_candidate,mmol/L,read_ctv3_lkp,P,candidate_requires_clinical_review
lipids.triglycerides.ctv3,lipids,triglycerides,ctv3,gp_clinical,read_3,exact,true,44O8.,Plasma VLDL triglyceride level,Plasma VLDL triglyceride level,extended_review,numeric_candidate,mmol/L,read_ctv3_lkp,P,candidate_requires_clinical_review
lipids.triglycerides.ctv3,lipids,triglycerides,ctv3,gp_clinical,read_3,exact,true,44OB.,Serum VLDL triglyceride level,Serum VLDL triglyceride level,extended_review,numeric_candidate,mmol/L,read_ctv3_lkp,P,candidate_requires_clinical_review
lipids.triglycerides.ctv3,lipids,triglycerides,ctv3,gp_clinical,read_3,exact,true,44Q1.,Serum triglycerides normal,Serum triglycerides normal,extended_review,numeric_candidate,mmol/L,read_ctv3_lkp,P,candidate_requires_clinical_review
lipids.triglycerides.ctv3,lipids,triglycerides,ctv3,gp_clinical,read_3,exact,true,44Q2.,Serum triglycerides borderline,Serum triglycerides borderline,extended_review,numeric_candidate,mmol/L,read_ctv3_lkp,P,candidate_requires_clinical_review
lipids.triglycerides.ctv3,lipids,triglycerides,ctv3,gp_clinical,read_3,exact,true,44Q3.,Serum triglycerides raised,Serum triglycerides raised,extended_review,numeric_candidate,mmol/L,read_ctv3_lkp,P,candidate_requires_clinical_review
lipids.triglycerides.ctv3,lipids,triglycerides,ctv3,gp_clinical,read_3,exact,true,44Q4.,Serum fasting triglyceride level,Serum fasting triglyceride level,extended_review,numeric_candidate,mmol/L,read_ctv3_lkp,P,candidate_requires_clinical_review
lipids.triglycerides.ctv3,lipids,triglycerides,ctv3,gp_clinical,read_3,exact,true,44Q5.,Serum random triglyceride level,Serum random triglyceride level,extended_review,numeric_candidate,mmol/L,read_ctv3_lkp,P,candidate_requires_clinical_review
lipids.triglycerides.ctv3,lipids,triglycerides,ctv3,gp_clinical,read_3,exact,true,44QZ.,Serum triglycerides NOS,Serum triglycerides NOS,extended_review,numeric_candidate,mmol/L,read_ctv3_lkp,P,candidate_requires_clinical_review
lipids.triglycerides.ctv3,lipids,triglycerides,ctv3,gp_clinical,read_3,exact,true,44e0.,Plasma random triglyceride level,Plasma random triglyceride level,extended_review,numeric_candidate,mmol/L,read_ctv3_lkp,P,candidate_requires_clinical_review
lipids.triglycerides.ctv3,lipids,triglycerides,ctv3,gp_clinical,read_3,exact,true,44e1.,Plasma fasting triglyceride level,Plasma fasting triglyceride level,extended_review,numeric_candidate,mmol/L,read_ctv3_lkp,P,candidate_requires_clinical_review
lipids.triglycerides.ctv3,lipids,triglycerides,ctv3,gp_clinical,read_3,exact,true,4I3W.,Fluid sample triglyceride level,Fluid sample triglyceride level,extended_review,numeric_candidate,mmol/L,read_ctv3_lkp,P,candidate_requires_clinical_review
lipids.triglycerides.ctv3,lipids,triglycerides,ctv3,gp_clinical,read_3,exact,true,4QA1.,Triglyceride level,Triglyceride level | TG - Triglyceride level,extended_review,numeric_candidate,mmol/L,read_ctv3_lkp,P,candidate_requires_clinical_review
lipids.triglycerides.ctv3,lipids,triglycerides,ctv3,gp_clinical,read_3,exact,true,X772O,Triglyceride level,Triglyceride level | TG - Triglyceride level,extended_review,numeric_candidate,mmol/L,read_ctv3_lkp,P,candidate_requires_clinical_review
lipids.triglycerides.ctv3,lipids,triglycerides,ctv3,gp_clinical,read_3,exact,true,XaENH,Serum VLDL triglyceride level,Serum VLDL triglyceride level,extended_review,numeric_candidate,mmol/L,read_ctv3_lkp,P,candidate_requires_clinical_review
lipids.triglycerides.ctv3,lipids,triglycerides,ctv3,gp_clinical,read_3,exact,true,XaERk,Plasma VLDL triglyceride level,Plasma VLDL triglyceride level,extended_review,numeric_candidate,mmol/L,read_ctv3_lkp,P,candidate_requires_clinical_review
lipids.triglycerides.ctv3,lipids,triglycerides,ctv3,gp_clinical,read_3,exact,true,XaJjP,Fluid sample triglyceride level,Fluid sample triglyceride level,extended_review,numeric_candidate,mmol/L,read_ctv3_lkp,P,candidate_requires_clinical_review
lipids.triglycerides.read_v2,lipids,triglycerides,read_v2,gp_clinical,read_2,exact,true,44Q..,Serum triglycerides,Serum triglycerides,core,numeric_candidate,mmol/L,read_v2_lkp,00,candidate_requires_clinical_review
lipids.triglycerides.read_v2,lipids,triglycerides,read_v2,gp_clinical,read_2,exact,true,44e..,Plasma triglyceride level,Plasma triglyceride level,core,numeric_candidate,mmol/L,read_v2_lkp,00,candidate_requires_clinical_review
lipids.triglycerides.read_v2,lipids,triglycerides,read_v2,gp_clinical,read_2,exact,true,44O8.,Plasma VLDL triglyceride level,Plasma VLDL triglyceride level,extended_review,numeric_candidate,mmol/L,read_v2_lkp,00,candidate_requires_clinical_review
lipids.triglycerides.read_v2,lipids,triglycerides,read_v2,gp_clinical,read_2,exact,true,44OB.,Serum VLDL triglyceride level,Serum VLDL triglyceride level,extended_review,numeric_candidate,mmol/L,read_v2_lkp,00,candidate_requires_clinical_review
lipids.triglycerides.read_v2,lipids,triglycerides,read_v2,gp_clinical,read_2,exact,true,44Q1.,Serum triglycerides normal,Serum triglycerides normal,extended_review,numeric_candidate,mmol/L,read_v2_lkp,00,candidate_requires_clinical_review
lipids.triglycerides.read_v2,lipids,triglycerides,read_v2,gp_clinical,read_2,exact,true,44Q2.,Serum triglycerides borderline,Serum triglycerides borderline,extended_review,numeric_candidate,mmol/L,read_v2_lkp,00,candidate_requires_clinical_review
lipids.triglycerides.read_v2,lipids,triglycerides,read_v2,gp_clinical,read_2,exact,true,44Q3.,Serum triglycerides raised,Serum triglycerides raised,extended_review,numeric_candidate,mmol/L,read_v2_lkp,00,candidate_requires_clinical_review
lipids.triglycerides.read_v2,lipids,triglycerides,read_v2,gp_clinical,read_2,exact,true,44Q4.,Serum fasting triglyceride level,Serum fasting triglyceride level,extended_review,numeric_candidate,mmol/L,read_v2_lkp,00,candidate_requires_clinical_review
lipids.triglycerides.read_v2,lipids,triglycerides,read_v2,gp_clinical,read_2,exact,true,44Q5.,Serum random triglyceride level,Serum random triglyceride level,extended_review,numeric_candidate,mmol/L,read_v2_lkp,00,candidate_requires_clinical_review
lipids.triglycerides.read_v2,lipids,triglycerides,read_v2,gp_clinical,read_2,exact,true,44QZ.,Serum triglycerides NOS,Serum triglycerides NOS,extended_review,numeric_candidate,mmol/L,read_v2_lkp,00,candidate_requires_clinical_review
lipids.triglycerides.read_v2,lipids,triglycerides,read_v2,gp_clinical,read_2,exact,true,44e0.,Plasma random triglyceride level,Plasma random triglyceride level,extended_review,numeric_candidate,mmol/L,read_v2_lkp,00,candidate_requires_clinical_review
lipids.triglycerides.read_v2,lipids,triglycerides,read_v2,gp_clinical,read_2,exact,true,44e1.,Plasma fasting triglyceride level,Plasma fasting triglyceride level,extended_review,numeric_candidate,mmol/L,read_v2_lkp,00,candidate_requires_clinical_review
lipids.triglycerides.read_v2,lipids,triglycerides,read_v2,gp_clinical,read_2,exact,true,4I3W.,Fluid sample triglyceride level,Fluid sample triglyceride level,extended_review,numeric_candidate,mmol/L,read_v2_lkp,00,candidate_requires_clinical_review
lipids.triglycerides.read_v2,lipids,triglycerides,read_v2,gp_clinical,read_2,exact,true,4QA1.,Triglyceride level,Triglyceride level,extended_review,numeric_candidate,mmol/L,read_v2_lkp,00,candidate_requires_clinical_review
liver.alanine_aminotransferase.ctv3,liver,alanine_aminotransferase,ctv3,gp_clinical,read_3,exact,true,.44G3,ALT/SGPT serum level,ALT/SGPT serum level (AND/OR ?[Serum alanine aminotransferase level]) | ALT/SGPT serum level,core,numeric_candidate,U/L,read_ctv3_lkp,P,candidate_requires_clinical_review
liver.alanine_aminotransferase.ctv3,liver,alanine_aminotransferase,ctv3,gp_clinical,read_3,exact,true,.44GA,Plasma alanine aminotransferase level,Plasma alanine aminotransferase level,core,numeric_candidate,U/L,read_ctv3_lkp,P,candidate_requires_clinical_review
liver.alanine_aminotransferase.ctv3,liver,alanine_aminotransferase,ctv3,gp_clinical,read_3,exact,true,.44GB,ALT/SGPT serum level,Serum alanine aminotransferase level | ALT/SGPT serum level,core,numeric_candidate,U/L,read_ctv3_lkp,P,candidate_requires_clinical_review
liver.alanine_aminotransferase.ctv3,liver,alanine_aminotransferase,ctv3,gp_clinical,read_3,exact,true,44G3.,ALT/SGPT serum level,ALT/SGPT serum level (AND/OR ?[Serum alanine aminotransferase level]) | ALT/SGPT serum level,core,numeric_candidate,U/L,read_ctv3_lkp,P,candidate_requires_clinical_review
liver.alanine_aminotransferase.ctv3,liver,alanine_aminotransferase,ctv3,gp_clinical,read_3,exact,true,44GA.,Plasma alanine aminotransferase level,Plasma alanine aminotransferase level,core,numeric_candidate,U/L,read_ctv3_lkp,P,candidate_requires_clinical_review
liver.alanine_aminotransferase.ctv3,liver,alanine_aminotransferase,ctv3,gp_clinical,read_3,exact,true,44GB.,ALT/SGPT serum level,Serum alanine aminotransferase level | ALT/SGPT serum level,core,numeric_candidate,U/L,read_ctv3_lkp,P,candidate_requires_clinical_review
liver.alanine_aminotransferase.ctv3,liver,alanine_aminotransferase,ctv3,gp_clinical,read_3,exact,true,X771d,Alanine transaminase level,Alanine transaminase level,core,numeric_candidate,U/L,read_ctv3_lkp,P,candidate_requires_clinical_review
liver.alanine_aminotransferase.ctv3,liver,alanine_aminotransferase,ctv3,gp_clinical,read_3,exact,true,XaIRi,Plasma alanine aminotransferase level,Plasma alanine aminotransferase level,core,numeric_candidate,U/L,read_ctv3_lkp,P,candidate_requires_clinical_review
liver.alanine_aminotransferase.ctv3,liver,alanine_aminotransferase,ctv3,gp_clinical,read_3,exact,true,XaLJx,ALT/SGPT serum level,Serum alanine aminotransferase level | ALT/SGPT serum level,core,numeric_candidate,U/L,read_ctv3_lkp,P,candidate_requires_clinical_review
liver.alanine_aminotransferase.read_v2,liver,alanine_aminotransferase,read_v2,gp_clinical,read_2,exact,true,44G3.,ALT/SGPT serum level,ALT/SGPT serum level,core,numeric_candidate,U/L,read_v2_lkp,00,candidate_requires_clinical_review
liver.alanine_aminotransferase.read_v2,liver,alanine_aminotransferase,read_v2,gp_clinical,read_2,exact,true,44GA.,Plasma alanine aminotransferase level,Plasma alanine aminotransferase level,core,numeric_candidate,U/L,read_v2_lkp,00,candidate_requires_clinical_review
liver.alanine_aminotransferase.read_v2,liver,alanine_aminotransferase,read_v2,gp_clinical,read_2,exact,true,44GB.,Serum alanine aminotransferase level,Serum alanine aminotransferase level,core,numeric_candidate,U/L,read_v2_lkp,00,candidate_requires_clinical_review
liver.alanine_aminotransferase.read_v2,liver,alanine_aminotransferase,read_v2,gp_clinical,read_2,exact,true,44G30,ALT/SGPT level normal,ALT/SGPT level normal,extended_review,numeric_candidate,U/L,read_v2_lkp,00,candidate_requires_clinical_review
liver.alanine_aminotransferase.read_v2,liver,alanine_aminotransferase,read_v2,gp_clinical,read_2,exact,true,44G31,ALT/SGPT level abnormal,ALT/SGPT level abnormal,extended_review,numeric_candidate,U/L,read_v2_lkp,00,candidate_requires_clinical_review
liver.albumin.ctv3,liver,albumin,ctv3,gp_clinical,read_3,exact,true,.44M4,Serum albumin,Serum albumin (& level) | Serum albumin,core,numeric_candidate,g/L; verify source unit,read_ctv3_lkp,P,candidate_requires_clinical_review
liver.albumin.ctv3,liver,albumin,ctv3,gp_clinical,read_3,exact,true,.44MI,Plasma albumin level,Plasma albumin level,core,numeric_candidate,g/L; verify source unit,read_ctv3_lkp,P,candidate_requires_clinical_review
liver.albumin.ctv3,liver,albumin,ctv3,gp_clinical,read_3,exact,true,44M4.,Serum albumin,Serum albumin (& level) | Serum albumin,core,numeric_candidate,g/L; verify source unit,read_ctv3_lkp,P,candidate_requires_clinical_review
liver.albumin.ctv3,liver,albumin,ctv3,gp_clinical,read_3,exact,true,44MI.,Plasma albumin level,Plasma albumin level,core,numeric_candidate,g/L; verify source unit,read_ctv3_lkp,P,candidate_requires_clinical_review
liver.albumin.ctv3,liver,albumin,ctv3,gp_clinical,read_3,exact,true,XE2eA,Serum albumin,Serum albumin level | Serum albumin | SA - Serum albumin,core,numeric_candidate,g/L; verify source unit,read_ctv3_lkp,P,candidate_requires_clinical_review
liver.albumin.ctv3,liver,albumin,ctv3,gp_clinical,read_3,exact,true,XaIRc,Plasma albumin level,Plasma albumin level,core,numeric_candidate,g/L; verify source unit,read_ctv3_lkp,P,candidate_requires_clinical_review
liver.albumin.ctv3,liver,albumin,ctv3,gp_clinical,read_3,exact,true,44M40,Serum albumin normal,Serum albumin normal,extended_review,numeric_candidate,g/L; verify source unit,read_ctv3_lkp,P,candidate_requires_clinical_review
liver.albumin.ctv3,liver,albumin,ctv3,gp_clinical,read_3,exact,true,44M41,Serum albumin low,Serum albumin low,extended_review,numeric_candidate,g/L; verify source unit,read_ctv3_lkp,P,candidate_requires_clinical_review
liver.albumin.read_v2,liver,albumin,read_v2,gp_clinical,read_2,exact,true,44M4.,Serum albumin,Serum albumin,core,numeric_candidate,g/L; verify source unit,read_v2_lkp,00,candidate_requires_clinical_review
liver.albumin.read_v2,liver,albumin,read_v2,gp_clinical,read_2,exact,true,44MI.,Plasma albumin level,Plasma albumin level,core,numeric_candidate,g/L; verify source unit,read_v2_lkp,00,candidate_requires_clinical_review
liver.albumin.read_v2,liver,albumin,read_v2,gp_clinical,read_2,exact,true,44M40,Serum albumin normal,Serum albumin normal,extended_review,numeric_candidate,g/L; verify source unit,read_v2_lkp,00,candidate_requires_clinical_review
liver.albumin.read_v2,liver,albumin,read_v2,gp_clinical,read_2,exact,true,44M41,Serum albumin low,Serum albumin low,extended_review,numeric_candidate,g/L; verify source unit,read_v2_lkp,00,candidate_requires_clinical_review
liver.alkaline_phosphatase.ctv3,liver,alkaline_phosphatase,ctv3,gp_clinical,read_3,exact,true,.44CU,Plasma alkaline phosphatase level,Plasma alkaline phosphatase level,core,numeric_candidate,U/L,read_ctv3_lkp,P,candidate_requires_clinical_review
liver.alkaline_phosphatase.ctv3,liver,alkaline_phosphatase,ctv3,gp_clinical,read_3,exact,true,.44F.,Serum alkaline phosphatase,Serum alkaline phosphatase,core,numeric_candidate,U/L,read_ctv3_lkp,S,candidate_requires_clinical_review
liver.alkaline_phosphatase.ctv3,liver,alkaline_phosphatase,ctv3,gp_clinical,read_3,exact,true,44CU.,Plasma alkaline phosphatase level,Plasma alkaline phosphatase level,core,numeric_candidate,U/L,read_ctv3_lkp,P,candidate_requires_clinical_review
liver.alkaline_phosphatase.ctv3,liver,alkaline_phosphatase,ctv3,gp_clinical,read_3,exact,true,44F..,Serum alkaline phosphatase,Serum alkaline phosphatase (& level) | Serum alkaline phosphatase,core,numeric_candidate,U/L,read_ctv3_lkp,P,candidate_requires_clinical_review
liver.alkaline_phosphatase.ctv3,liver,alkaline_phosphatase,ctv3,gp_clinical,read_3,exact,true,XE28S,Serum alkaline phosphatase,Serum alkaline phosphatase,core,numeric_candidate,U/L,read_ctv3_lkp,S,candidate_requires_clinical_review
liver.alkaline_phosphatase.ctv3,liver,alkaline_phosphatase,ctv3,gp_clinical,read_3,exact,true,XE2px,Serum alkaline phosphatase,Serum alkaline phosphatase level | Serum alkaline phosphatase,core,numeric_candidate,U/L,read_ctv3_lkp,P,candidate_requires_clinical_review
liver.alkaline_phosphatase.ctv3,liver,alkaline_phosphatase,ctv3,gp_clinical,read_3,exact,true,XaIRj,Plasma alkaline phosphatase level,Plasma alkaline phosphatase level,core,numeric_candidate,U/L,read_ctv3_lkp,P,candidate_requires_clinical_review
liver.alkaline_phosphatase.ctv3,liver,alkaline_phosphatase,ctv3,gp_clinical,read_3,exact,true,.44FE,Serum alkaline phosphatase electrophoresis,Serum alkaline phosphatase electrophoresis,extended_review,numeric_candidate,U/L,read_ctv3_lkp,P,candidate_requires_clinical_review
liver.alkaline_phosphatase.ctv3,liver,alkaline_phosphatase,ctv3,gp_clinical,read_3,exact,true,.44FZ,Serum alkaline phosphatase NOS,Serum alkaline phosphatase NOS,extended_review,numeric_candidate,U/L,read_ctv3_lkp,P,candidate_requires_clinical_review
liver.alkaline_phosphatase.ctv3,liver,alkaline_phosphatase,ctv3,gp_clinical,read_3,exact,true,44FE.,Serum alkaline phosphatase electrophoresis,Serum alkaline phosphatase electrophoresis,extended_review,numeric_candidate,U/L,read_ctv3_lkp,P,candidate_requires_clinical_review
liver.alkaline_phosphatase.ctv3,liver,alkaline_phosphatase,ctv3,gp_clinical,read_3,exact,true,44FZ.,Serum alkaline phosphatase NOS,Serum alkaline phosphatase NOS,extended_review,numeric_candidate,U/L,read_ctv3_lkp,P,candidate_requires_clinical_review
liver.alkaline_phosphatase.ctv3,liver,alkaline_phosphatase,ctv3,gp_clinical,read_3,exact,true,XaIS1,Serum alkaline phosphatase electrophoresis,Serum alkaline phosphatase electrophoresis,extended_review,numeric_candidate,U/L,read_ctv3_lkp,P,candidate_requires_clinical_review
liver.alkaline_phosphatase.read_v2,liver,alkaline_phosphatase,read_v2,gp_clinical,read_2,exact,true,44CU.,Plasma alkaline phosphatase level,Plasma alkaline phosphatase level,core,numeric_candidate,U/L,read_v2_lkp,00,candidate_requires_clinical_review
liver.alkaline_phosphatase.read_v2,liver,alkaline_phosphatase,read_v2,gp_clinical,read_2,exact,true,44F..,Serum alkaline phosphatase,Serum alkaline phosphatase,core,numeric_candidate,U/L,read_v2_lkp,00,candidate_requires_clinical_review
liver.alkaline_phosphatase.read_v2,liver,alkaline_phosphatase,read_v2,gp_clinical,read_2,exact,true,44FE.,Serum alkaline phosphatase electrophoresis,Serum alkaline phosphatase electrophoresis,extended_review,numeric_candidate,U/L,read_v2_lkp,00,candidate_requires_clinical_review
liver.alkaline_phosphatase.read_v2,liver,alkaline_phosphatase,read_v2,gp_clinical,read_2,exact,true,44FZ.,Serum alkaline phosphatase NOS,Serum alkaline phosphatase NOS,extended_review,numeric_candidate,U/L,read_v2_lkp,00,candidate_requires_clinical_review
liver.aspartate_aminotransferase.ctv3,liver,aspartate_aminotransferase,ctv3,gp_clinical,read_3,exact,true,.44H5,AST serum level,AST serum level,core,numeric_candidate,U/L,read_ctv3_lkp,S,candidate_requires_clinical_review
liver.aspartate_aminotransferase.ctv3,liver,aspartate_aminotransferase,ctv3,gp_clinical,read_3,exact,true,.44HB,AST serum level,AST serum level,core,numeric_candidate,U/L,read_ctv3_lkp,P,candidate_requires_clinical_review
liver.aspartate_aminotransferase.ctv3,liver,aspartate_aminotransferase,ctv3,gp_clinical,read_3,exact,true,.44HC,Plasma aspartate transaminase level,Plasma aspartate transaminase level,core,numeric_candidate,U/L,read_ctv3_lkp,P,candidate_requires_clinical_review
liver.aspartate_aminotransferase.ctv3,liver,aspartate_aminotransferase,ctv3,gp_clinical,read_3,exact,true,44H5.,AST serum level,AST serum level,core,numeric_candidate,U/L,read_ctv3_lkp,S,candidate_requires_clinical_review
liver.aspartate_aminotransferase.ctv3,liver,aspartate_aminotransferase,ctv3,gp_clinical,read_3,exact,true,44HB.,AST serum level,AST serum level,core,numeric_candidate,U/L,read_ctv3_lkp,P,candidate_requires_clinical_review
liver.aspartate_aminotransferase.ctv3,liver,aspartate_aminotransferase,ctv3,gp_clinical,read_3,exact,true,44HC.,Plasma aspartate transaminase level,Plasma aspartate transaminase level,core,numeric_candidate,U/L,read_ctv3_lkp,P,candidate_requires_clinical_review
liver.aspartate_aminotransferase.ctv3,liver,aspartate_aminotransferase,ctv3,gp_clinical,read_3,exact,true,X771h,AST serum level,AST serum level,core,numeric_candidate,U/L,read_ctv3_lkp,P,candidate_requires_clinical_review
liver.aspartate_aminotransferase.ctv3,liver,aspartate_aminotransferase,ctv3,gp_clinical,read_3,exact,true,X771i,AST serum level,AST serum level,core,numeric_candidate,U/L,read_ctv3_lkp,P,candidate_requires_clinical_review
liver.aspartate_aminotransferase.ctv3,liver,aspartate_aminotransferase,ctv3,gp_clinical,read_3,exact,true,XE25Q,Aspartate transaminase level,Aspartate transaminase level,core,numeric_candidate,U/L,read_ctv3_lkp,P,candidate_requires_clinical_review
liver.aspartate_aminotransferase.ctv3,liver,aspartate_aminotransferase,ctv3,gp_clinical,read_3,exact,true,XaES6,Plasma aspartate transaminase level,Plasma aspartate transaminase level,core,numeric_candidate,U/L,read_ctv3_lkp,P,candidate_requires_clinical_review
liver.aspartate_aminotransferase.read_v2,liver,aspartate_aminotransferase,read_v2,gp_clinical,read_2,exact,true,44H5.,AST serum level,AST serum level,core,numeric_candidate,U/L,read_v2_lkp,11,candidate_requires_clinical_review
liver.aspartate_aminotransferase.read_v2,liver,aspartate_aminotransferase,read_v2,gp_clinical,read_2,exact,true,44HB.,AST serum level,AST serum level,core,numeric_candidate,U/L,read_v2_lkp,00,candidate_requires_clinical_review
liver.aspartate_aminotransferase.read_v2,liver,aspartate_aminotransferase,read_v2,gp_clinical,read_2,exact,true,44HC.,Plasma aspartate transaminase level,Plasma aspartate transaminase level,core,numeric_candidate,U/L,read_v2_lkp,00,candidate_requires_clinical_review
liver.bilirubin.ctv3,liver,bilirubin,ctv3,gp_clinical,read_3,exact,true,.44E.,Serum bilirubin level,Serum bilirubin (& level) | Serum bilirubin level,core,numeric_candidate,umol/L; distinguish total and direct,read_ctv3_lkp,P,candidate_requires_clinical_review
liver.bilirubin.ctv3,liver,bilirubin,ctv3,gp_clinical,read_3,exact,true,.44E8,Plasma conjugated bilirubin level,Plasma conjugated bilirubin level,core,numeric_candidate,umol/L; distinguish total and direct,read_ctv3_lkp,P,candidate_requires_clinical_review
liver.bilirubin.ctv3,liver,bilirubin,ctv3,gp_clinical,read_3,exact,true,.44E9,Plasma total bilirubin level,Plasma total bilirubin level,core,numeric_candidate,umol/L; distinguish total and direct,read_ctv3_lkp,P,candidate_requires_clinical_review
liver.bilirubin.ctv3,liver,bilirubin,ctv3,gp_clinical,read_3,exact,true,.44EB,Serum conjugated bilirubin level,Serum conjugated bilirubin level,core,numeric_candidate,umol/L; distinguish total and direct,read_ctv3_lkp,P,candidate_requires_clinical_review
liver.bilirubin.ctv3,liver,bilirubin,ctv3,gp_clinical,read_3,exact,true,.44EC,Serum total bilirubin level,Serum total bilirubin level,core,numeric_candidate,umol/L; distinguish total and direct,read_ctv3_lkp,P,candidate_requires_clinical_review
liver.bilirubin.ctv3,liver,bilirubin,ctv3,gp_clinical,read_3,exact,true,44E..,Serum bilirubin level,Serum bilirubin level | SB - Serum bilirubin,core,numeric_candidate,umol/L; distinguish total and direct,read_ctv3_lkp,P,candidate_requires_clinical_review
liver.bilirubin.ctv3,liver,bilirubin,ctv3,gp_clinical,read_3,exact,true,44E8.,Plasma conjugated bilirubin level,Plasma conjugated bilirubin level,core,numeric_candidate,umol/L; distinguish total and direct,read_ctv3_lkp,P,candidate_requires_clinical_review
liver.bilirubin.ctv3,liver,bilirubin,ctv3,gp_clinical,read_3,exact,true,44E9.,Plasma total bilirubin level,Plasma total bilirubin level,core,numeric_candidate,umol/L; distinguish total and direct,read_ctv3_lkp,P,candidate_requires_clinical_review
liver.bilirubin.ctv3,liver,bilirubin,ctv3,gp_clinical,read_3,exact,true,44EB.,Serum conjugated bilirubin level,Serum conjugated bilirubin level,core,numeric_candidate,umol/L; distinguish total and direct,read_ctv3_lkp,P,candidate_requires_clinical_review
liver.bilirubin.ctv3,liver,bilirubin,ctv3,gp_clinical,read_3,exact,true,44EC.,Serum total bilirubin level,Serum total bilirubin level,core,numeric_candidate,umol/L; distinguish total and direct,read_ctv3_lkp,P,candidate_requires_clinical_review
liver.bilirubin.ctv3,liver,bilirubin,ctv3,gp_clinical,read_3,exact,true,XE28O,Serum bilirubin level,Serum bilirubin (& level) | Serum bilirubin level,core,numeric_candidate,umol/L; distinguish total and direct,read_ctv3_lkp,P,candidate_requires_clinical_review
liver.bilirubin.ctv3,liver,bilirubin,ctv3,gp_clinical,read_3,exact,true,XaERu,Serum total bilirubin level,Serum total bilirubin level,core,numeric_candidate,umol/L; distinguish total and direct,read_ctv3_lkp,P,candidate_requires_clinical_review
liver.bilirubin.ctv3,liver,bilirubin,ctv3,gp_clinical,read_3,exact,true,XaERv,Plasma conjugated bilirubin level,Plasma conjugated bilirubin level,core,numeric_candidate,umol/L; distinguish total and direct,read_ctv3_lkp,P,candidate_requires_clinical_review
liver.bilirubin.ctv3,liver,bilirubin,ctv3,gp_clinical,read_3,exact,true,XaESA,Serum conjugated bilirubin level,Serum conjugated bilirubin level,core,numeric_candidate,umol/L; distinguish total and direct,read_ctv3_lkp,P,candidate_requires_clinical_review
liver.bilirubin.ctv3,liver,bilirubin,ctv3,gp_clinical,read_3,exact,true,XaETf,Plasma total bilirubin level,Plasma total bilirubin level,core,numeric_candidate,umol/L; distinguish total and direct,read_ctv3_lkp,P,candidate_requires_clinical_review
liver.bilirubin.ctv3,liver,bilirubin,ctv3,gp_clinical,read_3,exact,true,.44E1,Serum bilirubin normal,Serum bilirubin normal,extended_review,numeric_candidate,umol/L; distinguish total and direct,read_ctv3_lkp,P,candidate_requires_clinical_review
liver.bilirubin.ctv3,liver,bilirubin,ctv3,gp_clinical,read_3,exact,true,.44E2,Serum bilirubin raised,Serum bilirubin raised,extended_review,numeric_candidate,umol/L; distinguish total and direct,read_ctv3_lkp,P,candidate_requires_clinical_review
liver.bilirubin.ctv3,liver,bilirubin,ctv3,gp_clinical,read_3,exact,true,.44E6,Serum bilirubin borderline,Serum bilirubin borderline,extended_review,numeric_candidate,umol/L; distinguish total and direct,read_ctv3_lkp,P,candidate_requires_clinical_review
liver.bilirubin.ctv3,liver,bilirubin,ctv3,gp_clinical,read_3,exact,true,.44EZ,Serum bilirubin NOS,Serum bilirubin NOS,extended_review,numeric_candidate,umol/L; distinguish total and direct,read_ctv3_lkp,P,candidate_requires_clinical_review
liver.bilirubin.ctv3,liver,bilirubin,ctv3,gp_clinical,read_3,exact,true,44E1.,Serum bilirubin normal,Serum bilirubin normal,extended_review,numeric_candidate,umol/L; distinguish total and direct,read_ctv3_lkp,P,candidate_requires_clinical_review
liver.bilirubin.ctv3,liver,bilirubin,ctv3,gp_clinical,read_3,exact,true,44E2.,Serum bilirubin raised,Serum bilirubin raised,extended_review,numeric_candidate,umol/L; distinguish total and direct,read_ctv3_lkp,P,candidate_requires_clinical_review
liver.bilirubin.ctv3,liver,bilirubin,ctv3,gp_clinical,read_3,exact,true,44E6.,Serum bilirubin borderline,Serum bilirubin borderline,extended_review,numeric_candidate,umol/L; distinguish total and direct,read_ctv3_lkp,P,candidate_requires_clinical_review
liver.bilirubin.ctv3,liver,bilirubin,ctv3,gp_clinical,read_3,exact,true,44EZ.,Serum bilirubin NOS,Serum bilirubin NOS,extended_review,numeric_candidate,umol/L; distinguish total and direct,read_ctv3_lkp,P,candidate_requires_clinical_review
liver.bilirubin.read_v2,liver,bilirubin,read_v2,gp_clinical,read_2,exact,true,44E..,Serum bilirubin level,Serum bilirubin level,core,numeric_candidate,umol/L; distinguish total and direct,read_v2_lkp,00,candidate_requires_clinical_review
liver.bilirubin.read_v2,liver,bilirubin,read_v2,gp_clinical,read_2,exact,true,44E8.,Plasma conjugated bilirubin level,Plasma conjugated bilirubin level,core,numeric_candidate,umol/L; distinguish total and direct,read_v2_lkp,00,candidate_requires_clinical_review
liver.bilirubin.read_v2,liver,bilirubin,read_v2,gp_clinical,read_2,exact,true,44E9.,Plasma total bilirubin level,Plasma total bilirubin level,core,numeric_candidate,umol/L; distinguish total and direct,read_v2_lkp,00,candidate_requires_clinical_review
liver.bilirubin.read_v2,liver,bilirubin,read_v2,gp_clinical,read_2,exact,true,44EB.,Serum conjugated bilirubin level,Serum conjugated bilirubin level,core,numeric_candidate,umol/L; distinguish total and direct,read_v2_lkp,00,candidate_requires_clinical_review
liver.bilirubin.read_v2,liver,bilirubin,read_v2,gp_clinical,read_2,exact,true,44EC.,Serum total bilirubin level,Serum total bilirubin level,core,numeric_candidate,umol/L; distinguish total and direct,read_v2_lkp,00,candidate_requires_clinical_review
liver.bilirubin.read_v2,liver,bilirubin,read_v2,gp_clinical,read_2,exact,true,44E1.,Serum bilirubin normal,Serum bilirubin normal,extended_review,numeric_candidate,umol/L; distinguish total and direct,read_v2_lkp,00,candidate_requires_clinical_review
liver.bilirubin.read_v2,liver,bilirubin,read_v2,gp_clinical,read_2,exact,true,44E2.,Serum bilirubin raised,Serum bilirubin raised,extended_review,numeric_candidate,umol/L; distinguish total and direct,read_v2_lkp,00,candidate_requires_clinical_review
liver.bilirubin.read_v2,liver,bilirubin,read_v2,gp_clinical,read_2,exact,true,44E6.,Serum bilirubin borderline,Serum bilirubin borderline,extended_review,numeric_candidate,umol/L; distinguish total and direct,read_v2_lkp,00,candidate_requires_clinical_review
liver.bilirubin.read_v2,liver,bilirubin,read_v2,gp_clinical,read_2,exact,true,44EZ.,Serum bilirubin NOS,Serum bilirubin NOS,extended_review,numeric_candidate,umol/L; distinguish total and direct,read_v2_lkp,00,candidate_requires_clinical_review
liver.gamma_glutamyl_transferase.ctv3,liver,gamma_glutamyl_transferase,ctv3,gp_clinical,read_3,exact,true,.44G7,Plasma gamma-glutamyl transferase level,Plasma gamma-glutamyl transferase level,core,numeric_candidate,U/L,read_ctv3_lkp,P,candidate_requires_clinical_review
liver.gamma_glutamyl_transferase.ctv3,liver,gamma_glutamyl_transferase,ctv3,gp_clinical,read_3,exact,true,.44G9,Serum gamma-glutamyl transferase level,Serum gamma-glutamyl transferase level,core,numeric_candidate,U/L,read_ctv3_lkp,P,candidate_requires_clinical_review
liver.gamma_glutamyl_transferase.ctv3,liver,gamma_glutamyl_transferase,ctv3,gp_clinical,read_3,exact,true,44G4.,Gamma-glutamyl transferase level,Gamma-glutamyl transferase level,core,numeric_candidate,U/L,read_ctv3_lkp,P,candidate_requires_clinical_review
liver.gamma_glutamyl_transferase.ctv3,liver,gamma_glutamyl_transferase,ctv3,gp_clinical,read_3,exact,true,44G7.,Plasma gamma-glutamyl transferase level,Plasma gamma-glutamyl transferase level,core,numeric_candidate,U/L,read_ctv3_lkp,P,candidate_requires_clinical_review
liver.gamma_glutamyl_transferase.ctv3,liver,gamma_glutamyl_transferase,ctv3,gp_clinical,read_3,exact,true,44G9.,Serum gamma-glutamyl transferase level,Serum gamma-glutamyl transferase level,core,numeric_candidate,U/L,read_ctv3_lkp,P,candidate_requires_clinical_review
liver.gamma_glutamyl_transferase.ctv3,liver,gamma_glutamyl_transferase,ctv3,gp_clinical,read_3,exact,true,X80E1,Gamma-glutamyl transpeptidase,Gamma-glutamyl transferase | GGT - Gamma-glutamyl transferase | Gamma-glutamyl transpeptidase,core,numeric_candidate,U/L,read_ctv3_lkp,P,candidate_requires_clinical_review
liver.gamma_glutamyl_transferase.ctv3,liver,gamma_glutamyl_transferase,ctv3,gp_clinical,read_3,exact,true,XaES3,Serum gamma-glutamyl transferase level,Serum gamma-glutamyl transferase level,core,numeric_candidate,U/L,read_ctv3_lkp,P,candidate_requires_clinical_review
liver.gamma_glutamyl_transferase.ctv3,liver,gamma_glutamyl_transferase,ctv3,gp_clinical,read_3,exact,true,XaES4,Plasma gamma-glutamyl transferase level,Plasma gamma-glutamyl transferase level,core,numeric_candidate,U/L,read_ctv3_lkp,P,candidate_requires_clinical_review
liver.gamma_glutamyl_transferase.ctv3,liver,gamma_glutamyl_transferase,ctv3,gp_clinical,read_3,exact,true,44G40,Gamma-glutamyl transferase level normal,Gamma-glutamyl transferase level normal,extended_review,numeric_candidate,U/L,read_ctv3_lkp,P,candidate_requires_clinical_review
liver.gamma_glutamyl_transferase.ctv3,liver,gamma_glutamyl_transferase,ctv3,gp_clinical,read_3,exact,true,44G41,Gamma-glutamyl transferase level abnormal,Gamma-glutamyl transferase level abnormal,extended_review,numeric_candidate,U/L,read_ctv3_lkp,P,candidate_requires_clinical_review
liver.gamma_glutamyl_transferase.ctv3,liver,gamma_glutamyl_transferase,ctv3,gp_clinical,read_3,exact,true,XM1D6,Gamma-glutamyl transferase raised,Gamma-glutamyl transferase raised,extended_review,numeric_candidate,U/L,read_ctv3_lkp,P,candidate_requires_clinical_review
liver.gamma_glutamyl_transferase.ctv3,liver,gamma_glutamyl_transferase,ctv3,gp_clinical,read_3,exact,true,Xa6b0,Gamma-glutamyl transpeptidase deficiency,Gamma-glutamyl transpeptidase deficiency,extended_review,numeric_candidate,U/L,read_ctv3_lkp,P,candidate_requires_clinical_review
liver.gamma_glutamyl_transferase.read_v2,liver,gamma_glutamyl_transferase,read_v2,gp_clinical,read_2,exact,true,44G7.,Plasma gamma-glutamyl transferase level,Plasma gamma-glutamyl transferase level,core,numeric_candidate,U/L,read_v2_lkp,00,candidate_requires_clinical_review
liver.gamma_glutamyl_transferase.read_v2,liver,gamma_glutamyl_transferase,read_v2,gp_clinical,read_2,exact,true,44G9.,Serum gamma-glutamyl transferase level,Serum gamma-glutamyl transferase level,core,numeric_candidate,U/L,read_v2_lkp,00,candidate_requires_clinical_review
liver.gamma_glutamyl_transferase.read_v2,liver,gamma_glutamyl_transferase,read_v2,gp_clinical,read_2,exact,true,44G40,Gamma glutamyl transferase level normal,Gamma glutamyl transferase level normal,extended_review,numeric_candidate,U/L,read_v2_lkp,00,candidate_requires_clinical_review
liver.gamma_glutamyl_transferase.read_v2,liver,gamma_glutamyl_transferase,read_v2,gp_clinical,read_2,exact,true,44G41,Gamma glutamyl transferase level abnormal,Gamma glutamyl transferase level abnormal,extended_review,numeric_candidate,U/L,read_v2_lkp,00,candidate_requires_clinical_review
medication.antihypertensive.bnf,medication,antihypertensive,bnf,gp_scripts,bnf_code,prefix,true,0202010B0,Bendroflumethiazide,Bendroflumethiazide,core,prescription_exposure,not applicable,bnf_lkp,Thiazides And Related Diuretics | Thiazides And Related Diuretics | Diuretics | Cardiovascular System,candidate_requires_pharmacology_review
medication.antihypertensive.bnf,medication,antihypertensive,bnf,gp_scripts,bnf_code,prefix,true,0202010D0,Chlorothiazide,Chlorothiazide,core,prescription_exposure,not applicable,bnf_lkp,Thiazides And Related Diuretics | Thiazides And Related Diuretics | Diuretics | Cardiovascular System,candidate_requires_pharmacology_review
medication.antihypertensive.bnf,medication,antihypertensive,bnf,gp_scripts,bnf_code,prefix,true,0202010F0,Chlortalidone,Chlortalidone,core,prescription_exposure,not applicable,bnf_lkp,Thiazides And Related Diuretics | Thiazides And Related Diuretics | Diuretics | Cardiovascular System,candidate_requires_pharmacology_review
medication.antihypertensive.bnf,medication,antihypertensive,bnf,gp_scripts,bnf_code,prefix,true,0202010J0,Cyclopenthiazide,Cyclopenthiazide,core,prescription_exposure,not applicable,bnf_lkp,Thiazides And Related Diuretics | Thiazides And Related Diuretics | Diuretics | Cardiovascular System,candidate_requires_pharmacology_review
medication.antihypertensive.bnf,medication,antihypertensive,bnf,gp_scripts,bnf_code,prefix,true,0202010L0,Hydrochlorothiazide,Hydrochlorothiazide,core,prescription_exposure,not applicable,bnf_lkp,Thiazides And Related Diuretics | Thiazides And Related Diuretics | Diuretics | Cardiovascular System,candidate_requires_pharmacology_review
medication.antihypertensive.bnf,medication,antihypertensive,bnf,gp_scripts,bnf_code,prefix,true,0202010N0,Hydroflumethiazide,Hydroflumethiazide,core,prescription_exposure,not applicable,bnf_lkp,Thiazides And Related Diuretics | Thiazides And Related Diuretics | Diuretics | Cardiovascular System,candidate_requires_pharmacology_review
medication.antihypertensive.bnf,medication,antihypertensive,bnf,gp_scripts,bnf_code,prefix,true,0202010P0,Indapamide,Indapamide,core,prescription_exposure,not applicable,bnf_lkp,Thiazides And Related Diuretics | Thiazides And Related Diuretics | Diuretics | Cardiovascular System,candidate_requires_pharmacology_review
medication.antihypertensive.bnf,medication,antihypertensive,bnf,gp_scripts,bnf_code,prefix,true,0202010R0,Mefruside,Mefruside,core,prescription_exposure,not applicable,bnf_lkp,Thiazides And Related Diuretics | Thiazides And Related Diuretics | Diuretics | Cardiovascular System,candidate_requires_pharmacology_review
medication.antihypertensive.bnf,medication,antihypertensive,bnf,gp_scripts,bnf_code,prefix,true,0202010T0,Methyclothiazide,Methyclothiazide,core,prescription_exposure,not applicable,bnf_lkp,Thiazides And Related Diuretics | Thiazides And Related Diuretics | Diuretics | Cardiovascular System,candidate_requires_pharmacology_review
medication.antihypertensive.bnf,medication,antihypertensive,bnf,gp_scripts,bnf_code,prefix,true,0202010V0,Metolazone,Metolazone,core,prescription_exposure,not applicable,bnf_lkp,Thiazides And Related Diuretics | Thiazides And Related Diuretics | Diuretics | Cardiovascular System,candidate_requires_pharmacology_review
medication.antihypertensive.bnf,medication,antihypertensive,bnf,gp_scripts,bnf_code,prefix,true,0202010X0,Polythiazide,Polythiazide,core,prescription_exposure,not applicable,bnf_lkp,Thiazides And Related Diuretics | Thiazides And Related Diuretics | Diuretics | Cardiovascular System,candidate_requires_pharmacology_review
medication.antihypertensive.bnf,medication,antihypertensive,bnf,gp_scripts,bnf_code,prefix,true,0202010Y0,Xipamide,Xipamide,core,prescription_exposure,not applicable,bnf_lkp,Thiazides And Related Diuretics | Thiazides And Related Diuretics | Diuretics | Cardiovascular System,candidate_requires_pharmacology_review
medication.antihypertensive.bnf,medication,antihypertensive,bnf,gp_scripts,bnf_code,prefix,true,020400010,Pindolol With Diuretic,Pindolol With Diuretic,core,prescription_exposure,not applicable,bnf_lkp,Beta-Adrenoceptor Blocking Drugs | Beta-Adrenoceptor Blocking Drugs | Beta-Adrenoceptor Blocking Drugs | Cardiovascular System,candidate_requires_pharmacology_review
medication.antihypertensive.bnf,medication,antihypertensive,bnf,gp_scripts,bnf_code,prefix,true,020400020,Sotalol Hydrochloride With Diuretic,Sotalol Hydrochloride With Diuretic,core,prescription_exposure,not applicable,bnf_lkp,Beta-Adrenoceptor Blocking Drugs | Beta-Adrenoceptor Blocking Drugs | Beta-Adrenoceptor Blocking Drugs | Cardiovascular System,candidate_requires_pharmacology_review
medication.antihypertensive.bnf,medication,antihypertensive,bnf,gp_scripts,bnf_code,prefix,true,020400030,Timolol With Diuretic,Timolol With Diuretic,core,prescription_exposure,not applicable,bnf_lkp,Beta-Adrenoceptor Blocking Drugs | Beta-Adrenoceptor Blocking Drugs | Beta-Adrenoceptor Blocking Drugs | Cardiovascular System,candidate_requires_pharmacology_review
medication.antihypertensive.bnf,medication,antihypertensive,bnf,gp_scripts,bnf_code,prefix,true,020400040,Co-Tenidone (Atenolol/Chlortalidone),Co-Tenidone (Atenolol/Chlortalidone),core,prescription_exposure,not applicable,bnf_lkp,Beta-Adrenoceptor Blocking Drugs | Beta-Adrenoceptor Blocking Drugs | Beta-Adrenoceptor Blocking Drugs | Cardiovascular System,candidate_requires_pharmacology_review
medication.antihypertensive.bnf,medication,antihypertensive,bnf,gp_scripts,bnf_code,prefix,true,020400050,Tertatolol,Tertatolol,core,prescription_exposure,not applicable,bnf_lkp,Beta-Adrenoceptor Blocking Drugs | Beta-Adrenoceptor Blocking Drugs | Beta-Adrenoceptor Blocking Drugs | Cardiovascular System,candidate_requires_pharmacology_review
medication.antihypertensive.bnf,medication,antihypertensive,bnf,gp_scripts,bnf_code,prefix,true,020400060,Celiprolol Hydrochloride,Celiprolol Hydrochloride,core,prescription_exposure,not applicable,bnf_lkp,Beta-Adrenoceptor Blocking Drugs | Beta-Adrenoceptor Blocking Drugs | Beta-Adrenoceptor Blocking Drugs | Cardiovascular System,candidate_requires_pharmacology_review
medication.antihypertensive.bnf,medication,antihypertensive,bnf,gp_scripts,bnf_code,prefix,true,020400070,Esmolol Hydrochloride,Esmolol Hydrochloride,core,prescription_exposure,not applicable,bnf_lkp,Beta-Adrenoceptor Blocking Drugs | Beta-Adrenoceptor Blocking Drugs | Beta-Adrenoceptor Blocking Drugs | Cardiovascular System,candidate_requires_pharmacology_review
medication.antihypertensive.bnf,medication,antihypertensive,bnf,gp_scripts,bnf_code,prefix,true,020400080,Carvedilol,Carvedilol,core,prescription_exposure,not applicable,bnf_lkp,Beta-Adrenoceptor Blocking Drugs | Beta-Adrenoceptor Blocking Drugs | Beta-Adrenoceptor Blocking Drugs | Cardiovascular System,candidate_requires_pharmacology_review
medication.antihypertensive.bnf,medication,antihypertensive,bnf,gp_scripts,bnf_code,prefix,true,020400090,Bisoprolol Fumarate With Diuretic,Bisoprolol Fumarate With Diuretic,core,prescription_exposure,not applicable,bnf_lkp,Beta-Adrenoceptor Blocking Drugs | Beta-Adrenoceptor Blocking Drugs | Beta-Adrenoceptor Blocking Drugs | Cardiovascular System,candidate_requires_pharmacology_review
medication.antihypertensive.bnf,medication,antihypertensive,bnf,gp_scripts,bnf_code,prefix,true,0204000A0,Atenolol with Thiazides,Atenolol with Thiazides,core,prescription_exposure,not applicable,bnf_lkp,Beta-Adrenoceptor Blocking Drugs | Beta-Adrenoceptor Blocking Drugs | Beta-Adrenoceptor Blocking Drugs | Cardiovascular System,candidate_requires_pharmacology_review
medication.antihypertensive.bnf,medication,antihypertensive,bnf,gp_scripts,bnf_code,prefix,true,0204000AA,Penbutolol Sulfate,Penbutolol Sulfate,core,prescription_exposure,not applicable,bnf_lkp,Beta-Adrenoceptor Blocking Drugs | Beta-Adrenoceptor Blocking Drugs | Beta-Adrenoceptor Blocking Drugs | Cardiovascular System,candidate_requires_pharmacology_review
medication.antihypertensive.bnf,medication,antihypertensive,bnf,gp_scripts,bnf_code,prefix,true,0204000AB,Nebivolol,Nebivolol,core,prescription_exposure,not applicable,bnf_lkp,Beta-Adrenoceptor Blocking Drugs | Beta-Adrenoceptor Blocking Drugs | Beta-Adrenoceptor Blocking Drugs | Cardiovascular System,candidate_requires_pharmacology_review
medication.antihypertensive.bnf,medication,antihypertensive,bnf,gp_scripts,bnf_code,prefix,true,0204000AC,Bisoprolol Fumarate/Aspirin,Bisoprolol Fumarate/Aspirin,core,prescription_exposure,not applicable,bnf_lkp,Beta-Adrenoceptor Blocking Drugs | Beta-Adrenoceptor Blocking Drugs | Beta-Adrenoceptor Blocking Drugs | Cardiovascular System,candidate_requires_pharmacology_review
medication.antihypertensive.bnf,medication,antihypertensive,bnf,gp_scripts,bnf_code,prefix,true,0204000B0,Acebutolol Hydrochloride With Diuretic,Acebutolol Hydrochloride With Diuretic,core,prescription_exposure,not applicable,bnf_lkp,Beta-Adrenoceptor Blocking Drugs | Beta-Adrenoceptor Blocking Drugs | Beta-Adrenoceptor Blocking Drugs | Cardiovascular System,candidate_requires_pharmacology_review
medication.antihypertensive.bnf,medication,antihypertensive,bnf,gp_scripts,bnf_code,prefix,true,0204000C0,Acebutolol Hydrochloride,Acebutolol Hydrochloride,core,prescription_exposure,not applicable,bnf_lkp,Beta-Adrenoceptor Blocking Drugs | Beta-Adrenoceptor Blocking Drugs | Beta-Adrenoceptor Blocking Drugs | Cardiovascular System,candidate_requires_pharmacology_review
medication.antihypertensive.bnf,medication,antihypertensive,bnf,gp_scripts,bnf_code,prefix,true,0204000D0,Practolol,Practolol,core,prescription_exposure,not applicable,bnf_lkp,Beta-Adrenoceptor Blocking Drugs | Beta-Adrenoceptor Blocking Drugs | Beta-Adrenoceptor Blocking Drugs | Cardiovascular System,candidate_requires_pharmacology_review
medication.antihypertensive.bnf,medication,antihypertensive,bnf,gp_scripts,bnf_code,prefix,true,0204000E0,Atenolol,Atenolol,core,prescription_exposure,not applicable,bnf_lkp,Beta-Adrenoceptor Blocking Drugs | Beta-Adrenoceptor Blocking Drugs | Beta-Adrenoceptor Blocking Drugs | Cardiovascular System,candidate_requires_pharmacology_review
medication.antihypertensive.bnf,medication,antihypertensive,bnf,gp_scripts,bnf_code,prefix,true,0204000F0,Atenolol With Diuretic,Atenolol With Diuretic,core,prescription_exposure,not applicable,bnf_lkp,Beta-Adrenoceptor Blocking Drugs | Beta-Adrenoceptor Blocking Drugs | Beta-Adrenoceptor Blocking Drugs | Cardiovascular System,candidate_requires_pharmacology_review
medication.antihypertensive.bnf,medication,antihypertensive,bnf,gp_scripts,bnf_code,prefix,true,0204000G0,Betaxolol Hydrochloride,Betaxolol Hydrochloride,core,prescription_exposure,not applicable,bnf_lkp,Beta-Adrenoceptor Blocking Drugs | Beta-Adrenoceptor Blocking Drugs | Beta-Adrenoceptor Blocking Drugs | Cardiovascular System,candidate_requires_pharmacology_review
medication.antihypertensive.bnf,medication,antihypertensive,bnf,gp_scripts,bnf_code,prefix,true,0204000H0,Bisoprolol Fumarate,Bisoprolol Fumarate,core,prescription_exposure,not applicable,bnf_lkp,Beta-Adrenoceptor Blocking Drugs | Beta-Adrenoceptor Blocking Drugs | Beta-Adrenoceptor Blocking Drugs | Cardiovascular System,candidate_requires_pharmacology_review
medication.antihypertensive.bnf,medication,antihypertensive,bnf,gp_scripts,bnf_code,prefix,true,0204000I0,Labetalol Hydrochloride,Labetalol Hydrochloride,core,prescription_exposure,not applicable,bnf_lkp,Beta-Adrenoceptor Blocking Drugs | Beta-Adrenoceptor Blocking Drugs | Beta-Adrenoceptor Blocking Drugs | Cardiovascular System,candidate_requires_pharmacology_review
medication.antihypertensive.bnf,medication,antihypertensive,bnf,gp_scripts,bnf_code,prefix,true,0204000J0,Metoprolol Fumarate,Metoprolol Fumarate,core,prescription_exposure,not applicable,bnf_lkp,Beta-Adrenoceptor Blocking Drugs | Beta-Adrenoceptor Blocking Drugs | Beta-Adrenoceptor Blocking Drugs | Cardiovascular System,candidate_requires_pharmacology_review
medication.antihypertensive.bnf,medication,antihypertensive,bnf,gp_scripts,bnf_code,prefix,true,0204000K0,Metoprolol Tartrate,Metoprolol Tartrate,core,prescription_exposure,not applicable,bnf_lkp,Beta-Adrenoceptor Blocking Drugs | Beta-Adrenoceptor Blocking Drugs | Beta-Adrenoceptor Blocking Drugs | Cardiovascular System,candidate_requires_pharmacology_review
medication.antihypertensive.bnf,medication,antihypertensive,bnf,gp_scripts,bnf_code,prefix,true,0204000L0,Carteolol Hydrochloride,Carteolol Hydrochloride,core,prescription_exposure,not applicable,bnf_lkp,Beta-Adrenoceptor Blocking Drugs | Beta-Adrenoceptor Blocking Drugs | Beta-Adrenoceptor Blocking Drugs | Cardiovascular System,candidate_requires_pharmacology_review
medication.antihypertensive.bnf,medication,antihypertensive,bnf,gp_scripts,bnf_code,prefix,true,0204000M0,Nadolol,Nadolol,core,prescription_exposure,not applicable,bnf_lkp,Beta-Adrenoceptor Blocking Drugs | Beta-Adrenoceptor Blocking Drugs | Beta-Adrenoceptor Blocking Drugs | Cardiovascular System,candidate_requires_pharmacology_review
medication.antihypertensive.bnf,medication,antihypertensive,bnf,gp_scripts,bnf_code,prefix,true,0204000N0,Oxprenolol Hydrochloride,Oxprenolol Hydrochloride,core,prescription_exposure,not applicable,bnf_lkp,Beta-Adrenoceptor Blocking Drugs | Beta-Adrenoceptor Blocking Drugs | Beta-Adrenoceptor Blocking Drugs | Cardiovascular System,candidate_requires_pharmacology_review
medication.antihypertensive.bnf,medication,antihypertensive,bnf,gp_scripts,bnf_code,prefix,true,0204000P0,Pindolol,Pindolol,core,prescription_exposure,not applicable,bnf_lkp,Beta-Adrenoceptor Blocking Drugs | Beta-Adrenoceptor Blocking Drugs | Beta-Adrenoceptor Blocking Drugs | Cardiovascular System,candidate_requires_pharmacology_review
medication.antihypertensive.bnf,medication,antihypertensive,bnf,gp_scripts,bnf_code,prefix,true,0204000Q0,Propranolol Hydrochloride With Diuretic,Propranolol Hydrochloride With Diuretic,core,prescription_exposure,not applicable,bnf_lkp,Beta-Adrenoceptor Blocking Drugs | Beta-Adrenoceptor Blocking Drugs | Beta-Adrenoceptor Blocking Drugs | Cardiovascular System,candidate_requires_pharmacology_review
medication.antihypertensive.bnf,medication,antihypertensive,bnf,gp_scripts,bnf_code,prefix,true,0204000R0,Propranolol Hydrochloride,Propranolol Hydrochloride,core,prescription_exposure,not applicable,bnf_lkp,Beta-Adrenoceptor Blocking Drugs | Beta-Adrenoceptor Blocking Drugs | Beta-Adrenoceptor Blocking Drugs | Cardiovascular System,candidate_requires_pharmacology_review
medication.antihypertensive.bnf,medication,antihypertensive,bnf,gp_scripts,bnf_code,prefix,true,0204000T0,Sotalol Hydrochloride,Sotalol Hydrochloride,core,prescription_exposure,not applicable,bnf_lkp,Beta-Adrenoceptor Blocking Drugs | Beta-Adrenoceptor Blocking Drugs | Beta-Adrenoceptor Blocking Drugs | Cardiovascular System,candidate_requires_pharmacology_review
medication.antihypertensive.bnf,medication,antihypertensive,bnf,gp_scripts,bnf_code,prefix,true,0204000U0,Atenolol With Calcium Channel Blocker,Atenolol With Calcium Channel Blocker,core,prescription_exposure,not applicable,bnf_lkp,Beta-Adrenoceptor Blocking Drugs | Beta-Adrenoceptor Blocking Drugs | Beta-Adrenoceptor Blocking Drugs | Cardiovascular System,candidate_requires_pharmacology_review
medication.antihypertensive.bnf,medication,antihypertensive,bnf,gp_scripts,bnf_code,prefix,true,0204000V0,Timolol,Timolol,core,prescription_exposure,not applicable,bnf_lkp,Beta-Adrenoceptor Blocking Drugs | Beta-Adrenoceptor Blocking Drugs | Beta-Adrenoceptor Blocking Drugs | Cardiovascular System,candidate_requires_pharmacology_review
medication.antihypertensive.bnf,medication,antihypertensive,bnf,gp_scripts,bnf_code,prefix,true,0204000W0,Metoprolol Tartrate With Diuretic,Metoprolol Tartrate With Diuretic,core,prescription_exposure,not applicable,bnf_lkp,Beta-Adrenoceptor Blocking Drugs | Beta-Adrenoceptor Blocking Drugs | Beta-Adrenoceptor Blocking Drugs | Cardiovascular System,candidate_requires_pharmacology_review
medication.antihypertensive.bnf,medication,antihypertensive,bnf,gp_scripts,bnf_code,prefix,true,0204000X0,Nadolol With Diuretic,Nadolol With Diuretic,core,prescription_exposure,not applicable,bnf_lkp,Beta-Adrenoceptor Blocking Drugs | Beta-Adrenoceptor Blocking Drugs | Beta-Adrenoceptor Blocking Drugs | Cardiovascular System,candidate_requires_pharmacology_review
medication.antihypertensive.bnf,medication,antihypertensive,bnf,gp_scripts,bnf_code,prefix,true,0204000Y0,Co-Prenozide (Oxprenolol HCl/Cyclopenth),Co-Prenozide (Oxprenolol HCl/Cyclopenth),core,prescription_exposure,not applicable,bnf_lkp,Beta-Adrenoceptor Blocking Drugs | Beta-Adrenoceptor Blocking Drugs | Beta-Adrenoceptor Blocking Drugs | Cardiovascular System,candidate_requires_pharmacology_review
medication.antihypertensive.bnf,medication,antihypertensive,bnf,gp_scripts,bnf_code,prefix,true,0204000Z0,Penbutolol Sulphate With Diuretic,Penbutolol Sulphate With Diuretic,core,prescription_exposure,not applicable,bnf_lkp,Beta-Adrenoceptor Blocking Drugs | Beta-Adrenoceptor Blocking Drugs | Beta-Adrenoceptor Blocking Drugs | Cardiovascular System,candidate_requires_pharmacology_review
medication.antihypertensive.bnf,medication,antihypertensive,bnf,gp_scripts,bnf_code,prefix,true,0205010AA,Macitentan,Macitentan,core,prescription_exposure,not applicable,bnf_lkp,Vasodilator Antihypertensive Drugs | Vasodilator Antihypertensive Drugs | Hypertension and Heart Failure | Cardiovascular System,candidate_requires_pharmacology_review
medication.antihypertensive.bnf,medication,antihypertensive,bnf,gp_scripts,bnf_code,prefix,true,0205010AB,Riociguat,Riociguat,core,prescription_exposure,not applicable,bnf_lkp,Vasodilator Antihypertensive Drugs | Vasodilator Antihypertensive Drugs | Hypertension and Heart Failure | Cardiovascular System,candidate_requires_pharmacology_review
medication.antihypertensive.bnf,medication,antihypertensive,bnf,gp_scripts,bnf_code,prefix,true,0205010E0,Diazoxide,Diazoxide,core,prescription_exposure,not applicable,bnf_lkp,Vasodilator Antihypertensive Drugs | Vasodilator Antihypertensive Drugs | Hypertension and Heart Failure | Cardiovascular System,candidate_requires_pharmacology_review
medication.antihypertensive.bnf,medication,antihypertensive,bnf,gp_scripts,bnf_code,prefix,true,0205010J0,Hydralazine Hydrochloride,Hydralazine Hydrochloride,core,prescription_exposure,not applicable,bnf_lkp,Vasodilator Antihypertensive Drugs | Vasodilator Antihypertensive Drugs | Hypertension and Heart Failure | Cardiovascular System,candidate_requires_pharmacology_review
medication.antihypertensive.bnf,medication,antihypertensive,bnf,gp_scripts,bnf_code,prefix,true,0205010N0,Minoxidil,Minoxidil,core,prescription_exposure,not applicable,bnf_lkp,Vasodilator Antihypertensive Drugs | Vasodilator Antihypertensive Drugs | Hypertension and Heart Failure | Cardiovascular System,candidate_requires_pharmacology_review
medication.antihypertensive.bnf,medication,antihypertensive,bnf,gp_scripts,bnf_code,prefix,true,0205010T0,Sodium Nitroprusside,Sodium Nitroprusside,core,prescription_exposure,not applicable,bnf_lkp,Vasodilator Antihypertensive Drugs | Vasodilator Antihypertensive Drugs | Hypertension and Heart Failure | Cardiovascular System,candidate_requires_pharmacology_review
medication.antihypertensive.bnf,medication,antihypertensive,bnf,gp_scripts,bnf_code,prefix,true,0205010U0,Bosentan,Bosentan,core,prescription_exposure,not applicable,bnf_lkp,Vasodilator Antihypertensive Drugs | Vasodilator Antihypertensive Drugs | Hypertension and Heart Failure | Cardiovascular System,candidate_requires_pharmacology_review
medication.antihypertensive.bnf,medication,antihypertensive,bnf,gp_scripts,bnf_code,prefix,true,0205010V0,Iloprost,Iloprost,core,prescription_exposure,not applicable,bnf_lkp,Vasodilator Antihypertensive Drugs | Vasodilator Antihypertensive Drugs | Hypertension and Heart Failure | Cardiovascular System,candidate_requires_pharmacology_review
medication.antihypertensive.bnf,medication,antihypertensive,bnf,gp_scripts,bnf_code,prefix,true,0205010W0,Sitaxentan Sodium,Sitaxentan Sodium,core,prescription_exposure,not applicable,bnf_lkp,Vasodilator Antihypertensive Drugs | Vasodilator Antihypertensive Drugs | Hypertension and Heart Failure | Cardiovascular System,candidate_requires_pharmacology_review
medication.antihypertensive.bnf,medication,antihypertensive,bnf,gp_scripts,bnf_code,prefix,true,0205010X0,Ambrisentan,Ambrisentan,core,prescription_exposure,not applicable,bnf_lkp,Vasodilator Antihypertensive Drugs | Vasodilator Antihypertensive Drugs | Hypertension and Heart Failure | Cardiovascular System,candidate_requires_pharmacology_review
medication.antihypertensive.bnf,medication,antihypertensive,bnf,gp_scripts,bnf_code,prefix,true,0205010Y0,Sildenafil(Vasodilator Antihypertensive),Sildenafil(Vasodilator Antihypertensive),core,prescription_exposure,not applicable,bnf_lkp,Vasodilator Antihypertensive Drugs | Vasodilator Antihypertensive Drugs | Hypertension and Heart Failure | Cardiovascular System,candidate_requires_pharmacology_review
medication.antihypertensive.bnf,medication,antihypertensive,bnf,gp_scripts,bnf_code,prefix,true,0205010Z0,Tadalafil (Vasodilator Antihypertensive),Tadalafil (Vasodilator Antihypertensive),core,prescription_exposure,not applicable,bnf_lkp,Vasodilator Antihypertensive Drugs | Vasodilator Antihypertensive Drugs | Hypertension and Heart Failure | Cardiovascular System,candidate_requires_pharmacology_review
medication.antihypertensive.bnf,medication,antihypertensive,bnf,gp_scripts,bnf_code,prefix,true,020502000,Other Antihypertensive Preps,Other Antihypertensive Preps,core,prescription_exposure,not applicable,bnf_lkp,Centrally-Acting Antihypertensive Drugs | Centrally-Acting Antihypertensive Drugs | Hypertension and Heart Failure | Cardiovascular System,candidate_requires_pharmacology_review
medication.antihypertensive.bnf,medication,antihypertensive,bnf,gp_scripts,bnf_code,prefix,true,0205020E0,Clonidine Hydrochloride,Clonidine Hydrochloride,core,prescription_exposure,not applicable,bnf_lkp,Centrally-Acting Antihypertensive Drugs | Centrally-Acting Antihypertensive Drugs | Hypertension and Heart Failure | Cardiovascular System,candidate_requires_pharmacology_review
medication.antihypertensive.bnf,medication,antihypertensive,bnf,gp_scripts,bnf_code,prefix,true,0205020G0,Guanfacine Hydrochloride,Guanfacine Hydrochloride,core,prescription_exposure,not applicable,bnf_lkp,Centrally-Acting Antihypertensive Drugs | Centrally-Acting Antihypertensive Drugs | Hypertension and Heart Failure | Cardiovascular System,candidate_requires_pharmacology_review
medication.antihypertensive.bnf,medication,antihypertensive,bnf,gp_scripts,bnf_code,prefix,true,0205020H0,Methyldopa,Methyldopa,core,prescription_exposure,not applicable,bnf_lkp,Centrally-Acting Antihypertensive Drugs | Centrally-Acting Antihypertensive Drugs | Hypertension and Heart Failure | Cardiovascular System,candidate_requires_pharmacology_review
medication.antihypertensive.bnf,medication,antihypertensive,bnf,gp_scripts,bnf_code,prefix,true,0205020I0,Methyldopa With Diuretic,Methyldopa With Diuretic,core,prescription_exposure,not applicable,bnf_lkp,Centrally-Acting Antihypertensive Drugs | Centrally-Acting Antihypertensive Drugs | Hypertension and Heart Failure | Cardiovascular System,candidate_requires_pharmacology_review
medication.antihypertensive.bnf,medication,antihypertensive,bnf,gp_scripts,bnf_code,prefix,true,0205020J0,Methyldopate Hydrochloride,Methyldopate Hydrochloride,core,prescription_exposure,not applicable,bnf_lkp,Centrally-Acting Antihypertensive Drugs | Centrally-Acting Antihypertensive Drugs | Hypertension and Heart Failure | Cardiovascular System,candidate_requires_pharmacology_review
medication.antihypertensive.bnf,medication,antihypertensive,bnf,gp_scripts,bnf_code,prefix,true,0205020M0,Moxonidine,Moxonidine,core,prescription_exposure,not applicable,bnf_lkp,Centrally-Acting Antihypertensive Drugs | Centrally-Acting Antihypertensive Drugs | Hypertension and Heart Failure | Cardiovascular System,candidate_requires_pharmacology_review
medication.antihypertensive.bnf,medication,antihypertensive,bnf,gp_scripts,bnf_code,prefix,true,0205020N0,Reserpine And Rauwolfia Alkaloids,Reserpine And Rauwolfia Alkaloids,core,prescription_exposure,not applicable,bnf_lkp,Centrally-Acting Antihypertensive Drugs | Centrally-Acting Antihypertensive Drugs | Hypertension and Heart Failure | Cardiovascular System,candidate_requires_pharmacology_review
medication.antihypertensive.bnf,medication,antihypertensive,bnf,gp_scripts,bnf_code,prefix,true,0205020P0,Reserp & Rauw Alk With Alkavervir,Reserp & Rauw Alk With Alkavervir,core,prescription_exposure,not applicable,bnf_lkp,Centrally-Acting Antihypertensive Drugs | Centrally-Acting Antihypertensive Drugs | Hypertension and Heart Failure | Cardiovascular System,candidate_requires_pharmacology_review
medication.antihypertensive.bnf,medication,antihypertensive,bnf,gp_scripts,bnf_code,prefix,true,0205020Q0,Reserp & Rauw Alk With Barbiturate,Reserp & Rauw Alk With Barbiturate,core,prescription_exposure,not applicable,bnf_lkp,Centrally-Acting Antihypertensive Drugs | Centrally-Acting Antihypertensive Drugs | Hypertension and Heart Failure | Cardiovascular System,candidate_requires_pharmacology_review
medication.antihypertensive.bnf,medication,antihypertensive,bnf,gp_scripts,bnf_code,prefix,true,0205020R0,Reserp & Rauw Alk With Diuretic,Reserp & Rauw Alk With Diuretic,core,prescription_exposure,not applicable,bnf_lkp,Centrally-Acting Antihypertensive Drugs | Centrally-Acting Antihypertensive Drugs | Hypertension and Heart Failure | Cardiovascular System,candidate_requires_pharmacology_review
medication.antihypertensive.bnf,medication,antihypertensive,bnf,gp_scripts,bnf_code,prefix,true,0205051AA,Perindopril Tosilate,Perindopril Tosilate,core,prescription_exposure,not applicable,bnf_lkp,Angiotensin-Converting Enzyme Inhibitors | Renin-Angiotensin System Drugs | Hypertension and Heart Failure | Cardiovascular System,candidate_requires_pharmacology_review
medication.antihypertensive.bnf,medication,antihypertensive,bnf,gp_scripts,bnf_code,prefix,true,0205051AB,Perindopril Tosilate/Indapamide,Perindopril Tosilate/Indapamide,core,prescription_exposure,not applicable,bnf_lkp,Angiotensin-Converting Enzyme Inhibitors | Renin-Angiotensin System Drugs | Hypertension and Heart Failure | Cardiovascular System,candidate_requires_pharmacology_review
medication.antihypertensive.bnf,medication,antihypertensive,bnf,gp_scripts,bnf_code,prefix,true,0205051AC,Perindopril + Calcium Channel Blocker,Perindopril + Calcium Channel Blocker,core,prescription_exposure,not applicable,bnf_lkp,Angiotensin-Converting Enzyme Inhibitors | Renin-Angiotensin System Drugs | Hypertension and Heart Failure | Cardiovascular System,candidate_requires_pharmacology_review
medication.antihypertensive.bnf,medication,antihypertensive,bnf,gp_scripts,bnf_code,prefix,true,0205051C0,Moexipril Hydrochloride,Moexipril Hydrochloride,core,prescription_exposure,not applicable,bnf_lkp,Angiotensin-Converting Enzyme Inhibitors | Renin-Angiotensin System Drugs | Hypertension and Heart Failure | Cardiovascular System,candidate_requires_pharmacology_review
medication.antihypertensive.bnf,medication,antihypertensive,bnf,gp_scripts,bnf_code,prefix,true,0205051E0,Cilazapril,Cilazapril,core,prescription_exposure,not applicable,bnf_lkp,Angiotensin-Converting Enzyme Inhibitors | Renin-Angiotensin System Drugs | Hypertension and Heart Failure | Cardiovascular System,candidate_requires_pharmacology_review
medication.antihypertensive.bnf,medication,antihypertensive,bnf,gp_scripts,bnf_code,prefix,true,0205051F0,Captopril,Captopril,core,prescription_exposure,not applicable,bnf_lkp,Angiotensin-Converting Enzyme Inhibitors | Renin-Angiotensin System Drugs | Hypertension and Heart Failure | Cardiovascular System,candidate_requires_pharmacology_review
medication.antihypertensive.bnf,medication,antihypertensive,bnf,gp_scripts,bnf_code,prefix,true,0205051G0,Co-Zidocapt (Hydchloroth/Captopril),Co-Zidocapt (Hydchloroth/Captopril),core,prescription_exposure,not applicable,bnf_lkp,Angiotensin-Converting Enzyme Inhibitors | Renin-Angiotensin System Drugs | Hypertension and Heart Failure | Cardiovascular System,candidate_requires_pharmacology_review
medication.antihypertensive.bnf,medication,antihypertensive,bnf,gp_scripts,bnf_code,prefix,true,0205051H0,Enalapril Maleate with Diuretic,Enalapril Maleate with Diuretic,core,prescription_exposure,not applicable,bnf_lkp,Angiotensin-Converting Enzyme Inhibitors | Renin-Angiotensin System Drugs | Hypertension and Heart Failure | Cardiovascular System,candidate_requires_pharmacology_review
medication.antihypertensive.bnf,medication,antihypertensive,bnf,gp_scripts,bnf_code,prefix,true,0205051I0,Enalapril Maleate,Enalapril Maleate,core,prescription_exposure,not applicable,bnf_lkp,Angiotensin-Converting Enzyme Inhibitors | Renin-Angiotensin System Drugs | Hypertension and Heart Failure | Cardiovascular System,candidate_requires_pharmacology_review
medication.antihypertensive.bnf,medication,antihypertensive,bnf,gp_scripts,bnf_code,prefix,true,0205051J0,Fosinopril Sodium,Fosinopril Sodium,core,prescription_exposure,not applicable,bnf_lkp,Angiotensin-Converting Enzyme Inhibitors | Renin-Angiotensin System Drugs | Hypertension and Heart Failure | Cardiovascular System,candidate_requires_pharmacology_review
medication.antihypertensive.bnf,medication,antihypertensive,bnf,gp_scripts,bnf_code,prefix,true,0205051K0,Lisinopril with Diuretic,Lisinopril with Diuretic,core,prescription_exposure,not applicable,bnf_lkp,Angiotensin-Converting Enzyme Inhibitors | Renin-Angiotensin System Drugs | Hypertension and Heart Failure | Cardiovascular System,candidate_requires_pharmacology_review
medication.antihypertensive.bnf,medication,antihypertensive,bnf,gp_scripts,bnf_code,prefix,true,0205051L0,Lisinopril,Lisinopril,core,prescription_exposure,not applicable,bnf_lkp,Angiotensin-Converting Enzyme Inhibitors | Renin-Angiotensin System Drugs | Hypertension and Heart Failure | Cardiovascular System,candidate_requires_pharmacology_review
medication.antihypertensive.bnf,medication,antihypertensive,bnf,gp_scripts,bnf_code,prefix,true,0205051M0,Perindopril Erbumine,Perindopril Erbumine,core,prescription_exposure,not applicable,bnf_lkp,Angiotensin-Converting Enzyme Inhibitors | Renin-Angiotensin System Drugs | Hypertension and Heart Failure | Cardiovascular System,candidate_requires_pharmacology_review
medication.antihypertensive.bnf,medication,antihypertensive,bnf,gp_scripts,bnf_code,prefix,true,0205051N0,Perindopril Erbumine with Diuretic,Perindopril Erbumine with Diuretic,core,prescription_exposure,not applicable,bnf_lkp,Angiotensin-Converting Enzyme Inhibitors | Renin-Angiotensin System Drugs | Hypertension and Heart Failure | Cardiovascular System,candidate_requires_pharmacology_review
medication.antihypertensive.bnf,medication,antihypertensive,bnf,gp_scripts,bnf_code,prefix,true,0205051P0,Quinapril Hydrochloride with Diuretic,Quinapril Hydrochloride with Diuretic,core,prescription_exposure,not applicable,bnf_lkp,Angiotensin-Converting Enzyme Inhibitors | Renin-Angiotensin System Drugs | Hypertension and Heart Failure | Cardiovascular System,candidate_requires_pharmacology_review
medication.antihypertensive.bnf,medication,antihypertensive,bnf,gp_scripts,bnf_code,prefix,true,0205051Q0,Quinapril Hydrochloride,Quinapril Hydrochloride,core,prescription_exposure,not applicable,bnf_lkp,Angiotensin-Converting Enzyme Inhibitors | Renin-Angiotensin System Drugs | Hypertension and Heart Failure | Cardiovascular System,candidate_requires_pharmacology_review
medication.antihypertensive.bnf,medication,antihypertensive,bnf,gp_scripts,bnf_code,prefix,true,0205051R0,Ramipril,Ramipril,core,prescription_exposure,not applicable,bnf_lkp,Angiotensin-Converting Enzyme Inhibitors | Renin-Angiotensin System Drugs | Hypertension and Heart Failure | Cardiovascular System,candidate_requires_pharmacology_review
medication.antihypertensive.bnf,medication,antihypertensive,bnf,gp_scripts,bnf_code,prefix,true,0205051S0,Ramipril with Calcium Channel Blocker,Ramipril with Calcium Channel Blocker,core,prescription_exposure,not applicable,bnf_lkp,Angiotensin-Converting Enzyme Inhibitors | Renin-Angiotensin System Drugs | Hypertension and Heart Failure | Cardiovascular System,candidate_requires_pharmacology_review
medication.antihypertensive.bnf,medication,antihypertensive,bnf,gp_scripts,bnf_code,prefix,true,0205051U0,Trandolapril,Trandolapril,core,prescription_exposure,not applicable,bnf_lkp,Angiotensin-Converting Enzyme Inhibitors | Renin-Angiotensin System Drugs | Hypertension and Heart Failure | Cardiovascular System,candidate_requires_pharmacology_review
medication.antihypertensive.bnf,medication,antihypertensive,bnf,gp_scripts,bnf_code,prefix,true,0205051V0,Trandolapril + Calcium Channel Blocker,Trandolapril + Calcium Channel Blocker,core,prescription_exposure,not applicable,bnf_lkp,Angiotensin-Converting Enzyme Inhibitors | Renin-Angiotensin System Drugs | Hypertension and Heart Failure | Cardiovascular System,candidate_requires_pharmacology_review
medication.antihypertensive.bnf,medication,antihypertensive,bnf,gp_scripts,bnf_code,prefix,true,0205051W0,Imidapril Hydrochloride,Imidapril Hydrochloride,core,prescription_exposure,not applicable,bnf_lkp,Angiotensin-Converting Enzyme Inhibitors | Renin-Angiotensin System Drugs | Hypertension and Heart Failure | Cardiovascular System,candidate_requires_pharmacology_review
medication.antihypertensive.bnf,medication,antihypertensive,bnf,gp_scripts,bnf_code,prefix,true,0205051X0,Benazepril Hydrochloride,Benazepril Hydrochloride,core,prescription_exposure,not applicable,bnf_lkp,Angiotensin-Converting Enzyme Inhibitors | Renin-Angiotensin System Drugs | Hypertension and Heart Failure | Cardiovascular System,candidate_requires_pharmacology_review
medication.antihypertensive.bnf,medication,antihypertensive,bnf,gp_scripts,bnf_code,prefix,true,0205051Y0,Perindopril Arginine,Perindopril Arginine,core,prescription_exposure,not applicable,bnf_lkp,Angiotensin-Converting Enzyme Inhibitors | Renin-Angiotensin System Drugs | Hypertension and Heart Failure | Cardiovascular System,candidate_requires_pharmacology_review
medication.antihypertensive.bnf,medication,antihypertensive,bnf,gp_scripts,bnf_code,prefix,true,0205051Z0,Perindopril Arginine with Diuretic,Perindopril Arginine with Diuretic,core,prescription_exposure,not applicable,bnf_lkp,Angiotensin-Converting Enzyme Inhibitors | Renin-Angiotensin System Drugs | Hypertension and Heart Failure | Cardiovascular System,candidate_requires_pharmacology_review
medication.antihypertensive.bnf,medication,antihypertensive,bnf,gp_scripts,bnf_code,prefix,true,0205052A0,Irbesartan with Diuretic,Irbesartan with Diuretic,core,prescription_exposure,not applicable,bnf_lkp,Angiotensin-II Receptor Antagonists | Renin-Angiotensin System Drugs | Hypertension and Heart Failure | Cardiovascular System,candidate_requires_pharmacology_review
medication.antihypertensive.bnf,medication,antihypertensive,bnf,gp_scripts,bnf_code,prefix,true,0205052AB,Olmesartan Medoxomil/Amlodipine,Olmesartan Medoxomil/Amlodipine,core,prescription_exposure,not applicable,bnf_lkp,Angiotensin-II Receptor Antagonists | Renin-Angiotensin System Drugs | Hypertension and Heart Failure | Cardiovascular System,candidate_requires_pharmacology_review
medication.antihypertensive.bnf,medication,antihypertensive,bnf,gp_scripts,bnf_code,prefix,true,0205052AC,Olmesartan Medox/Amlodipine/Hydchloroth,Olmesartan Medox/Amlodipine/Hydchloroth,core,prescription_exposure,not applicable,bnf_lkp,Angiotensin-II Receptor Antagonists | Renin-Angiotensin System Drugs | Hypertension and Heart Failure | Cardiovascular System,candidate_requires_pharmacology_review
medication.antihypertensive.bnf,medication,antihypertensive,bnf,gp_scripts,bnf_code,prefix,true,0205052AD,Azilsartan Medoxomil,Azilsartan Medoxomil,core,prescription_exposure,not applicable,bnf_lkp,Angiotensin-II Receptor Antagonists | Renin-Angiotensin System Drugs | Hypertension and Heart Failure | Cardiovascular System,candidate_requires_pharmacology_review
medication.antihypertensive.bnf,medication,antihypertensive,bnf,gp_scripts,bnf_code,prefix,true,0205052AE,Sacubitril/Valsartan,Sacubitril/Valsartan,core,prescription_exposure,not applicable,bnf_lkp,Angiotensin-II Receptor Antagonists | Renin-Angiotensin System Drugs | Hypertension and Heart Failure | Cardiovascular System,candidate_requires_pharmacology_review
medication.antihypertensive.bnf,medication,antihypertensive,bnf,gp_scripts,bnf_code,prefix,true,0205052B0,Olmesartan Medoxomil,Olmesartan Medoxomil,core,prescription_exposure,not applicable,bnf_lkp,Angiotensin-II Receptor Antagonists | Renin-Angiotensin System Drugs | Hypertension and Heart Failure | Cardiovascular System,candidate_requires_pharmacology_review
medication.antihypertensive.bnf,medication,antihypertensive,bnf,gp_scripts,bnf_code,prefix,true,0205052C0,Candesartan Cilexetil,Candesartan Cilexetil,core,prescription_exposure,not applicable,bnf_lkp,Angiotensin-II Receptor Antagonists | Renin-Angiotensin System Drugs | Hypertension and Heart Failure | Cardiovascular System,candidate_requires_pharmacology_review
medication.antihypertensive.bnf,medication,antihypertensive,bnf,gp_scripts,bnf_code,prefix,true,0205052I0,Irbesartan,Irbesartan,core,prescription_exposure,not applicable,bnf_lkp,Angiotensin-II Receptor Antagonists | Renin-Angiotensin System Drugs | Hypertension and Heart Failure | Cardiovascular System,candidate_requires_pharmacology_review
medication.antihypertensive.bnf,medication,antihypertensive,bnf,gp_scripts,bnf_code,prefix,true,0205052N0,Losartan Potassium,Losartan Potassium,core,prescription_exposure,not applicable,bnf_lkp,Angiotensin-II Receptor Antagonists | Renin-Angiotensin System Drugs | Hypertension and Heart Failure | Cardiovascular System,candidate_requires_pharmacology_review
medication.antihypertensive.bnf,medication,antihypertensive,bnf,gp_scripts,bnf_code,prefix,true,0205052P0,Losartan Potassium With Diuretic,Losartan Potassium With Diuretic,core,prescription_exposure,not applicable,bnf_lkp,Angiotensin-II Receptor Antagonists | Renin-Angiotensin System Drugs | Hypertension and Heart Failure | Cardiovascular System,candidate_requires_pharmacology_review
medication.antihypertensive.bnf,medication,antihypertensive,bnf,gp_scripts,bnf_code,prefix,true,0205052Q0,Telmisartan,Telmisartan,core,prescription_exposure,not applicable,bnf_lkp,Angiotensin-II Receptor Antagonists | Renin-Angiotensin System Drugs | Hypertension and Heart Failure | Cardiovascular System,candidate_requires_pharmacology_review
medication.antihypertensive.bnf,medication,antihypertensive,bnf,gp_scripts,bnf_code,prefix,true,0205052R0,Telmisartan with Diuretic,Telmisartan with Diuretic,core,prescription_exposure,not applicable,bnf_lkp,Angiotensin-II Receptor Antagonists | Renin-Angiotensin System Drugs | Hypertension and Heart Failure | Cardiovascular System,candidate_requires_pharmacology_review
medication.antihypertensive.bnf,medication,antihypertensive,bnf,gp_scripts,bnf_code,prefix,true,0205052V0,Valsartan,Valsartan,core,prescription_exposure,not applicable,bnf_lkp,Angiotensin-II Receptor Antagonists | Renin-Angiotensin System Drugs | Hypertension and Heart Failure | Cardiovascular System,candidate_requires_pharmacology_review
medication.antihypertensive.bnf,medication,antihypertensive,bnf,gp_scripts,bnf_code,prefix,true,0205052W0,Eprosartan,Eprosartan,core,prescription_exposure,not applicable,bnf_lkp,Angiotensin-II Receptor Antagonists | Renin-Angiotensin System Drugs | Hypertension and Heart Failure | Cardiovascular System,candidate_requires_pharmacology_review
medication.antihypertensive.bnf,medication,antihypertensive,bnf,gp_scripts,bnf_code,prefix,true,0205052X0,Valsartan with Diuretic,Valsartan with Diuretic,core,prescription_exposure,not applicable,bnf_lkp,Angiotensin-II Receptor Antagonists | Renin-Angiotensin System Drugs | Hypertension and Heart Failure | Cardiovascular System,candidate_requires_pharmacology_review
medication.antihypertensive.bnf,medication,antihypertensive,bnf,gp_scripts,bnf_code,prefix,true,0205052Y0,Olmesartan Medoxomil/Hydrochlorothiazide,Olmesartan Medoxomil/Hydrochlorothiazide,core,prescription_exposure,not applicable,bnf_lkp,Angiotensin-II Receptor Antagonists | Renin-Angiotensin System Drugs | Hypertension and Heart Failure | Cardiovascular System,candidate_requires_pharmacology_review
medication.antihypertensive.bnf,medication,antihypertensive,bnf,gp_scripts,bnf_code,prefix,true,0206020A0,Amlodipine,Amlodipine,core,prescription_exposure,not applicable,bnf_lkp,"Calcium-Channel Blockers | Calcium-Channel Blockers | Nit,Calc Block & Other Antianginal Drugs | Cardiovascular System",candidate_requires_pharmacology_review
medication.antihypertensive.bnf,medication,antihypertensive,bnf,gp_scripts,bnf_code,prefix,true,0206020B0,Trimetazidine Hydrochloride,Trimetazidine Hydrochloride,core,prescription_exposure,not applicable,bnf_lkp,"Calcium-Channel Blockers | Calcium-Channel Blockers | Nit,Calc Block & Other Antianginal Drugs | Cardiovascular System",candidate_requires_pharmacology_review
medication.antihypertensive.bnf,medication,antihypertensive,bnf,gp_scripts,bnf_code,prefix,true,0206020C0,Diltiazem Hydrochloride,Diltiazem Hydrochloride,core,prescription_exposure,not applicable,bnf_lkp,"Calcium-Channel Blockers | Calcium-Channel Blockers | Nit,Calc Block & Other Antianginal Drugs | Cardiovascular System",candidate_requires_pharmacology_review
medication.antihypertensive.bnf,medication,antihypertensive,bnf,gp_scripts,bnf_code,prefix,true,0206020D0,Diltiazem Hydrochloride with Thiazides,Diltiazem Hydrochloride with Thiazides,core,prescription_exposure,not applicable,bnf_lkp,"Calcium-Channel Blockers | Calcium-Channel Blockers | Nit,Calc Block & Other Antianginal Drugs | Cardiovascular System",candidate_requires_pharmacology_review
medication.antihypertensive.bnf,medication,antihypertensive,bnf,gp_scripts,bnf_code,prefix,true,0206020F0,Felodipine,Felodipine,core,prescription_exposure,not applicable,bnf_lkp,"Calcium-Channel Blockers | Calcium-Channel Blockers | Nit,Calc Block & Other Antianginal Drugs | Cardiovascular System",candidate_requires_pharmacology_review
medication.antihypertensive.bnf,medication,antihypertensive,bnf,gp_scripts,bnf_code,prefix,true,0206020I0,Isradipine,Isradipine,core,prescription_exposure,not applicable,bnf_lkp,"Calcium-Channel Blockers | Calcium-Channel Blockers | Nit,Calc Block & Other Antianginal Drugs | Cardiovascular System",candidate_requires_pharmacology_review
medication.antihypertensive.bnf,medication,antihypertensive,bnf,gp_scripts,bnf_code,prefix,true,0206020K0,Lacidipine,Lacidipine,core,prescription_exposure,not applicable,bnf_lkp,"Calcium-Channel Blockers | Calcium-Channel Blockers | Nit,Calc Block & Other Antianginal Drugs | Cardiovascular System",candidate_requires_pharmacology_review
medication.antihypertensive.bnf,medication,antihypertensive,bnf,gp_scripts,bnf_code,prefix,true,0206020L0,Lercanidipine Hydrochloride,Lercanidipine Hydrochloride,core,prescription_exposure,not applicable,bnf_lkp,"Calcium-Channel Blockers | Calcium-Channel Blockers | Nit,Calc Block & Other Antianginal Drugs | Cardiovascular System",candidate_requires_pharmacology_review
medication.antihypertensive.bnf,medication,antihypertensive,bnf,gp_scripts,bnf_code,prefix,true,0206020M0,Nimodipine,Nimodipine,core,prescription_exposure,not applicable,bnf_lkp,"Calcium-Channel Blockers | Calcium-Channel Blockers | Nit,Calc Block & Other Antianginal Drugs | Cardiovascular System",candidate_requires_pharmacology_review
medication.antihypertensive.bnf,medication,antihypertensive,bnf,gp_scripts,bnf_code,prefix,true,0206020N0,Lidoflazine,Lidoflazine,core,prescription_exposure,not applicable,bnf_lkp,"Calcium-Channel Blockers | Calcium-Channel Blockers | Nit,Calc Block & Other Antianginal Drugs | Cardiovascular System",candidate_requires_pharmacology_review
medication.antihypertensive.bnf,medication,antihypertensive,bnf,gp_scripts,bnf_code,prefix,true,0206020P0,Nitrendipine,Nitrendipine,core,prescription_exposure,not applicable,bnf_lkp,"Calcium-Channel Blockers | Calcium-Channel Blockers | Nit,Calc Block & Other Antianginal Drugs | Cardiovascular System",candidate_requires_pharmacology_review
medication.antihypertensive.bnf,medication,antihypertensive,bnf,gp_scripts,bnf_code,prefix,true,0206020Q0,Nicardipine Hydrochloride,Nicardipine Hydrochloride,core,prescription_exposure,not applicable,bnf_lkp,"Calcium-Channel Blockers | Calcium-Channel Blockers | Nit,Calc Block & Other Antianginal Drugs | Cardiovascular System",candidate_requires_pharmacology_review
medication.antihypertensive.bnf,medication,antihypertensive,bnf,gp_scripts,bnf_code,prefix,true,0206020R0,Nifedipine,Nifedipine,core,prescription_exposure,not applicable,bnf_lkp,"Calcium-Channel Blockers | Calcium-Channel Blockers | Nit,Calc Block & Other Antianginal Drugs | Cardiovascular System",candidate_requires_pharmacology_review
medication.antihypertensive.bnf,medication,antihypertensive,bnf,gp_scripts,bnf_code,prefix,true,0206020S0,PrenylamineLactate,PrenylamineLactate,core,prescription_exposure,not applicable,bnf_lkp,"Calcium-Channel Blockers | Calcium-Channel Blockers | Nit,Calc Block & Other Antianginal Drugs | Cardiovascular System",candidate_requires_pharmacology_review
medication.antihypertensive.bnf,medication,antihypertensive,bnf,gp_scripts,bnf_code,prefix,true,0206020T0,Verapamil Hydrochloride,Verapamil Hydrochloride,core,prescription_exposure,not applicable,bnf_lkp,"Calcium-Channel Blockers | Calcium-Channel Blockers | Nit,Calc Block & Other Antianginal Drugs | Cardiovascular System",candidate_requires_pharmacology_review
medication.antihypertensive.bnf,medication,antihypertensive,bnf,gp_scripts,bnf_code,prefix,true,0206020V0,Perhexiline Maleate,Perhexiline Maleate,core,prescription_exposure,not applicable,bnf_lkp,"Calcium-Channel Blockers | Calcium-Channel Blockers | Nit,Calc Block & Other Antianginal Drugs | Cardiovascular System",candidate_requires_pharmacology_review
medication.antihypertensive.bnf,medication,antihypertensive,bnf,gp_scripts,bnf_code,prefix,true,0206020W0,Nisoldipine,Nisoldipine,core,prescription_exposure,not applicable,bnf_lkp,"Calcium-Channel Blockers | Calcium-Channel Blockers | Nit,Calc Block & Other Antianginal Drugs | Cardiovascular System",candidate_requires_pharmacology_review
medication.antihypertensive.bnf,medication,antihypertensive,bnf,gp_scripts,bnf_code,prefix,true,0206020X0,Mibefradil,Mibefradil,core,prescription_exposure,not applicable,bnf_lkp,"Calcium-Channel Blockers | Calcium-Channel Blockers | Nit,Calc Block & Other Antianginal Drugs | Cardiovascular System",candidate_requires_pharmacology_review
medication.antihypertensive.bnf,medication,antihypertensive,bnf,gp_scripts,bnf_code,prefix,true,0206020Y0,Buflomedil Hydrochloride,Buflomedil Hydrochloride,core,prescription_exposure,not applicable,bnf_lkp,"Calcium-Channel Blockers | Calcium-Channel Blockers | Nit,Calc Block & Other Antianginal Drugs | Cardiovascular System",candidate_requires_pharmacology_review
medication.antihypertensive.bnf,medication,antihypertensive,bnf,gp_scripts,bnf_code,prefix,true,0206020Z0,Valsartan/Amlodipine,Valsartan/Amlodipine,core,prescription_exposure,not applicable,bnf_lkp,"Calcium-Channel Blockers | Calcium-Channel Blockers | Nit,Calc Block & Other Antianginal Drugs | Cardiovascular System",candidate_requires_pharmacology_review
medication.antihypertensive.read_v2_drug,medication,antihypertensive,read_v2_drug,gp_scripts,read_2,exact,true,b2...,THIAZIDE DIURETICS,THIAZIDE DIURETICS,core,prescription_exposure,not applicable,read_v2_drugs_bnf,Mapped BNF code: 02.02.01.00,candidate_requires_pharmacology_review
medication.antihypertensive.read_v2_drug,medication,antihypertensive,read_v2_drug,gp_scripts,read_2,exact,true,b21..,BENDROFLUMETHIAZIDE,BENDROFLUMETHIAZIDE,core,prescription_exposure,not applicable,read_v2_drugs_bnf,Mapped BNF code: 02.02.01.00,candidate_requires_pharmacology_review
medication.antihypertensive.read_v2_drug,medication,antihypertensive,read_v2_drug,gp_scripts,read_2,exact,true,b211.,BENDROFLUMETHIAZIDE 2.5mg tablets,BENDROFLUMETHIAZIDE 2.5mg tablets,core,prescription_exposure,not applicable,read_v2_drugs_bnf,Mapped BNF code: 02.02.01.00,candidate_requires_pharmacology_review
medication.antihypertensive.read_v2_drug,medication,antihypertensive,read_v2_drug,gp_scripts,read_2,exact,true,b212.,BENDROFLUMETHIAZIDE 5mg tablets,BENDROFLUMETHIAZIDE 5mg tablets,core,prescription_exposure,not applicable,read_v2_drugs_bnf,Mapped BNF code: 02.02.01.00,candidate_requires_pharmacology_review
medication.antihypertensive.read_v2_drug,medication,antihypertensive,read_v2_drug,gp_scripts,read_2,exact,true,b213.,APRINOX 2.5mg tablets,APRINOX 2.5mg tablets,core,prescription_exposure,not applicable,read_v2_drugs_bnf,Mapped BNF code: 02.02.01.00,candidate_requires_pharmacology_review
medication.antihypertensive.read_v2_drug,medication,antihypertensive,read_v2_drug,gp_scripts,read_2,exact,true,b214.,APRINOX 5mg tablets,APRINOX 5mg tablets,core,prescription_exposure,not applicable,read_v2_drugs_bnf,Mapped BNF code: 02.02.01.00,candidate_requires_pharmacology_review
medication.antihypertensive.read_v2_drug,medication,antihypertensive,read_v2_drug,gp_scripts,read_2,exact,true,b215.,*BERKOZIDE 2.5mg tablets,*BERKOZIDE 2.5mg tablets,core,prescription_exposure,not applicable,read_v2_drugs_bnf,Mapped BNF code: 02.02.01.00,candidate_requires_pharmacology_review
medication.antihypertensive.read_v2_drug,medication,antihypertensive,read_v2_drug,gp_scripts,read_2,exact,true,b216.,*BERKOZIDE 5mg tablets,*BERKOZIDE 5mg tablets,core,prescription_exposure,not applicable,read_v2_drugs_bnf,Mapped BNF code: 02.02.01.00,candidate_requires_pharmacology_review
medication.antihypertensive.read_v2_drug,medication,antihypertensive,read_v2_drug,gp_scripts,read_2,exact,true,b217.,*CENTYL 2.5mg tablets,*CENTYL 2.5mg tablets,core,prescription_exposure,not applicable,read_v2_drugs_bnf,Mapped BNF code: 02.02.01.00,candidate_requires_pharmacology_review
medication.antihypertensive.read_v2_drug,medication,antihypertensive,read_v2_drug,gp_scripts,read_2,exact,true,b218.,*CENTYL 5mg tablets,*CENTYL 5mg tablets,core,prescription_exposure,not applicable,read_v2_drugs_bnf,Mapped BNF code: 02.02.01.00,candidate_requires_pharmacology_review
medication.antihypertensive.read_v2_drug,medication,antihypertensive,read_v2_drug,gp_scripts,read_2,exact,true,b219.,NEO-NACLEX 5mg tablets,NEO-NACLEX 5mg tablets,core,prescription_exposure,not applicable,read_v2_drugs_bnf,Mapped BNF code: 02.02.01.00,candidate_requires_pharmacology_review
medication.antihypertensive.read_v2_drug,medication,antihypertensive,read_v2_drug,gp_scripts,read_2,exact,true,b21A.,*NEO-BENDROMAX 2.5mg tablets,*NEO-BENDROMAX 2.5mg tablets,core,prescription_exposure,not applicable,read_v2_drugs_bnf,Mapped BNF code: 02.02.01.00,candidate_requires_pharmacology_review
medication.antihypertensive.read_v2_drug,medication,antihypertensive,read_v2_drug,gp_scripts,read_2,exact,true,b21B.,*NEO-BENDROMAX 5mg tablets,*NEO-BENDROMAX 5mg tablets,core,prescription_exposure,not applicable,read_v2_drugs_bnf,Mapped BNF code: 02.02.01.00,candidate_requires_pharmacology_review
medication.antihypertensive.read_v2_drug,medication,antihypertensive,read_v2_drug,gp_scripts,read_2,exact,true,b21b.,NEO-NACLEX 2.5mg tablets,NEO-NACLEX 2.5mg tablets,core,prescription_exposure,not applicable,read_v2_drugs_bnf,Mapped BNF code: 02.02.01.00,candidate_requires_pharmacology_review
medication.antihypertensive.read_v2_drug,medication,antihypertensive,read_v2_drug,gp_scripts,read_2,exact,true,b22..,CHLOROTHIAZIDE,CHLOROTHIAZIDE,core,prescription_exposure,not applicable,read_v2_drugs_bnf,Mapped BNF code: 02.02.01.00,candidate_requires_pharmacology_review
medication.antihypertensive.read_v2_drug,medication,antihypertensive,read_v2_drug,gp_scripts,read_2,exact,true,b221.,*SALURIC 500mg tablets,*SALURIC 500mg tablets,core,prescription_exposure,not applicable,read_v2_drugs_bnf,Mapped BNF code: 02.02.01.00,candidate_requires_pharmacology_review
medication.antihypertensive.read_v2_drug,medication,antihypertensive,read_v2_drug,gp_scripts,read_2,exact,true,b222.,DIURIL 250mg/5mL oral suspension,DIURIL 250mg/5mL oral suspension,core,prescription_exposure,not applicable,read_v2_drugs_bnf,Mapped BNF code: 02.02.01.00,candidate_requires_pharmacology_review
medication.antihypertensive.read_v2_drug,medication,antihypertensive,read_v2_drug,gp_scripts,read_2,exact,true,b22y.,CHLOROTHIAZIDE 250mg/5mL oral suspension,CHLOROTHIAZIDE 250mg/5mL oral suspension,core,prescription_exposure,not applicable,read_v2_drugs_bnf,Mapped BNF code: 02.02.01.00,candidate_requires_pharmacology_review
medication.antihypertensive.read_v2_drug,medication,antihypertensive,read_v2_drug,gp_scripts,read_2,exact,true,b22z.,*CHLOROTHIAZIDE 500mg tablets,*CHLOROTHIAZIDE 500mg tablets,core,prescription_exposure,not applicable,read_v2_drugs_bnf,Mapped BNF code: 02.02.01.00,candidate_requires_pharmacology_review
medication.antihypertensive.read_v2_drug,medication,antihypertensive,read_v2_drug,gp_scripts,read_2,exact,true,b23..,CHLORTALIDONE,CHLORTALIDONE,core,prescription_exposure,not applicable,read_v2_drugs_bnf,Mapped BNF code: 02.02.01.00,candidate_requires_pharmacology_review
medication.antihypertensive.read_v2_drug,medication,antihypertensive,read_v2_drug,gp_scripts,read_2,exact,true,b231.,HYGROTON 50mg tablets,HYGROTON 50mg tablets,core,prescription_exposure,not applicable,read_v2_drugs_bnf,Mapped BNF code: 02.02.01.00,candidate_requires_pharmacology_review
medication.antihypertensive.read_v2_drug,medication,antihypertensive,read_v2_drug,gp_scripts,read_2,exact,true,b232.,*HYGROTON 100mg tablets,*HYGROTON 100mg tablets,core,prescription_exposure,not applicable,read_v2_drugs_bnf,Mapped BNF code: 02.02.01.00,candidate_requires_pharmacology_review
medication.antihypertensive.read_v2_drug,medication,antihypertensive,read_v2_drug,gp_scripts,read_2,exact,true,b23y.,CHLORTALIDONE 50mg tablets,CHLORTALIDONE 50mg tablets,core,prescription_exposure,not applicable,read_v2_drugs_bnf,Mapped BNF code: 02.02.01.00,candidate_requires_pharmacology_review
medication.antihypertensive.read_v2_drug,medication,antihypertensive,read_v2_drug,gp_scripts,read_2,exact,true,b23z.,*CHLORTHALIDONE 100mg tablets,*CHLORTHALIDONE 100mg tablets,core,prescription_exposure,not applicable,read_v2_drugs_bnf,Mapped BNF code: 02.02.01.00,candidate_requires_pharmacology_review
medication.antihypertensive.read_v2_drug,medication,antihypertensive,read_v2_drug,gp_scripts,read_2,exact,true,b24..,CLOPAMIDE [INGREDIENT see bdek],CLOPAMIDE [INGREDIENT see bdek],core,prescription_exposure,not applicable,read_v2_drugs_bnf,Mapped BNF code: 02.02.01.00,candidate_requires_pharmacology_review
medication.antihypertensive.read_v2_drug,medication,antihypertensive,read_v2_drug,gp_scripts,read_2,exact,true,b25..,CYCLOPENTHIAZIDE,CYCLOPENTHIAZIDE,core,prescription_exposure,not applicable,read_v2_drugs_bnf,Mapped BNF code: 02.02.01.00,candidate_requires_pharmacology_review
medication.antihypertensive.read_v2_drug,medication,antihypertensive,read_v2_drug,gp_scripts,read_2,exact,true,b251.,NAVIDREX 500micrograms tablets,NAVIDREX 500micrograms tablets,core,prescription_exposure,not applicable,read_v2_drugs_bnf,Mapped BNF code: 02.02.01.00,candidate_requires_pharmacology_review
medication.antihypertensive.read_v2_drug,medication,antihypertensive,read_v2_drug,gp_scripts,read_2,exact,true,b25z.,CYCLOPENTHIAZIDE 500microgram tablets,CYCLOPENTHIAZIDE 500microgram tablets,core,prescription_exposure,not applicable,read_v2_drugs_bnf,Mapped BNF code: 02.02.01.00,candidate_requires_pharmacology_review
medication.antihypertensive.read_v2_drug,medication,antihypertensive,read_v2_drug,gp_scripts,read_2,exact,true,b26..,HYDROCHLOROTHIAZIDE,HYDROCHLOROTHIAZIDE,core,prescription_exposure,not applicable,read_v2_drugs_bnf,Mapped BNF code: 02.02.01.00,candidate_requires_pharmacology_review
medication.antihypertensive.read_v2_drug,medication,antihypertensive,read_v2_drug,gp_scripts,read_2,exact,true,b261.,*ESIDREX 25mg tablets,*ESIDREX 25mg tablets,core,prescription_exposure,not applicable,read_v2_drugs_bnf,Mapped BNF code: 02.02.01.00,candidate_requires_pharmacology_review
medication.antihypertensive.read_v2_drug,medication,antihypertensive,read_v2_drug,gp_scripts,read_2,exact,true,b262.,*ESIDREX 50mg tablets,*ESIDREX 50mg tablets,core,prescription_exposure,not applicable,read_v2_drugs_bnf,Mapped BNF code: 02.02.01.00,candidate_requires_pharmacology_review
medication.antihypertensive.read_v2_drug,medication,antihypertensive,read_v2_drug,gp_scripts,read_2,exact,true,b263.,*HYDROSALURIC 25mg tablets,*HYDROSALURIC 25mg tablets,core,prescription_exposure,not applicable,read_v2_drugs_bnf,Mapped BNF code: 02.02.01.00,candidate_requires_pharmacology_review
medication.antihypertensive.read_v2_drug,medication,antihypertensive,read_v2_drug,gp_scripts,read_2,exact,true,b264.,*HYDROSALURIC 50mg tablets,*HYDROSALURIC 50mg tablets,core,prescription_exposure,not applicable,read_v2_drugs_bnf,Mapped BNF code: 02.02.01.00,candidate_requires_pharmacology_review
medication.antihypertensive.read_v2_drug,medication,antihypertensive,read_v2_drug,gp_scripts,read_2,exact,true,b26y.,HYDROCHLOROTHIAZIDE 50mg tablets,HYDROCHLOROTHIAZIDE 50mg tablets,core,prescription_exposure,not applicable,read_v2_drugs_bnf,Mapped BNF code: 02.02.01.00,candidate_requires_pharmacology_review
medication.antihypertensive.read_v2_drug,medication,antihypertensive,read_v2_drug,gp_scripts,read_2,exact,true,b26z.,HYDROCHLOROTHIAZIDE 25mg tablets,HYDROCHLOROTHIAZIDE 25mg tablets,core,prescription_exposure,not applicable,read_v2_drugs_bnf,Mapped BNF code: 02.02.01.00,candidate_requires_pharmacology_review
medication.antihypertensive.read_v2_drug,medication,antihypertensive,read_v2_drug,gp_scripts,read_2,exact,true,b27..,HYDROFLUMETHIAZIDE,HYDROFLUMETHIAZIDE,core,prescription_exposure,not applicable,read_v2_drugs_bnf,Mapped BNF code: 02.02.01.00,candidate_requires_pharmacology_review
medication.antihypertensive.read_v2_drug,medication,antihypertensive,read_v2_drug,gp_scripts,read_2,exact,true,b271.,*HYDRENOX 50mg tablets,*HYDRENOX 50mg tablets,core,prescription_exposure,not applicable,read_v2_drugs_bnf,Mapped BNF code: 02.02.01.00,candidate_requires_pharmacology_review
medication.antihypertensive.read_v2_drug,medication,antihypertensive,read_v2_drug,gp_scripts,read_2,exact,true,b27z.,HYDROFLUMETHIAZIDE 50mg tablets,HYDROFLUMETHIAZIDE 50mg tablets,core,prescription_exposure,not applicable,read_v2_drugs_bnf,Mapped BNF code: 02.02.01.00,candidate_requires_pharmacology_review
medication.antihypertensive.read_v2_drug,medication,antihypertensive,read_v2_drug,gp_scripts,read_2,exact,true,b28..,INDAPAMIDE,INDAPAMIDE,core,prescription_exposure,not applicable,read_v2_drugs_bnf,Mapped BNF code: 02.02.01.00,candidate_requires_pharmacology_review
medication.antihypertensive.read_v2_drug,medication,antihypertensive,read_v2_drug,gp_scripts,read_2,exact,true,b281.,NATRILIX 2.5mg tablets,NATRILIX 2.5mg tablets,core,prescription_exposure,not applicable,read_v2_drugs_bnf,Mapped BNF code: 02.02.01.00,candidate_requires_pharmacology_review
medication.antihypertensive.read_v2_drug,medication,antihypertensive,read_v2_drug,gp_scripts,read_2,exact,true,b282.,*NINDAXA 2.5mg tablets,*NINDAXA 2.5mg tablets,core,prescription_exposure,not applicable,read_v2_drugs_bnf,Mapped BNF code: 02.02.01.00,candidate_requires_pharmacology_review
medication.antihypertensive.read_v2_drug,medication,antihypertensive,read_v2_drug,gp_scripts,read_2,exact,true,b283.,*NATRAMID 2.5mg tablets,*NATRAMID 2.5mg tablets,core,prescription_exposure,not applicable,read_v2_drugs_bnf,Mapped BNF code: 02.02.01.00,candidate_requires_pharmacology_review
medication.antihypertensive.read_v2_drug,medication,antihypertensive,read_v2_drug,gp_scripts,read_2,exact,true,b284.,*OPUMIDE 2.5mg tablets,*OPUMIDE 2.5mg tablets,core,prescription_exposure,not applicable,read_v2_drugs_bnf,Mapped BNF code: 02.02.01.00,candidate_requires_pharmacology_review
medication.antihypertensive.read_v2_drug,medication,antihypertensive,read_v2_drug,gp_scripts,read_2,exact,true,b285.,INDAPAMIDE 1.5mg m/r tablets,INDAPAMIDE 1.5mg m/r tablets,core,prescription_exposure,not applicable,read_v2_drugs_bnf,Mapped BNF code: 02.02.01.00,candidate_requires_pharmacology_review
medication.antihypertensive.read_v2_drug,medication,antihypertensive,read_v2_drug,gp_scripts,read_2,exact,true,b286.,NATRILIX SR 1.5mg m/r tablets,NATRILIX SR 1.5mg m/r tablets,core,prescription_exposure,not applicable,read_v2_drugs_bnf,Mapped BNF code: 02.02.01.00,candidate_requires_pharmacology_review
medication.antihypertensive.read_v2_drug,medication,antihypertensive,read_v2_drug,gp_scripts,read_2,exact,true,b287.,ETHIBIDE XL 1.5mg m/r tablets,ETHIBIDE XL 1.5mg m/r tablets,core,prescription_exposure,not applicable,read_v2_drugs_bnf,Mapped BNF code: 02.02.01.00,candidate_requires_pharmacology_review
medication.antihypertensive.read_v2_drug,medication,antihypertensive,read_v2_drug,gp_scripts,read_2,exact,true,b288.,INDIPAM XL 1.5mg m/r tablets,INDIPAM XL 1.5mg m/r tablets,core,prescription_exposure,not applicable,read_v2_drugs_bnf,Mapped BNF code: 02.02.01.00,candidate_requires_pharmacology_review
medication.antihypertensive.read_v2_drug,medication,antihypertensive,read_v2_drug,gp_scripts,read_2,exact,true,b289.,MAPEMID XL 1.5mg m/r tablets,MAPEMID XL 1.5mg m/r tablets,core,prescription_exposure,not applicable,read_v2_drugs_bnf,Mapped BNF code: 02.02.01.00,candidate_requires_pharmacology_review
medication.antihypertensive.read_v2_drug,medication,antihypertensive,read_v2_drug,gp_scripts,read_2,exact,true,b28z.,INDAPAMIDE 2.5mg tablets,INDAPAMIDE 2.5mg tablets,core,prescription_exposure,not applicable,read_v2_drugs_bnf,Mapped BNF code: 02.02.01.00,candidate_requires_pharmacology_review
medication.antihypertensive.read_v2_drug,medication,antihypertensive,read_v2_drug,gp_scripts,read_2,exact,true,b29..,MEFRUSIDE,MEFRUSIDE,core,prescription_exposure,not applicable,read_v2_drugs_bnf,Mapped BNF code: 02.02.01.00,candidate_requires_pharmacology_review
medication.antihypertensive.read_v2_drug,medication,antihypertensive,read_v2_drug,gp_scripts,read_2,exact,true,b291.,*BAYCARON 25mg tablets,*BAYCARON 25mg tablets,core,prescription_exposure,not applicable,read_v2_drugs_bnf,Mapped BNF code: 02.02.01.00,candidate_requires_pharmacology_review
medication.antihypertensive.read_v2_drug,medication,antihypertensive,read_v2_drug,gp_scripts,read_2,exact,true,b29z.,*MEFRUSIDE 25mg tablets,*MEFRUSIDE 25mg tablets,core,prescription_exposure,not applicable,read_v2_drugs_bnf,Mapped BNF code: 02.02.01.00,candidate_requires_pharmacology_review
medication.antihypertensive.read_v2_drug,medication,antihypertensive,read_v2_drug,gp_scripts,read_2,exact,true,b2a..,*METHYCLOTHIAZIDE,*METHYCLOTHIAZIDE,core,prescription_exposure,not applicable,read_v2_drugs_bnf,Mapped BNF code: 02.02.01.00,candidate_requires_pharmacology_review
medication.antihypertensive.read_v2_drug,medication,antihypertensive,read_v2_drug,gp_scripts,read_2,exact,true,b2a1.,*ENDURON 5mg tablets,*ENDURON 5mg tablets,core,prescription_exposure,not applicable,read_v2_drugs_bnf,Mapped BNF code: 02.02.01.00,candidate_requires_pharmacology_review
medication.antihypertensive.read_v2_drug,medication,antihypertensive,read_v2_drug,gp_scripts,read_2,exact,true,b2az.,*METHYCLOTHIAZIDE 5mg tablets,*METHYCLOTHIAZIDE 5mg tablets,core,prescription_exposure,not applicable,read_v2_drugs_bnf,Mapped BNF code: 02.02.01.00,candidate_requires_pharmacology_review
medication.antihypertensive.read_v2_drug,medication,antihypertensive,read_v2_drug,gp_scripts,read_2,exact,true,b2b..,METOLAZONE,METOLAZONE,core,prescription_exposure,not applicable,read_v2_drugs_bnf,Mapped BNF code: 02.02.01.00,candidate_requires_pharmacology_review
medication.antihypertensive.read_v2_drug,medication,antihypertensive,read_v2_drug,gp_scripts,read_2,exact,true,b2b1.,*METENIX-5 5mg tablets,*METENIX-5 5mg tablets,core,prescription_exposure,not applicable,read_v2_drugs_bnf,Mapped BNF code: 02.02.01.00,candidate_requires_pharmacology_review
medication.antihypertensive.read_v2_drug,medication,antihypertensive,read_v2_drug,gp_scripts,read_2,exact,true,b2b2.,*XURET 500micrograms tablets,*XURET 500micrograms tablets,core,prescription_exposure,not applicable,read_v2_drugs_bnf,Mapped BNF code: 02.02.01.00,candidate_requires_pharmacology_review
medication.antihypertensive.read_v2_drug,medication,antihypertensive,read_v2_drug,gp_scripts,read_2,exact,true,b2b3.,METOLAZONE 500micrograms tablets,METOLAZONE 500micrograms tablets,core,prescription_exposure,not applicable,read_v2_drugs_bnf,Mapped BNF code: 02.02.01.00,candidate_requires_pharmacology_review
medication.antihypertensive.read_v2_drug,medication,antihypertensive,read_v2_drug,gp_scripts,read_2,exact,true,b2bz.,*METOLAZONE 5mg tablets,*METOLAZONE 5mg tablets,core,prescription_exposure,not applicable,read_v2_drugs_bnf,Mapped BNF code: 02.02.01.00,candidate_requires_pharmacology_review
medication.antihypertensive.read_v2_drug,medication,antihypertensive,read_v2_drug,gp_scripts,read_2,exact,true,b2c..,POLYTHIAZIDE,POLYTHIAZIDE,core,prescription_exposure,not applicable,read_v2_drugs_bnf,Mapped BNF code: 02.02.01.00,candidate_requires_pharmacology_review
medication.antihypertensive.read_v2_drug,medication,antihypertensive,read_v2_drug,gp_scripts,read_2,exact,true,b2c1.,*NEPHRIL 1mg tablets,*NEPHRIL 1mg tablets,core,prescription_exposure,not applicable,read_v2_drugs_bnf,Mapped BNF code: 02.02.01.00,candidate_requires_pharmacology_review
medication.antihypertensive.read_v2_drug,medication,antihypertensive,read_v2_drug,gp_scripts,read_2,exact,true,b2cz.,*POLYTHIAZIDE 1mg tablets,*POLYTHIAZIDE 1mg tablets,core,prescription_exposure,not applicable,read_v2_drugs_bnf,Mapped BNF code: 02.02.01.00,candidate_requires_pharmacology_review
medication.antihypertensive.read_v2_drug,medication,antihypertensive,read_v2_drug,gp_scripts,read_2,exact,true,b2d..,XIPAMIDE,XIPAMIDE,core,prescription_exposure,not applicable,read_v2_drugs_bnf,Mapped BNF code: 02.02.01.00,candidate_requires_pharmacology_review
medication.antihypertensive.read_v2_drug,medication,antihypertensive,read_v2_drug,gp_scripts,read_2,exact,true,b2d1.,DIUREXAN 20mg tablets,DIUREXAN 20mg tablets,core,prescription_exposure,not applicable,read_v2_drugs_bnf,Mapped BNF code: 02.02.01.00,candidate_requires_pharmacology_review
medication.antihypertensive.read_v2_drug,medication,antihypertensive,read_v2_drug,gp_scripts,read_2,exact,true,b2dz.,XIPAMIDE 20mg tablets,XIPAMIDE 20mg tablets,core,prescription_exposure,not applicable,read_v2_drugs_bnf,Mapped BNF code: 02.02.01.00,candidate_requires_pharmacology_review
medication.antihypertensive.read_v2_drug,medication,antihypertensive,read_v2_drug,gp_scripts,read_2,exact,true,bb3..,VERAPAMIL HYDROCHLORIDE,VERAPAMIL HYDROCHLORIDE,core,prescription_exposure,not applicable,read_v2_drugs_bnf,Mapped BNF code: 02.06.02.00,candidate_requires_pharmacology_review
medication.antihypertensive.read_v2_drug,medication,antihypertensive,read_v2_drug,gp_scripts,read_2,exact,true,bb31.,VERAPAMIL 40mg tablets,VERAPAMIL 40mg tablets,core,prescription_exposure,not applicable,read_v2_drugs_bnf,Mapped BNF code: 02.06.02.00,candidate_requires_pharmacology_review
medication.antihypertensive.read_v2_drug,medication,antihypertensive,read_v2_drug,gp_scripts,read_2,exact,true,bb32.,VERAPAMIL 80mg tablets,VERAPAMIL 80mg tablets,core,prescription_exposure,not applicable,read_v2_drugs_bnf,Mapped BNF code: 02.06.02.00,candidate_requires_pharmacology_review
medication.antihypertensive.read_v2_drug,medication,antihypertensive,read_v2_drug,gp_scripts,read_2,exact,true,bb33.,VERAPAMIL 120mg tablets,VERAPAMIL 120mg tablets,core,prescription_exposure,not applicable,read_v2_drugs_bnf,Mapped BNF code: 02.06.02.00,candidate_requires_pharmacology_review
medication.antihypertensive.read_v2_drug,medication,antihypertensive,read_v2_drug,gp_scripts,read_2,exact,true,bb34.,*BERKATENS 40mg tablets,*BERKATENS 40mg tablets,core,prescription_exposure,not applicable,read_v2_drugs_bnf,Mapped BNF code: 02.06.02.00,candidate_requires_pharmacology_review
medication.antihypertensive.read_v2_drug,medication,antihypertensive,read_v2_drug,gp_scripts,read_2,exact,true,bb35.,*BERKATENS 80mg tablets,*BERKATENS 80mg tablets,core,prescription_exposure,not applicable,read_v2_drugs_bnf,Mapped BNF code: 02.06.02.00,candidate_requires_pharmacology_review
medication.antihypertensive.read_v2_drug,medication,antihypertensive,read_v2_drug,gp_scripts,read_2,exact,true,bb36.,*BERKATENS 120mg tablets,*BERKATENS 120mg tablets,core,prescription_exposure,not applicable,read_v2_drugs_bnf,Mapped BNF code: 02.06.02.00,candidate_requires_pharmacology_review
medication.antihypertensive.read_v2_drug,medication,antihypertensive,read_v2_drug,gp_scripts,read_2,exact,true,bb37.,*BERKATENS 160mg tablets,*BERKATENS 160mg tablets,core,prescription_exposure,not applicable,read_v2_drugs_bnf,Mapped BNF code: 02.06.02.00,candidate_requires_pharmacology_review
medication.antihypertensive.read_v2_drug,medication,antihypertensive,read_v2_drug,gp_scripts,read_2,exact,true,bb38.,*CORDILOX 40mg tablets,*CORDILOX 40mg tablets,core,prescription_exposure,not applicable,read_v2_drugs_bnf,Mapped BNF code: 02.06.02.00,candidate_requires_pharmacology_review
medication.antihypertensive.read_v2_drug,medication,antihypertensive,read_v2_drug,gp_scripts,read_2,exact,true,bb39.,*CORDILOX 80mg tablets,*CORDILOX 80mg tablets,core,prescription_exposure,not applicable,read_v2_drugs_bnf,Mapped BNF code: 02.06.02.00,candidate_requires_pharmacology_review
medication.antihypertensive.read_v2_drug,medication,antihypertensive,read_v2_drug,gp_scripts,read_2,exact,true,bb3A.,VERAPAMIL 240mg m/r tablets,VERAPAMIL 240mg m/r tablets,core,prescription_exposure,not applicable,read_v2_drugs_bnf,Mapped BNF code: 02.06.02.00,candidate_requires_pharmacology_review
medication.antihypertensive.read_v2_drug,medication,antihypertensive,read_v2_drug,gp_scripts,read_2,exact,true,bb3B.,HALF SECURON SR 120mg m/r tablets,HALF SECURON SR 120mg m/r tablets,core,prescription_exposure,not applicable,read_v2_drugs_bnf,Mapped BNF code: 02.06.02.00,candidate_requires_pharmacology_review
medication.antihypertensive.read_v2_drug,medication,antihypertensive,read_v2_drug,gp_scripts,read_2,exact,true,bb3C.,VERAPAMIL 120mg m/r tablets,VERAPAMIL 120mg m/r tablets,core,prescription_exposure,not applicable,read_v2_drugs_bnf,Mapped BNF code: 02.06.02.00,candidate_requires_pharmacology_review
medication.antihypertensive.read_v2_drug,medication,antihypertensive,read_v2_drug,gp_scripts,read_2,exact,true,bb3D.,VERAPAMIL 40mg/5mL sugar free solution,VERAPAMIL 40mg/5mL sugar free solution,core,prescription_exposure,not applicable,read_v2_drugs_bnf,Mapped BNF code: 02.06.02.00,candidate_requires_pharmacology_review
medication.antihypertensive.read_v2_drug,medication,antihypertensive,read_v2_drug,gp_scripts,read_2,exact,true,bb3E.,VERAPAMIL HCL 5mg/2mL prefilled syringe,VERAPAMIL HCL 5mg/2mL prefilled syringe,core,prescription_exposure,not applicable,read_v2_drugs_bnf,Mapped BNF code: 02.06.02.00,candidate_requires_pharmacology_review
medication.antihypertensive.read_v2_drug,medication,antihypertensive,read_v2_drug,gp_scripts,read_2,exact,true,bb3F.,HALF-SECURON SR 120mg m/r tablets 28CP,HALF-SECURON SR 120mg m/r tablets 28CP,core,prescription_exposure,not applicable,read_v2_drugs_bnf,Mapped BNF code: 02.06.02.00,candidate_requires_pharmacology_review
medication.antihypertensive.read_v2_drug,medication,antihypertensive,read_v2_drug,gp_scripts,read_2,exact,true,bb3G.,*HYPANEZE 40 tablets,*HYPANEZE 40 tablets,core,prescription_exposure,not applicable,read_v2_drugs_bnf,Mapped BNF code: 02.06.02.00,candidate_requires_pharmacology_review
medication.antihypertensive.read_v2_drug,medication,antihypertensive,read_v2_drug,gp_scripts,read_2,exact,true,bb3H.,*HYPANEZE 80 tablets,*HYPANEZE 80 tablets,core,prescription_exposure,not applicable,read_v2_drugs_bnf,Mapped BNF code: 02.06.02.00,candidate_requires_pharmacology_review
medication.antihypertensive.read_v2_drug,medication,antihypertensive,read_v2_drug,gp_scripts,read_2,exact,true,bb3J.,*HYPANEZE 120 tablets,*HYPANEZE 120 tablets,core,prescription_exposure,not applicable,read_v2_drugs_bnf,Mapped BNF code: 02.06.02.00,candidate_requires_pharmacology_review
medication.antihypertensive.read_v2_drug,medication,antihypertensive,read_v2_drug,gp_scripts,read_2,exact,true,bb3K.,*VERAPRESS MR 240 m/r tablets,*VERAPRESS MR 240 m/r tablets,core,prescription_exposure,not applicable,read_v2_drugs_bnf,Mapped BNF code: 02.06.02.00,candidate_requires_pharmacology_review
medication.antihypertensive.read_v2_drug,medication,antihypertensive,read_v2_drug,gp_scripts,read_2,exact,true,bb3L.,*ETHIMIL MR 240 m/r tablets,*ETHIMIL MR 240 m/r tablets,core,prescription_exposure,not applicable,read_v2_drugs_bnf,Mapped BNF code: 02.06.02.00,candidate_requires_pharmacology_review
medication.antihypertensive.read_v2_drug,medication,antihypertensive,read_v2_drug,gp_scripts,read_2,exact,true,bb3M.,CORDILOX MR 240 m/r tablets,CORDILOX MR 240 m/r tablets,core,prescription_exposure,not applicable,read_v2_drugs_bnf,Mapped BNF code: 02.06.02.00,candidate_requires_pharmacology_review
medication.antihypertensive.read_v2_drug,medication,antihypertensive,read_v2_drug,gp_scripts,read_2,exact,true,bb3N.,ZOLVERA 40mg/5mL oral solution,ZOLVERA 40mg/5mL oral solution,core,prescription_exposure,not applicable,read_v2_drugs_bnf,Mapped BNF code: 02.06.02.00,candidate_requires_pharmacology_review
medication.antihypertensive.read_v2_drug,medication,antihypertensive,read_v2_drug,gp_scripts,read_2,exact,true,bb3O.,*RANVERA MR 240mg m/r tablets,*RANVERA MR 240mg m/r tablets,core,prescription_exposure,not applicable,read_v2_drugs_bnf,Mapped BNF code: 02.06.02.00,candidate_requires_pharmacology_review
medication.antihypertensive.read_v2_drug,medication,antihypertensive,read_v2_drug,gp_scripts,read_2,exact,true,bb3P.,VERA-TIL SR 240mg m/r tablets,VERA-TIL SR 240mg m/r tablets,core,prescription_exposure,not applicable,read_v2_drugs_bnf,Mapped BNF code: 02.06.02.00,candidate_requires_pharmacology_review
medication.antihypertensive.read_v2_drug,medication,antihypertensive,read_v2_drug,gp_scripts,read_2,exact,true,bb3Q.,VERA-TIL SR 120mg m/r tablets,VERA-TIL SR 120mg m/r tablets,core,prescription_exposure,not applicable,read_v2_drugs_bnf,Mapped BNF code: 02.06.02.00,candidate_requires_pharmacology_review
medication.antihypertensive.read_v2_drug,medication,antihypertensive,read_v2_drug,gp_scripts,read_2,exact,true,bb3a.,CORDILOX 120mg tablets,CORDILOX 120mg tablets,core,prescription_exposure,not applicable,read_v2_drugs_bnf,Mapped BNF code: 02.06.02.00,candidate_requires_pharmacology_review
medication.antihypertensive.read_v2_drug,medication,antihypertensive,read_v2_drug,gp_scripts,read_2,exact,true,bb3b.,*CORDILOX 160mg tablets,*CORDILOX 160mg tablets,core,prescription_exposure,not applicable,read_v2_drugs_bnf,Mapped BNF code: 02.06.02.00,candidate_requires_pharmacology_review
medication.antihypertensive.read_v2_drug,medication,antihypertensive,read_v2_drug,gp_scripts,read_2,exact,true,bb3c.,*CORDILOX 5mg/2mL injection,*CORDILOX 5mg/2mL injection,core,prescription_exposure,not applicable,read_v2_drugs_bnf,Mapped BNF code: 02.06.02.00,candidate_requires_pharmacology_review
medication.antihypertensive.read_v2_drug,medication,antihypertensive,read_v2_drug,gp_scripts,read_2,exact,true,bb3d.,*SECURON 40mg tablets,*SECURON 40mg tablets,core,prescription_exposure,not applicable,read_v2_drugs_bnf,Mapped BNF code: 02.06.02.00,candidate_requires_pharmacology_review
medication.antihypertensive.read_v2_drug,medication,antihypertensive,read_v2_drug,gp_scripts,read_2,exact,true,bb3e.,*SECURON 80mg tablets,*SECURON 80mg tablets,core,prescription_exposure,not applicable,read_v2_drugs_bnf,Mapped BNF code: 02.06.02.00,candidate_requires_pharmacology_review
medication.antihypertensive.read_v2_drug,medication,antihypertensive,read_v2_drug,gp_scripts,read_2,exact,true,bb3f.,*SECURON 120mg tablets,*SECURON 120mg tablets,core,prescription_exposure,not applicable,read_v2_drugs_bnf,Mapped BNF code: 02.06.02.00,candidate_requires_pharmacology_review
medication.antihypertensive.read_v2_drug,medication,antihypertensive,read_v2_drug,gp_scripts,read_2,exact,true,bb3g.,*SECURON 120mg tablets 56CP,*SECURON 120mg tablets 56CP,core,prescription_exposure,not applicable,read_v2_drugs_bnf,Mapped BNF code: 02.06.02.00,candidate_requires_pharmacology_review
medication.antihypertensive.read_v2_drug,medication,antihypertensive,read_v2_drug,gp_scripts,read_2,exact,true,bb3h.,*SECURON 160mg tablets 56CP,*SECURON 160mg tablets 56CP,core,prescription_exposure,not applicable,read_v2_drugs_bnf,Mapped BNF code: 02.06.02.00,candidate_requires_pharmacology_review
medication.antihypertensive.read_v2_drug,medication,antihypertensive,read_v2_drug,gp_scripts,read_2,exact,true,bb3i.,*SECURON 160mg tablets,*SECURON 160mg tablets,core,prescription_exposure,not applicable,read_v2_drugs_bnf,Mapped BNF code: 02.06.02.00,candidate_requires_pharmacology_review
medication.antihypertensive.read_v2_drug,medication,antihypertensive,read_v2_drug,gp_scripts,read_2,exact,true,bb3j.,SECURON SR 240mg m/r tablets,SECURON SR 240mg m/r tablets,core,prescription_exposure,not applicable,read_v2_drugs_bnf,Mapped BNF code: 02.06.02.00,candidate_requires_pharmacology_review
medication.antihypertensive.read_v2_drug,medication,antihypertensive,read_v2_drug,gp_scripts,read_2,exact,true,bb3k.,SECURON SR 240mg m/r tablets 28CP,SECURON SR 240mg m/r tablets 28CP,core,prescription_exposure,not applicable,read_v2_drugs_bnf,Mapped BNF code: 02.06.02.00,candidate_requires_pharmacology_review
medication.antihypertensive.read_v2_drug,medication,antihypertensive,read_v2_drug,gp_scripts,read_2,exact,true,bb3l.,UNIVER 120mg m/r capsules x28,UNIVER 120mg m/r capsules x28,core,prescription_exposure,not applicable,read_v2_drugs_bnf,Mapped BNF code: 02.06.02.00,candidate_requires_pharmacology_review
medication.antihypertensive.read_v2_drug,medication,antihypertensive,read_v2_drug,gp_scripts,read_2,exact,true,bb3m.,UNIVER 180mg m/r capsules x56,UNIVER 180mg m/r capsules x56,core,prescription_exposure,not applicable,read_v2_drugs_bnf,Mapped BNF code: 02.06.02.00,candidate_requires_pharmacology_review
medication.antihypertensive.read_v2_drug,medication,antihypertensive,read_v2_drug,gp_scripts,read_2,exact,true,bb3n.,UNIVER 240mg m/r capsules x28,UNIVER 240mg m/r capsules x28,core,prescription_exposure,not applicable,read_v2_drugs_bnf,Mapped BNF code: 02.06.02.00,candidate_requires_pharmacology_review
medication.antihypertensive.read_v2_drug,medication,antihypertensive,read_v2_drug,gp_scripts,read_2,exact,true,bb3o.,SECURON IV 5mg/2mL injection,SECURON IV 5mg/2mL injection,core,prescription_exposure,not applicable,read_v2_drugs_bnf,Mapped BNF code: 02.06.02.00,candidate_requires_pharmacology_review
medication.antihypertensive.read_v2_drug,medication,antihypertensive,read_v2_drug,gp_scripts,read_2,exact,true,bb3p.,*GEANGIN 40mg tablets,*GEANGIN 40mg tablets,core,prescription_exposure,not applicable,read_v2_drugs_bnf,Mapped BNF code: 02.06.02.00,candidate_requires_pharmacology_review
medication.antihypertensive.read_v2_drug,medication,antihypertensive,read_v2_drug,gp_scripts,read_2,exact,true,bb3q.,*GEANGIN 80mg tablets,*GEANGIN 80mg tablets,core,prescription_exposure,not applicable,read_v2_drugs_bnf,Mapped BNF code: 02.06.02.00,candidate_requires_pharmacology_review
medication.antihypertensive.read_v2_drug,medication,antihypertensive,read_v2_drug,gp_scripts,read_2,exact,true,bb3r.,*GEANGIN 120mg tablets,*GEANGIN 120mg tablets,core,prescription_exposure,not applicable,read_v2_drugs_bnf,Mapped BNF code: 02.06.02.00,candidate_requires_pharmacology_review
medication.antihypertensive.read_v2_drug,medication,antihypertensive,read_v2_drug,gp_scripts,read_2,exact,true,bb3t.,VERAPAMIL 5mg/2mL injection,VERAPAMIL 5mg/2mL injection,core,prescription_exposure,not applicable,read_v2_drugs_bnf,Mapped BNF code: 02.06.02.00,candidate_requires_pharmacology_review
medication.antihypertensive.read_v2_drug,medication,antihypertensive,read_v2_drug,gp_scripts,read_2,exact,true,bb3v.,VERAPAMIL 120mg m/r capsules,VERAPAMIL 120mg m/r capsules,core,prescription_exposure,not applicable,read_v2_drugs_bnf,Mapped BNF code: 02.06.02.00,candidate_requires_pharmacology_review
medication.antihypertensive.read_v2_drug,medication,antihypertensive,read_v2_drug,gp_scripts,read_2,exact,true,bb3w.,VERAPAMIL 160mg tablets,VERAPAMIL 160mg tablets,core,prescription_exposure,not applicable,read_v2_drugs_bnf,Mapped BNF code: 02.06.02.00,candidate_requires_pharmacology_review
medication.antihypertensive.read_v2_drug,medication,antihypertensive,read_v2_drug,gp_scripts,read_2,exact,true,bb3y.,VERAPAMIL 240mg m/r capsules,VERAPAMIL 240mg m/r capsules,core,prescription_exposure,not applicable,read_v2_drugs_bnf,Mapped BNF code: 02.06.02.00,candidate_requires_pharmacology_review
medication.antihypertensive.read_v2_drug,medication,antihypertensive,read_v2_drug,gp_scripts,read_2,exact,true,bb3z.,VERAPAMIL 180mg m/r capsules,VERAPAMIL 180mg m/r capsules,core,prescription_exposure,not applicable,read_v2_drugs_bnf,Mapped BNF code: 02.06.02.00,candidate_requires_pharmacology_review
medication.antihypertensive.read_v2_drug,medication,antihypertensive,read_v2_drug,gp_scripts,read_2,exact,true,bd...,BETA-ADRENOCEPTOR BLOCKERS,BETA-ADRENOCEPTOR BLOCKERS,core,prescription_exposure,not applicable,read_v2_drugs_bnf,Mapped BNF code: 02.04.00.00,candidate_requires_pharmacology_review
medication.antihypertensive.read_v2_drug,medication,antihypertensive,read_v2_drug,gp_scripts,read_2,exact,true,bd1..,PROPRANOLOL HYDROCHLORIDE,PROPRANOLOL HYDROCHLORIDE,core,prescription_exposure,not applicable,read_v2_drugs_bnf,Mapped BNF code: 02.04.00.00,candidate_requires_pharmacology_review
medication.antihypertensive.read_v2_drug,medication,antihypertensive,read_v2_drug,gp_scripts,read_2,exact,true,bd11.,PROPRANOLOL 10mg tablets,PROPRANOLOL 10mg tablets,core,prescription_exposure,not applicable,read_v2_drugs_bnf,Mapped BNF code: 02.04.00.00,candidate_requires_pharmacology_review
medication.antihypertensive.read_v2_drug,medication,antihypertensive,read_v2_drug,gp_scripts,read_2,exact,true,bd12.,PROPRANOLOL 40mg tablets,PROPRANOLOL 40mg tablets,core,prescription_exposure,not applicable,read_v2_drugs_bnf,Mapped BNF code: 02.04.00.00,candidate_requires_pharmacology_review
medication.antihypertensive.read_v2_drug,medication,antihypertensive,read_v2_drug,gp_scripts,read_2,exact,true,bd13.,PROPRANOLOL 80mg tablets,PROPRANOLOL 80mg tablets,core,prescription_exposure,not applicable,read_v2_drugs_bnf,Mapped BNF code: 02.04.00.00,candidate_requires_pharmacology_review
medication.antihypertensive.read_v2_drug,medication,antihypertensive,read_v2_drug,gp_scripts,read_2,exact,true,bd14.,PROPRANOLOL 160mg tablets,PROPRANOLOL 160mg tablets,core,prescription_exposure,not applicable,read_v2_drugs_bnf,Mapped BNF code: 02.04.00.00,candidate_requires_pharmacology_review
medication.antihypertensive.read_v2_drug,medication,antihypertensive,read_v2_drug,gp_scripts,read_2,exact,true,bd15.,*ANGILOL 10mg tablets,*ANGILOL 10mg tablets,core,prescription_exposure,not applicable,read_v2_drugs_bnf,Mapped BNF code: 02.04.00.00,candidate_requires_pharmacology_review
medication.antihypertensive.read_v2_drug,medication,antihypertensive,read_v2_drug,gp_scripts,read_2,exact,true,bd16.,*ANGILOL 40mg tablets,*ANGILOL 40mg tablets,core,prescription_exposure,not applicable,read_v2_drugs_bnf,Mapped BNF code: 02.04.00.00,candidate_requires_pharmacology_review
medication.antihypertensive.read_v2_drug,medication,antihypertensive,read_v2_drug,gp_scripts,read_2,exact,true,bd17.,*ANGILOL 80mg tablets,*ANGILOL 80mg tablets,core,prescription_exposure,not applicable,read_v2_drugs_bnf,Mapped BNF code: 02.04.00.00,candidate_requires_pharmacology_review
medication.antihypertensive.read_v2_drug,medication,antihypertensive,read_v2_drug,gp_scripts,read_2,exact,true,bd18.,*ANGILOL 160mg tablets,*ANGILOL 160mg tablets,core,prescription_exposure,not applicable,read_v2_drugs_bnf,Mapped BNF code: 02.04.00.00,candidate_requires_pharmacology_review
medication.antihypertensive.read_v2_drug,medication,antihypertensive,read_v2_drug,gp_scripts,read_2,exact,true,bd19.,*APSOLOL 10mg tablets,*APSOLOL 10mg tablets,core,prescription_exposure,not applicable,read_v2_drugs_bnf,Mapped BNF code: 02.04.00.00,candidate_requires_pharmacology_review
medication.antihypertensive.read_v2_drug,medication,antihypertensive,read_v2_drug,gp_scripts,read_2,exact,true,bd1A.,*PROPANIX 10mg tablets,*PROPANIX 10mg tablets,core,prescription_exposure,not applicable,read_v2_drugs_bnf,Mapped BNF code: 02.04.00.00,candidate_requires_pharmacology_review
medication.antihypertensive.read_v2_drug,medication,antihypertensive,read_v2_drug,gp_scripts,read_2,exact,true,bd1B.,*PROPANIX 40mg tablets,*PROPANIX 40mg tablets,core,prescription_exposure,not applicable,read_v2_drugs_bnf,Mapped BNF code: 02.04.00.00,candidate_requires_pharmacology_review
medication.antihypertensive.read_v2_drug,medication,antihypertensive,read_v2_drug,gp_scripts,read_2,exact,true,bd1C.,*PROPANIX 80mg tablets,*PROPANIX 80mg tablets,core,prescription_exposure,not applicable,read_v2_drugs_bnf,Mapped BNF code: 02.04.00.00,candidate_requires_pharmacology_review
medication.antihypertensive.read_v2_drug,medication,antihypertensive,read_v2_drug,gp_scripts,read_2,exact,true,bd1D.,*PROPANIX 160mg tablets,*PROPANIX 160mg tablets,core,prescription_exposure,not applicable,read_v2_drugs_bnf,Mapped BNF code: 02.04.00.00,candidate_requires_pharmacology_review
medication.antihypertensive.read_v2_drug,medication,antihypertensive,read_v2_drug,gp_scripts,read_2,exact,true,bd1E.,PROPANIX SR 160mg m/r capsules,PROPANIX SR 160mg m/r capsules,core,prescription_exposure,not applicable,read_v2_drugs_bnf,Mapped BNF code: 02.04.00.00,candidate_requires_pharmacology_review
medication.antihypertensive.read_v2_drug,medication,antihypertensive,read_v2_drug,gp_scripts,read_2,exact,true,bd1F.,*BETADUR CR 160mg m/r tablets,*BETADUR CR 160mg m/r tablets,core,prescription_exposure,not applicable,read_v2_drugs_bnf,Mapped BNF code: 02.04.00.00,candidate_requires_pharmacology_review
medication.antihypertensive.read_v2_drug,medication,antihypertensive,read_v2_drug,gp_scripts,read_2,exact,true,bd1G.,BETA-PROGRANE 160mg m/r capsules,BETA-PROGRANE 160mg m/r capsules,core,prescription_exposure,not applicable,read_v2_drugs_bnf,Mapped BNF code: 02.04.00.00,candidate_requires_pharmacology_review
medication.antihypertensive.read_v2_drug,medication,antihypertensive,read_v2_drug,gp_scripts,read_2,exact,true,bd1H.,PROPRANOLOL 1mg/1mL injection,PROPRANOLOL 1mg/1mL injection,core,prescription_exposure,not applicable,read_v2_drugs_bnf,Mapped BNF code: 02.04.00.00,candidate_requires_pharmacology_review
medication.antihypertensive.read_v2_drug,medication,antihypertensive,read_v2_drug,gp_scripts,read_2,exact,true,bd1I.,PROPRANOLOL 5mg/5mL syrup,PROPRANOLOL 5mg/5mL syrup,core,prescription_exposure,not applicable,read_v2_drugs_bnf,Mapped BNF code: 02.04.00.00,candidate_requires_pharmacology_review
medication.antihypertensive.read_v2_drug,medication,antihypertensive,read_v2_drug,gp_scripts,read_2,exact,true,bd1J.,PROPRANOLOL 50mg/5mL syrup,PROPRANOLOL 50mg/5mL syrup,core,prescription_exposure,not applicable,read_v2_drugs_bnf,Mapped BNF code: 02.04.00.00,candidate_requires_pharmacology_review
medication.antihypertensive.read_v2_drug,medication,antihypertensive,read_v2_drug,gp_scripts,read_2,exact,true,bd1K.,HALF-BETADUR CR 80mg m/r capsules,HALF-BETADUR CR 80mg m/r capsules,core,prescription_exposure,not applicable,read_v2_drugs_bnf,Mapped BNF code: 02.04.00.00,candidate_requires_pharmacology_review
medication.antihypertensive.read_v2_drug,medication,antihypertensive,read_v2_drug,gp_scripts,read_2,exact,true,bd1L.,HALF BETA-PROGRANE 80mg m/r capsules,HALF BETA-PROGRANE 80mg m/r capsules,core,prescription_exposure,not applicable,read_v2_drugs_bnf,Mapped BNF code: 02.04.00.00,candidate_requires_pharmacology_review
medication.antihypertensive.read_v2_drug,medication,antihypertensive,read_v2_drug,gp_scripts,read_2,exact,true,bd1M.,*SLOPROLOL 80mg m/r capsules,*SLOPROLOL 80mg m/r capsules,core,prescription_exposure,not applicable,read_v2_drugs_bnf,Mapped BNF code: 02.04.00.00,candidate_requires_pharmacology_review
medication.antihypertensive.read_v2_drug,medication,antihypertensive,read_v2_drug,gp_scripts,read_2,exact,true,bd1N.,*PROBETA LA 160mg m/r capsules,*PROBETA LA 160mg m/r capsules,core,prescription_exposure,not applicable,read_v2_drugs_bnf,Mapped BNF code: 02.04.00.00,candidate_requires_pharmacology_review
medication.antihypertensive.read_v2_drug,medication,antihypertensive,read_v2_drug,gp_scripts,read_2,exact,true,bd1O.,LOPRANOL LA 160mg m/r capsules,LOPRANOL LA 160mg m/r capsules,core,prescription_exposure,not applicable,read_v2_drugs_bnf,Mapped BNF code: 02.04.00.00,candidate_requires_pharmacology_review
medication.antihypertensive.read_v2_drug,medication,antihypertensive,read_v2_drug,gp_scripts,read_2,exact,true,bd1P.,PROPRANOLOL HYDROCHLORIDE 10mg/5mL syrup,PROPRANOLOL HYDROCHLORIDE 10mg/5mL syrup,core,prescription_exposure,not applicable,read_v2_drugs_bnf,Mapped BNF code: 02.04.00.00,candidate_requires_pharmacology_review
medication.antihypertensive.read_v2_drug,medication,antihypertensive,read_v2_drug,gp_scripts,read_2,exact,true,bd1Q.,PROPRANOLOL HYDROCHLORIDE 40mg/5mL syrup,PROPRANOLOL HYDROCHLORIDE 40mg/5mL syrup,core,prescription_exposure,not applicable,read_v2_drugs_bnf,Mapped BNF code: 02.04.00.00,candidate_requires_pharmacology_review
medication.antihypertensive.read_v2_drug,medication,antihypertensive,read_v2_drug,gp_scripts,read_2,exact,true,bd1R.,PROPRANOLOL HYDROCHLORIDE 80mg/5mL syrup,PROPRANOLOL HYDROCHLORIDE 80mg/5mL syrup,core,prescription_exposure,not applicable,read_v2_drugs_bnf,Mapped BNF code: 02.04.00.00,candidate_requires_pharmacology_review
medication.antihypertensive.read_v2_drug,medication,antihypertensive,read_v2_drug,gp_scripts,read_2,exact,true,bd1S.,HALF PROPANIX LA 80mg m/r capsules,HALF PROPANIX LA 80mg m/r capsules,core,prescription_exposure,not applicable,read_v2_drugs_bnf,Mapped BNF code: 02.04.00.00,candidate_requires_pharmacology_review
medication.antihypertensive.read_v2_drug,medication,antihypertensive,read_v2_drug,gp_scripts,read_2,exact,true,bd1T.,PROPANIX LA 160mg m/r capsules,PROPANIX LA 160mg m/r capsules,core,prescription_exposure,not applicable,read_v2_drugs_bnf,Mapped BNF code: 02.04.00.00,candidate_requires_pharmacology_review
medication.antihypertensive.read_v2_drug,medication,antihypertensive,read_v2_drug,gp_scripts,read_2,exact,true,bd1U.,HALF PROPATARD LA 80mg m/r capsules,HALF PROPATARD LA 80mg m/r capsules,core,prescription_exposure,not applicable,read_v2_drugs_bnf,Mapped BNF code: 02.04.00.00,candidate_requires_pharmacology_review
medication.antihypertensive.read_v2_drug,medication,antihypertensive,read_v2_drug,gp_scripts,read_2,exact,true,bd1V.,PROPATARD LA 160mg m/r capsules,PROPATARD LA 160mg m/r capsules,core,prescription_exposure,not applicable,read_v2_drugs_bnf,Mapped BNF code: 02.04.00.00,candidate_requires_pharmacology_review
medication.antihypertensive.read_v2_drug,medication,antihypertensive,read_v2_drug,gp_scripts,read_2,exact,true,bd1W.,PROPRANOLOL HYDROCHLORIDE 5mg/5mL sugar free oral solution,PROPRANOLOL HYDROCHLORIDE 5mg/5mL sugar free oral solution,core,prescription_exposure,not applicable,read_v2_drugs_bnf,Mapped BNF code: 02.04.00.00,candidate_requires_pharmacology_review
medication.antihypertensive.read_v2_drug,medication,antihypertensive,read_v2_drug,gp_scripts,read_2,exact,true,bd1X.,PROPRANOLOL HYDROCHLORIDE 10mg/5mL sugar free oral solution,PROPRANOLOL HYDROCHLORIDE 10mg/5mL sugar free oral solution,core,prescription_exposure,not applicable,read_v2_drugs_bnf,Mapped BNF code: 02.04.00.00,candidate_requires_pharmacology_review
medication.antihypertensive.read_v2_drug,medication,antihypertensive,read_v2_drug,gp_scripts,read_2,exact,true,bd1Y.,PROPRANOLOL HYDROCHLORIDE 50mg/5mL sugar free oral solution,PROPRANOLOL HYDROCHLORIDE 50mg/5mL sugar free oral solution,core,prescription_exposure,not applicable,read_v2_drugs_bnf,Mapped BNF code: 02.04.00.00,candidate_requires_pharmacology_review
medication.antihypertensive.read_v2_drug,medication,antihypertensive,read_v2_drug,gp_scripts,read_2,exact,true,bd1Z.,SYPROL 5mg/5mL oral solution,SYPROL 5mg/5mL oral solution,core,prescription_exposure,not applicable,read_v2_drugs_bnf,Mapped BNF code: 02.04.00.00,candidate_requires_pharmacology_review
medication.antihypertensive.read_v2_drug,medication,antihypertensive,read_v2_drug,gp_scripts,read_2,exact,true,bd1a.,*APSOLOL 40mg tablets,*APSOLOL 40mg tablets,core,prescription_exposure,not applicable,read_v2_drugs_bnf,Mapped BNF code: 02.04.00.00,candidate_requires_pharmacology_review
medication.antihypertensive.read_v2_drug,medication,antihypertensive,read_v2_drug,gp_scripts,read_2,exact,true,bd1b.,*APSOLOL 80mg tablets,*APSOLOL 80mg tablets,core,prescription_exposure,not applicable,read_v2_drugs_bnf,Mapped BNF code: 02.04.00.00,candidate_requires_pharmacology_review
medication.antihypertensive.read_v2_drug,medication,antihypertensive,read_v2_drug,gp_scripts,read_2,exact,true,bd1c.,*APSOLOL 160mg tablets,*APSOLOL 160mg tablets,core,prescription_exposure,not applicable,read_v2_drugs_bnf,Mapped BNF code: 02.04.00.00,candidate_requires_pharmacology_review
medication.antihypertensive.read_v2_drug,medication,antihypertensive,read_v2_drug,gp_scripts,read_2,exact,true,bd1g.,BEDRANOL SR 160mg m/r capsules,BEDRANOL SR 160mg m/r capsules,core,prescription_exposure,not applicable,read_v2_drugs_bnf,Mapped BNF code: 02.04.00.00,candidate_requires_pharmacology_review
medication.antihypertensive.read_v2_drug,medication,antihypertensive,read_v2_drug,gp_scripts,read_2,exact,true,bd1h.,*BERKOLOL 10mg tablets,*BERKOLOL 10mg tablets,core,prescription_exposure,not applicable,read_v2_drugs_bnf,Mapped BNF code: 02.04.00.00,candidate_requires_pharmacology_review
medication.antihypertensive.read_v2_drug,medication,antihypertensive,read_v2_drug,gp_scripts,read_2,exact,true,bd1i.,*BERKOLOL 40mg tablets,*BERKOLOL 40mg tablets,core,prescription_exposure,not applicable,read_v2_drugs_bnf,Mapped BNF code: 02.04.00.00,candidate_requires_pharmacology_review
medication.antihypertensive.read_v2_drug,medication,antihypertensive,read_v2_drug,gp_scripts,read_2,exact,true,bd1j.,*BERKOLOL 80mg tablets,*BERKOLOL 80mg tablets,core,prescription_exposure,not applicable,read_v2_drugs_bnf,Mapped BNF code: 02.04.00.00,candidate_requires_pharmacology_review
medication.antihypertensive.read_v2_drug,medication,antihypertensive,read_v2_drug,gp_scripts,read_2,exact,true,bd1k.,*BERKOLOL 160mg tablets,*BERKOLOL 160mg tablets,core,prescription_exposure,not applicable,read_v2_drugs_bnf,Mapped BNF code: 02.04.00.00,candidate_requires_pharmacology_review
medication.antihypertensive.read_v2_drug,medication,antihypertensive,read_v2_drug,gp_scripts,read_2,exact,true,bd1l.,HALF-INDERAL LA 80mg m/r capsules,HALF-INDERAL LA 80mg m/r capsules,core,prescription_exposure,not applicable,read_v2_drugs_bnf,Mapped BNF code: 02.04.00.00,candidate_requires_pharmacology_review
medication.antihypertensive.read_v2_drug,medication,antihypertensive,read_v2_drug,gp_scripts,read_2,exact,true,bd1m.,*INDERAL 10mg tablets,*INDERAL 10mg tablets,core,prescription_exposure,not applicable,read_v2_drugs_bnf,Mapped BNF code: 02.04.00.00,candidate_requires_pharmacology_review
medication.antihypertensive.read_v2_drug,medication,antihypertensive,read_v2_drug,gp_scripts,read_2,exact,true,bd1n.,*INDERAL 40mg tablets,*INDERAL 40mg tablets,core,prescription_exposure,not applicable,read_v2_drugs_bnf,Mapped BNF code: 02.04.00.00,candidate_requires_pharmacology_review
medication.antihypertensive.read_v2_drug,medication,antihypertensive,read_v2_drug,gp_scripts,read_2,exact,true,bd1o.,*INDERAL 80mg tablets,*INDERAL 80mg tablets,core,prescription_exposure,not applicable,read_v2_drugs_bnf,Mapped BNF code: 02.04.00.00,candidate_requires_pharmacology_review
medication.antihypertensive.read_v2_drug,medication,antihypertensive,read_v2_drug,gp_scripts,read_2,exact,true,bd1p.,*INDERAL 160mg tablets,*INDERAL 160mg tablets,core,prescription_exposure,not applicable,read_v2_drugs_bnf,Mapped BNF code: 02.04.00.00,candidate_requires_pharmacology_review
medication.antihypertensive.read_v2_drug,medication,antihypertensive,read_v2_drug,gp_scripts,read_2,exact,true,bd1q.,*INDERAL 1mg/1mL injection,*INDERAL 1mg/1mL injection,core,prescription_exposure,not applicable,read_v2_drugs_bnf,Mapped BNF code: 02.04.00.00,candidate_requires_pharmacology_review
medication.antihypertensive.read_v2_drug,medication,antihypertensive,read_v2_drug,gp_scripts,read_2,exact,true,bd1r.,*INDERAL-LA 160mg m/r capsules,*INDERAL-LA 160mg m/r capsules,core,prescription_exposure,not applicable,read_v2_drugs_bnf,Mapped BNF code: 02.04.00.00,candidate_requires_pharmacology_review
medication.antihypertensive.read_v2_drug,medication,antihypertensive,read_v2_drug,gp_scripts,read_2,exact,true,bd1s.,*SLOPROLOL 160mg m/r capsules,*SLOPROLOL 160mg m/r capsules,core,prescription_exposure,not applicable,read_v2_drugs_bnf,Mapped BNF code: 02.04.00.00,candidate_requires_pharmacology_review
medication.antihypertensive.read_v2_drug,medication,antihypertensive,read_v2_drug,gp_scripts,read_2,exact,true,bd1t.,*CARDINOL 10mg tablets,*CARDINOL 10mg tablets,core,prescription_exposure,not applicable,read_v2_drugs_bnf,Mapped BNF code: 02.04.00.00,candidate_requires_pharmacology_review
medication.antihypertensive.read_v2_drug,medication,antihypertensive,read_v2_drug,gp_scripts,read_2,exact,true,bd1u.,*CARDINOL 40mg tablets,*CARDINOL 40mg tablets,core,prescription_exposure,not applicable,read_v2_drugs_bnf,Mapped BNF code: 02.04.00.00,candidate_requires_pharmacology_review
medication.antihypertensive.read_v2_drug,medication,antihypertensive,read_v2_drug,gp_scripts,read_2,exact,true,bd1v.,*CARDINOL 80mg tablets,*CARDINOL 80mg tablets,core,prescription_exposure,not applicable,read_v2_drugs_bnf,Mapped BNF code: 02.04.00.00,candidate_requires_pharmacology_review
medication.antihypertensive.read_v2_drug,medication,antihypertensive,read_v2_drug,gp_scripts,read_2,exact,true,bd1w.,*CARDINOL 160mg tablets,*CARDINOL 160mg tablets,core,prescription_exposure,not applicable,read_v2_drugs_bnf,Mapped BNF code: 02.04.00.00,candidate_requires_pharmacology_review
medication.antihypertensive.read_v2_drug,medication,antihypertensive,read_v2_drug,gp_scripts,read_2,exact,true,bd1x.,PROPRANOLOL 160mg m/r capsules,PROPRANOLOL 160mg m/r capsules,core,prescription_exposure,not applicable,read_v2_drugs_bnf,Mapped BNF code: 02.04.00.00,candidate_requires_pharmacology_review
medication.antihypertensive.read_v2_drug,medication,antihypertensive,read_v2_drug,gp_scripts,read_2,exact,true,bd1y.,PROPRANOLOL 80mg m/r capsules,PROPRANOLOL 80mg m/r capsules,core,prescription_exposure,not applicable,read_v2_drugs_bnf,Mapped BNF code: 02.04.00.00,candidate_requires_pharmacology_review
medication.antihypertensive.read_v2_drug,medication,antihypertensive,read_v2_drug,gp_scripts,read_2,exact,true,bd1z.,SYPROL 10mg/5mL oral solution,SYPROL 10mg/5mL oral solution,core,prescription_exposure,not applicable,read_v2_drugs_bnf,Mapped BNF code: 02.04.00.00,candidate_requires_pharmacology_review
medication.antihypertensive.read_v2_drug,medication,antihypertensive,read_v2_drug,gp_scripts,read_2,exact,true,bd2..,ACEBUTOLOL,ACEBUTOLOL,core,prescription_exposure,not applicable,read_v2_drugs_bnf,Mapped BNF code: 02.04.00.00,candidate_requires_pharmacology_review
medication.antihypertensive.read_v2_drug,medication,antihypertensive,read_v2_drug,gp_scripts,read_2,exact,true,bd21.,SECTRAL 100mg capsules,SECTRAL 100mg capsules,core,prescription_exposure,not applicable,read_v2_drugs_bnf,Mapped BNF code: 02.04.00.00,candidate_requires_pharmacology_review
medication.antihypertensive.read_v2_drug,medication,antihypertensive,read_v2_drug,gp_scripts,read_2,exact,true,bd22.,SECTRAL 200mg capsules,SECTRAL 200mg capsules,core,prescription_exposure,not applicable,read_v2_drugs_bnf,Mapped BNF code: 02.04.00.00,candidate_requires_pharmacology_review
medication.antihypertensive.read_v2_drug,medication,antihypertensive,read_v2_drug,gp_scripts,read_2,exact,true,bd23.,SECTRAL 400mg tablets,SECTRAL 400mg tablets,core,prescription_exposure,not applicable,read_v2_drugs_bnf,Mapped BNF code: 02.04.00.00,candidate_requires_pharmacology_review
medication.antihypertensive.read_v2_drug,medication,antihypertensive,read_v2_drug,gp_scripts,read_2,exact,true,bd2w.,ACEBUTOLOL 100mg capsules,ACEBUTOLOL 100mg capsules,core,prescription_exposure,not applicable,read_v2_drugs_bnf,Mapped BNF code: 02.04.00.00,candidate_requires_pharmacology_review
medication.antihypertensive.read_v2_drug,medication,antihypertensive,read_v2_drug,gp_scripts,read_2,exact,true,bd2x.,ACEBUTOLOL 200mg capsules,ACEBUTOLOL 200mg capsules,core,prescription_exposure,not applicable,read_v2_drugs_bnf,Mapped BNF code: 02.04.00.00,candidate_requires_pharmacology_review
medication.antihypertensive.read_v2_drug,medication,antihypertensive,read_v2_drug,gp_scripts,read_2,exact,true,bd2y.,ACEBUTOLOL 400mg tablets,ACEBUTOLOL 400mg tablets,core,prescription_exposure,not applicable,read_v2_drugs_bnf,Mapped BNF code: 02.04.00.00,candidate_requires_pharmacology_review
medication.antihypertensive.read_v2_drug,medication,antihypertensive,read_v2_drug,gp_scripts,read_2,exact,true,bd3..,ATENOLOL,ATENOLOL,core,prescription_exposure,not applicable,read_v2_drugs_bnf,Mapped BNF code: 02.04.00.00,candidate_requires_pharmacology_review
medication.antihypertensive.read_v2_drug,medication,antihypertensive,read_v2_drug,gp_scripts,read_2,exact,true,bd31.,TENORMIN 100mg tablets,TENORMIN 100mg tablets,core,prescription_exposure,not applicable,read_v2_drugs_bnf,Mapped BNF code: 02.04.00.00,candidate_requires_pharmacology_review
medication.antihypertensive.read_v2_drug,medication,antihypertensive,read_v2_drug,gp_scripts,read_2,exact,true,bd32.,TENORMIN 25mg/5mL syrup,TENORMIN 25mg/5mL syrup,core,prescription_exposure,not applicable,read_v2_drugs_bnf,Mapped BNF code: 02.04.00.00,candidate_requires_pharmacology_review
medication.antihypertensive.read_v2_drug,medication,antihypertensive,read_v2_drug,gp_scripts,read_2,exact,true,bd33.,TENORMIN 5mg/10mL injection,TENORMIN 5mg/10mL injection,core,prescription_exposure,not applicable,read_v2_drugs_bnf,Mapped BNF code: 02.04.00.00,candidate_requires_pharmacology_review
medication.antihypertensive.read_v2_drug,medication,antihypertensive,read_v2_drug,gp_scripts,read_2,exact,true,bd34.,TENORMIN LS 50mg tablets,TENORMIN LS 50mg tablets,core,prescription_exposure,not applicable,read_v2_drugs_bnf,Mapped BNF code: 02.04.00.00,candidate_requires_pharmacology_review
medication.antihypertensive.read_v2_drug,medication,antihypertensive,read_v2_drug,gp_scripts,read_2,exact,true,bd35.,ATENOLOL 50mg tablets,ATENOLOL 50mg tablets,core,prescription_exposure,not applicable,read_v2_drugs_bnf,Mapped BNF code: 02.04.00.00,candidate_requires_pharmacology_review
medication.antihypertensive.read_v2_drug,medication,antihypertensive,read_v2_drug,gp_scripts,read_2,exact,true,bd36.,ATENOLOL 100mg tablets,ATENOLOL 100mg tablets,core,prescription_exposure,not applicable,read_v2_drugs_bnf,Mapped BNF code: 02.04.00.00,candidate_requires_pharmacology_review
medication.antihypertensive.read_v2_drug,medication,antihypertensive,read_v2_drug,gp_scripts,read_2,exact,true,bd38.,*BETA-ADALAT 50/20mg capsules,*BETA-ADALAT 50/20mg capsules,core,prescription_exposure,not applicable,read_v2_drugs_bnf,Mapped BNF code: 02.04.00.00,candidate_requires_pharmacology_review
medication.antihypertensive.read_v2_drug,medication,antihypertensive,read_v2_drug,gp_scripts,read_2,exact,true,bd39.,*TENIF 50/20mg capsules,*TENIF 50/20mg capsules,core,prescription_exposure,not applicable,read_v2_drugs_bnf,Mapped BNF code: 02.04.00.00,candidate_requires_pharmacology_review
medication.antihypertensive.read_v2_drug,medication,antihypertensive,read_v2_drug,gp_scripts,read_2,exact,true,bd3a.,*ANTIPRESSAN 50mg tablets,*ANTIPRESSAN 50mg tablets,core,prescription_exposure,not applicable,read_v2_drugs_bnf,Mapped BNF code: 02.04.00.00,candidate_requires_pharmacology_review
medication.antihypertensive.read_v2_drug,medication,antihypertensive,read_v2_drug,gp_scripts,read_2,exact,true,bd3b.,*ANTIPRESSAN 100mg tablets,*ANTIPRESSAN 100mg tablets,core,prescription_exposure,not applicable,read_v2_drugs_bnf,Mapped BNF code: 02.04.00.00,candidate_requires_pharmacology_review
medication.antihypertensive.read_v2_drug,medication,antihypertensive,read_v2_drug,gp_scripts,read_2,exact,true,bd3c.,*TENORMIN 25 tablets,*TENORMIN 25 tablets,core,prescription_exposure,not applicable,read_v2_drugs_bnf,Mapped BNF code: 02.04.00.00,candidate_requires_pharmacology_review
medication.antihypertensive.read_v2_drug,medication,antihypertensive,read_v2_drug,gp_scripts,read_2,exact,true,bd3d.,*VASATEN 50mg tablets,*VASATEN 50mg tablets,core,prescription_exposure,not applicable,read_v2_drugs_bnf,Mapped BNF code: 02.04.00.00,candidate_requires_pharmacology_review
medication.antihypertensive.read_v2_drug,medication,antihypertensive,read_v2_drug,gp_scripts,read_2,exact,true,bd3e.,*VASATEN 100mg tablets,*VASATEN 100mg tablets,core,prescription_exposure,not applicable,read_v2_drugs_bnf,Mapped BNF code: 02.04.00.00,candidate_requires_pharmacology_review
medication.antihypertensive.read_v2_drug,medication,antihypertensive,read_v2_drug,gp_scripts,read_2,exact,true,bd3f.,ATENIX 50mg tablets,ATENIX 50mg tablets,core,prescription_exposure,not applicable,read_v2_drugs_bnf,Mapped BNF code: 02.04.00.00,candidate_requires_pharmacology_review
medication.antihypertensive.read_v2_drug,medication,antihypertensive,read_v2_drug,gp_scripts,read_2,exact,true,bd3g.,ATENIX 100mg tablets,ATENIX 100mg tablets,core,prescription_exposure,not applicable,read_v2_drugs_bnf,Mapped BNF code: 02.04.00.00,candidate_requires_pharmacology_review
medication.antihypertensive.read_v2_drug,medication,antihypertensive,read_v2_drug,gp_scripts,read_2,exact,true,bd3h.,*TOTAMOL 50mg tablets,*TOTAMOL 50mg tablets,core,prescription_exposure,not applicable,read_v2_drugs_bnf,Mapped BNF code: 02.04.00.00,candidate_requires_pharmacology_review
medication.antihypertensive.read_v2_drug,medication,antihypertensive,read_v2_drug,gp_scripts,read_2,exact,true,bd3i.,*TOTAMOL 100mg tablets,*TOTAMOL 100mg tablets,core,prescription_exposure,not applicable,read_v2_drugs_bnf,Mapped BNF code: 02.04.00.00,candidate_requires_pharmacology_review
medication.antihypertensive.read_v2_drug,medication,antihypertensive,read_v2_drug,gp_scripts,read_2,exact,true,bd3j.,ATENOLOL 25mg tablets,ATENOLOL 25mg tablets,core,prescription_exposure,not applicable,read_v2_drugs_bnf,Mapped BNF code: 02.04.00.00,candidate_requires_pharmacology_review
medication.antihypertensive.read_v2_drug,medication,antihypertensive,read_v2_drug,gp_scripts,read_2,exact,true,bd3k.,*TOTAMOL 25mg tablets,*TOTAMOL 25mg tablets,core,prescription_exposure,not applicable,read_v2_drugs_bnf,Mapped BNF code: 02.04.00.00,candidate_requires_pharmacology_review
medication.antihypertensive.read_v2_drug,medication,antihypertensive,read_v2_drug,gp_scripts,read_2,exact,true,bd3l.,*ANTIPRESSAN 25mg tablets,*ANTIPRESSAN 25mg tablets,core,prescription_exposure,not applicable,read_v2_drugs_bnf,Mapped BNF code: 02.04.00.00,candidate_requires_pharmacology_review
medication.antihypertensive.read_v2_drug,medication,antihypertensive,read_v2_drug,gp_scripts,read_2,exact,true,bd3x.,ATENOLOL 25mg/5mL syrup,ATENOLOL 25mg/5mL syrup,core,prescription_exposure,not applicable,read_v2_drugs_bnf,Mapped BNF code: 02.04.00.00,candidate_requires_pharmacology_review
medication.antihypertensive.read_v2_drug,medication,antihypertensive,read_v2_drug,gp_scripts,read_2,exact,true,bd3y.,ATENOLOL 5mg/10mL injection,ATENOLOL 5mg/10mL injection,core,prescription_exposure,not applicable,read_v2_drugs_bnf,Mapped BNF code: 02.04.00.00,candidate_requires_pharmacology_review
medication.antihypertensive.read_v2_drug,medication,antihypertensive,read_v2_drug,gp_scripts,read_2,exact,true,bd3z.,ATENIX 25mg tablets,ATENIX 25mg tablets,core,prescription_exposure,not applicable,read_v2_drugs_bnf,Mapped BNF code: 02.04.00.00,candidate_requires_pharmacology_review
medication.antihypertensive.read_v2_drug,medication,antihypertensive,read_v2_drug,gp_scripts,read_2,exact,true,bd4..,BETAXOLOL HCL [B-BLOCKER],BETAXOLOL HCL [B-BLOCKER],core,prescription_exposure,not applicable,read_v2_drugs_bnf,Mapped BNF code: 02.04.00.00,candidate_requires_pharmacology_review
medication.antihypertensive.read_v2_drug,medication,antihypertensive,read_v2_drug,gp_scripts,read_2,exact,true,bd41.,*KERLONE 20mg tablets,*KERLONE 20mg tablets,core,prescription_exposure,not applicable,read_v2_drugs_bnf,Mapped BNF code: 02.04.00.00,candidate_requires_pharmacology_review
medication.antihypertensive.read_v2_drug,medication,antihypertensive,read_v2_drug,gp_scripts,read_2,exact,true,bd4z.,BETAXOLOL HYDROCHLORIDE 20mg tablets,BETAXOLOL HYDROCHLORIDE 20mg tablets,core,prescription_exposure,not applicable,read_v2_drugs_bnf,Mapped BNF code: 02.04.00.00,candidate_requires_pharmacology_review
medication.antihypertensive.read_v2_drug,medication,antihypertensive,read_v2_drug,gp_scripts,read_2,exact,true,bd5..,LABETALOL HYDROCHLORIDE,LABETALOL HYDROCHLORIDE,core,prescription_exposure,not applicable,read_v2_drugs_bnf,Mapped BNF code: 02.04.00.00,candidate_requires_pharmacology_review
medication.antihypertensive.read_v2_drug,medication,antihypertensive,read_v2_drug,gp_scripts,read_2,exact,true,bd51.,LABETALOL 100mg tablets,LABETALOL 100mg tablets,core,prescription_exposure,not applicable,read_v2_drugs_bnf,Mapped BNF code: 02.04.00.00,candidate_requires_pharmacology_review
medication.antihypertensive.read_v2_drug,medication,antihypertensive,read_v2_drug,gp_scripts,read_2,exact,true,bd52.,LABETALOL 200mg tablets,LABETALOL 200mg tablets,core,prescription_exposure,not applicable,read_v2_drugs_bnf,Mapped BNF code: 02.04.00.00,candidate_requires_pharmacology_review
medication.antihypertensive.read_v2_drug,medication,antihypertensive,read_v2_drug,gp_scripts,read_2,exact,true,bd53.,LABETALOL 400mg tablets,LABETALOL 400mg tablets,core,prescription_exposure,not applicable,read_v2_drugs_bnf,Mapped BNF code: 02.04.00.00,candidate_requires_pharmacology_review
medication.antihypertensive.read_v2_drug,medication,antihypertensive,read_v2_drug,gp_scripts,read_2,exact,true,bd54.,*LABROCOL 100mg tablets,*LABROCOL 100mg tablets,core,prescription_exposure,not applicable,read_v2_drugs_bnf,Mapped BNF code: 02.04.00.00,candidate_requires_pharmacology_review
medication.antihypertensive.read_v2_drug,medication,antihypertensive,read_v2_drug,gp_scripts,read_2,exact,true,bd55.,*LABROCOL 200mg tablets,*LABROCOL 200mg tablets,core,prescription_exposure,not applicable,read_v2_drugs_bnf,Mapped BNF code: 02.04.00.00,candidate_requires_pharmacology_review
medication.antihypertensive.read_v2_drug,medication,antihypertensive,read_v2_drug,gp_scripts,read_2,exact,true,bd56.,*LABROCOL 400mg tablets,*LABROCOL 400mg tablets,core,prescription_exposure,not applicable,read_v2_drugs_bnf,Mapped BNF code: 02.04.00.00,candidate_requires_pharmacology_review
medication.antihypertensive.read_v2_drug,medication,antihypertensive,read_v2_drug,gp_scripts,read_2,exact,true,bd57.,TRANDATE 50mg tablets,TRANDATE 50mg tablets,core,prescription_exposure,not applicable,read_v2_drugs_bnf,Mapped BNF code: 02.04.00.00,candidate_requires_pharmacology_review
medication.antihypertensive.read_v2_drug,medication,antihypertensive,read_v2_drug,gp_scripts,read_2,exact,true,bd58.,TRANDATE 100mg tablets,TRANDATE 100mg tablets,core,prescription_exposure,not applicable,read_v2_drugs_bnf,Mapped BNF code: 02.04.00.00,candidate_requires_pharmacology_review
medication.antihypertensive.read_v2_drug,medication,antihypertensive,read_v2_drug,gp_scripts,read_2,exact,true,bd59.,TRANDATE 200mg tablets,TRANDATE 200mg tablets,core,prescription_exposure,not applicable,read_v2_drugs_bnf,Mapped BNF code: 02.04.00.00,candidate_requires_pharmacology_review
medication.antihypertensive.read_v2_drug,medication,antihypertensive,read_v2_drug,gp_scripts,read_2,exact,true,bd5a.,TRANDATE 400mg tablets,TRANDATE 400mg tablets,core,prescription_exposure,not applicable,read_v2_drugs_bnf,Mapped BNF code: 02.04.00.00,candidate_requires_pharmacology_review
medication.antihypertensive.read_v2_drug,medication,antihypertensive,read_v2_drug,gp_scripts,read_2,exact,true,bd5b.,*TRANDATE 100mg/20mL injection,*TRANDATE 100mg/20mL injection,core,prescription_exposure,not applicable,read_v2_drugs_bnf,Mapped BNF code: 02.04.00.00,candidate_requires_pharmacology_review
medication.antihypertensive.read_v2_drug,medication,antihypertensive,read_v2_drug,gp_scripts,read_2,exact,true,bd5c.,LABETALOL HYDROCHLORIDE 50mg/10mL prefilled syringe,LABETALOL HYDROCHLORIDE 50mg/10mL prefilled syringe,core,prescription_exposure,not applicable,read_v2_drugs_bnf,Mapped BNF code: 02.04.00.00,candidate_requires_pharmacology_review
medication.antihypertensive.read_v2_drug,medication,antihypertensive,read_v2_drug,gp_scripts,read_2,exact,true,bd5v.,LABETALOL 50mg tablets,LABETALOL 50mg tablets,core,prescription_exposure,not applicable,read_v2_drugs_bnf,Mapped BNF code: 02.04.00.00,candidate_requires_pharmacology_review
medication.antihypertensive.read_v2_drug,medication,antihypertensive,read_v2_drug,gp_scripts,read_2,exact,true,bd5z.,LABETALOL 100mg/20mL injection,LABETALOL 100mg/20mL injection,core,prescription_exposure,not applicable,read_v2_drugs_bnf,Mapped BNF code: 02.04.00.00,candidate_requires_pharmacology_review
medication.antihypertensive.read_v2_drug,medication,antihypertensive,read_v2_drug,gp_scripts,read_2,exact,true,bd6..,METOPROLOL TARTRATE,METOPROLOL TARTRATE,core,prescription_exposure,not applicable,read_v2_drugs_bnf,Mapped BNF code: 02.04.00.00,candidate_requires_pharmacology_review
medication.antihypertensive.read_v2_drug,medication,antihypertensive,read_v2_drug,gp_scripts,read_2,exact,true,bd61.,*BETALOC 50mg tablets,*BETALOC 50mg tablets,core,prescription_exposure,not applicable,read_v2_drugs_bnf,Mapped BNF code: 02.04.00.00,candidate_requires_pharmacology_review
medication.antihypertensive.read_v2_drug,medication,antihypertensive,read_v2_drug,gp_scripts,read_2,exact,true,bd62.,*BETALOC 100mg tablets,*BETALOC 100mg tablets,core,prescription_exposure,not applicable,read_v2_drugs_bnf,Mapped BNF code: 02.04.00.00,candidate_requires_pharmacology_review
medication.antihypertensive.read_v2_drug,medication,antihypertensive,read_v2_drug,gp_scripts,read_2,exact,true,bd63.,BETALOC 5mg/5mL injection,BETALOC 5mg/5mL injection,core,prescription_exposure,not applicable,read_v2_drugs_bnf,Mapped BNF code: 02.04.00.00,candidate_requires_pharmacology_review
medication.antihypertensive.read_v2_drug,medication,antihypertensive,read_v2_drug,gp_scripts,read_2,exact,true,bd64.,BETALOC-SA DURULES 200mg m/r tablets,BETALOC-SA DURULES 200mg m/r tablets,core,prescription_exposure,not applicable,read_v2_drugs_bnf,Mapped BNF code: 02.04.00.00,candidate_requires_pharmacology_review
medication.antihypertensive.read_v2_drug,medication,antihypertensive,read_v2_drug,gp_scripts,read_2,exact,true,bd65.,LOPRESOR 50mg tablets,LOPRESOR 50mg tablets,core,prescription_exposure,not applicable,read_v2_drugs_bnf,Mapped BNF code: 02.04.00.00,candidate_requires_pharmacology_review
medication.antihypertensive.read_v2_drug,medication,antihypertensive,read_v2_drug,gp_scripts,read_2,exact,true,bd66.,LOPRESOR 100mg tablets,LOPRESOR 100mg tablets,core,prescription_exposure,not applicable,read_v2_drugs_bnf,Mapped BNF code: 02.04.00.00,candidate_requires_pharmacology_review
medication.antihypertensive.read_v2_drug,medication,antihypertensive,read_v2_drug,gp_scripts,read_2,exact,true,bd67.,*MEPRANIX 50mg tablets,*MEPRANIX 50mg tablets,core,prescription_exposure,not applicable,read_v2_drugs_bnf,Mapped BNF code: 02.04.00.00,candidate_requires_pharmacology_review
medication.antihypertensive.read_v2_drug,medication,antihypertensive,read_v2_drug,gp_scripts,read_2,exact,true,bd68.,*MEPRANIX 100mg tablets,*MEPRANIX 100mg tablets,core,prescription_exposure,not applicable,read_v2_drugs_bnf,Mapped BNF code: 02.04.00.00,candidate_requires_pharmacology_review
medication.antihypertensive.read_v2_drug,medication,antihypertensive,read_v2_drug,gp_scripts,read_2,exact,true,bd6b.,LOPRESOR SR 200mg m/r tablets,LOPRESOR SR 200mg m/r tablets,core,prescription_exposure,not applicable,read_v2_drugs_bnf,Mapped BNF code: 02.04.00.00,candidate_requires_pharmacology_review
medication.antihypertensive.read_v2_drug,medication,antihypertensive,read_v2_drug,gp_scripts,read_2,exact,true,bd6c.,*ARBRALENE 50mg tablets,*ARBRALENE 50mg tablets,core,prescription_exposure,not applicable,read_v2_drugs_bnf,Mapped BNF code: 02.04.00.00,candidate_requires_pharmacology_review
medication.antihypertensive.read_v2_drug,medication,antihypertensive,read_v2_drug,gp_scripts,read_2,exact,true,bd6d.,*ARBRALENE 100mg tablets,*ARBRALENE 100mg tablets,core,prescription_exposure,not applicable,read_v2_drugs_bnf,Mapped BNF code: 02.04.00.00,candidate_requires_pharmacology_review
medication.antihypertensive.read_v2_drug,medication,antihypertensive,read_v2_drug,gp_scripts,read_2,exact,true,bd6e.,*TENSOMEX 100mg tablets,*TENSOMEX 100mg tablets,core,prescription_exposure,not applicable,read_v2_drugs_bnf,Mapped BNF code: 02.04.00.00,candidate_requires_pharmacology_review
medication.antihypertensive.read_v2_drug,medication,antihypertensive,read_v2_drug,gp_scripts,read_2,exact,true,bd6w.,METOPROLOL 100mg tablets,METOPROLOL 100mg tablets,core,prescription_exposure,not applicable,read_v2_drugs_bnf,Mapped BNF code: 02.04.00.00,candidate_requires_pharmacology_review
medication.antihypertensive.read_v2_drug,medication,antihypertensive,read_v2_drug,gp_scripts,read_2,exact,true,bd6x.,METOPROLOL 50mg tablets,METOPROLOL 50mg tablets,core,prescription_exposure,not applicable,read_v2_drugs_bnf,Mapped BNF code: 02.04.00.00,candidate_requires_pharmacology_review
medication.antihypertensive.read_v2_drug,medication,antihypertensive,read_v2_drug,gp_scripts,read_2,exact,true,bd6y.,METOPROLOL 5mg/5mL injection,METOPROLOL 5mg/5mL injection,core,prescription_exposure,not applicable,read_v2_drugs_bnf,Mapped BNF code: 02.04.00.00,candidate_requires_pharmacology_review
medication.antihypertensive.read_v2_drug,medication,antihypertensive,read_v2_drug,gp_scripts,read_2,exact,true,bd6z.,METOPROLOL 200mg m/r tablets,METOPROLOL 200mg m/r tablets,core,prescription_exposure,not applicable,read_v2_drugs_bnf,Mapped BNF code: 02.04.00.00,candidate_requires_pharmacology_review
medication.antihypertensive.read_v2_drug,medication,antihypertensive,read_v2_drug,gp_scripts,read_2,exact,true,bd7..,NADOLOL,NADOLOL,core,prescription_exposure,not applicable,read_v2_drugs_bnf,Mapped BNF code: 02.04.00.00,candidate_requires_pharmacology_review
medication.antihypertensive.read_v2_drug,medication,antihypertensive,read_v2_drug,gp_scripts,read_2,exact,true,bd71.,*CORGARD 40mg tablets,*CORGARD 40mg tablets,core,prescription_exposure,not applicable,read_v2_drugs_bnf,Mapped BNF code: 02.04.00.00,candidate_requires_pharmacology_review
medication.antihypertensive.read_v2_drug,medication,antihypertensive,read_v2_drug,gp_scripts,read_2,exact,true,bd72.,CORGARD 80mg tablets,CORGARD 80mg tablets,core,prescription_exposure,not applicable,read_v2_drugs_bnf,Mapped BNF code: 02.04.00.00,candidate_requires_pharmacology_review
medication.antihypertensive.read_v2_drug,medication,antihypertensive,read_v2_drug,gp_scripts,read_2,exact,true,bd7y.,*NADOLOL 40mg tablets,*NADOLOL 40mg tablets,core,prescription_exposure,not applicable,read_v2_drugs_bnf,Mapped BNF code: 02.04.00.00,candidate_requires_pharmacology_review
medication.antihypertensive.read_v2_drug,medication,antihypertensive,read_v2_drug,gp_scripts,read_2,exact,true,bd7z.,NADOLOL 80mg tablets,NADOLOL 80mg tablets,core,prescription_exposure,not applicable,read_v2_drugs_bnf,Mapped BNF code: 02.04.00.00,candidate_requires_pharmacology_review
medication.antihypertensive.read_v2_drug,medication,antihypertensive,read_v2_drug,gp_scripts,read_2,exact,true,bd8..,OXPRENOLOL HYDROCHLORIDE,OXPRENOLOL HYDROCHLORIDE,core,prescription_exposure,not applicable,read_v2_drugs_bnf,Mapped BNF code: 02.04.00.00,candidate_requires_pharmacology_review
medication.antihypertensive.read_v2_drug,medication,antihypertensive,read_v2_drug,gp_scripts,read_2,exact,true,bd81.,OXPRENOLOL 20mg tablets,OXPRENOLOL 20mg tablets,core,prescription_exposure,not applicable,read_v2_drugs_bnf,Mapped BNF code: 02.04.00.00,candidate_requires_pharmacology_review
medication.antihypertensive.read_v2_drug,medication,antihypertensive,read_v2_drug,gp_scripts,read_2,exact,true,bd82.,OXPRENOLOL 40mg tablets,OXPRENOLOL 40mg tablets,core,prescription_exposure,not applicable,read_v2_drugs_bnf,Mapped BNF code: 02.04.00.00,candidate_requires_pharmacology_review
medication.antihypertensive.read_v2_drug,medication,antihypertensive,read_v2_drug,gp_scripts,read_2,exact,true,bd83.,OXPRENOLOL 80mg tablets,OXPRENOLOL 80mg tablets,core,prescription_exposure,not applicable,read_v2_drugs_bnf,Mapped BNF code: 02.04.00.00,candidate_requires_pharmacology_review
medication.antihypertensive.read_v2_drug,medication,antihypertensive,read_v2_drug,gp_scripts,read_2,exact,true,bd84.,OXPRENOLOL 160mg tablets,OXPRENOLOL 160mg tablets,core,prescription_exposure,not applicable,read_v2_drugs_bnf,Mapped BNF code: 02.04.00.00,candidate_requires_pharmacology_review
medication.antihypertensive.read_v2_drug,medication,antihypertensive,read_v2_drug,gp_scripts,read_2,exact,true,bd85.,*APSOLOX 20mg tablets,*APSOLOX 20mg tablets,core,prescription_exposure,not applicable,read_v2_drugs_bnf,Mapped BNF code: 02.04.00.00,candidate_requires_pharmacology_review
medication.antihypertensive.read_v2_drug,medication,antihypertensive,read_v2_drug,gp_scripts,read_2,exact,true,bd86.,*APSOLOX 40mg tablets,*APSOLOX 40mg tablets,core,prescription_exposure,not applicable,read_v2_drugs_bnf,Mapped BNF code: 02.04.00.00,candidate_requires_pharmacology_review
medication.antihypertensive.read_v2_drug,medication,antihypertensive,read_v2_drug,gp_scripts,read_2,exact,true,bd87.,*APSOLOX 80mg tablets,*APSOLOX 80mg tablets,core,prescription_exposure,not applicable,read_v2_drugs_bnf,Mapped BNF code: 02.04.00.00,candidate_requires_pharmacology_review
medication.antihypertensive.read_v2_drug,medication,antihypertensive,read_v2_drug,gp_scripts,read_2,exact,true,bd88.,*APSOLOX 160mg tablets,*APSOLOX 160mg tablets,core,prescription_exposure,not applicable,read_v2_drugs_bnf,Mapped BNF code: 02.04.00.00,candidate_requires_pharmacology_review
medication.antihypertensive.read_v2_drug,medication,antihypertensive,read_v2_drug,gp_scripts,read_2,exact,true,bd8d.,*SLOW-PREN 160mg m/r tablets,*SLOW-PREN 160mg m/r tablets,core,prescription_exposure,not applicable,read_v2_drugs_bnf,Mapped BNF code: 02.04.00.00,candidate_requires_pharmacology_review
medication.antihypertensive.read_v2_drug,medication,antihypertensive,read_v2_drug,gp_scripts,read_2,exact,true,bd8e.,SLOW-TRASICOR 160mg m/r tablets,SLOW-TRASICOR 160mg m/r tablets,core,prescription_exposure,not applicable,read_v2_drugs_bnf,Mapped BNF code: 02.04.00.00,candidate_requires_pharmacology_review
medication.antihypertensive.read_v2_drug,medication,antihypertensive,read_v2_drug,gp_scripts,read_2,exact,true,bd8f.,*TRASICOR 20mg tablets,*TRASICOR 20mg tablets,core,prescription_exposure,not applicable,read_v2_drugs_bnf,Mapped BNF code: 02.04.00.00,candidate_requires_pharmacology_review
medication.antihypertensive.read_v2_drug,medication,antihypertensive,read_v2_drug,gp_scripts,read_2,exact,true,bd8g.,*TRASICOR 40mg tablets,*TRASICOR 40mg tablets,core,prescription_exposure,not applicable,read_v2_drugs_bnf,Mapped BNF code: 02.04.00.00,candidate_requires_pharmacology_review
medication.antihypertensive.read_v2_drug,medication,antihypertensive,read_v2_drug,gp_scripts,read_2,exact,true,bd8h.,*TRASICOR 80mg tablets,*TRASICOR 80mg tablets,core,prescription_exposure,not applicable,read_v2_drugs_bnf,Mapped BNF code: 02.04.00.00,candidate_requires_pharmacology_review
medication.antihypertensive.read_v2_drug,medication,antihypertensive,read_v2_drug,gp_scripts,read_2,exact,true,bd8i.,*TRASICOR 160mg tablets,*TRASICOR 160mg tablets,core,prescription_exposure,not applicable,read_v2_drugs_bnf,Mapped BNF code: 02.04.00.00,candidate_requires_pharmacology_review
medication.antihypertensive.read_v2_drug,medication,antihypertensive,read_v2_drug,gp_scripts,read_2,exact,true,bd8o.,*OXYPRENIX 160mg m/r tablets,*OXYPRENIX 160mg m/r tablets,core,prescription_exposure,not applicable,read_v2_drugs_bnf,Mapped BNF code: 02.04.00.00,candidate_requires_pharmacology_review
medication.antihypertensive.read_v2_drug,medication,antihypertensive,read_v2_drug,gp_scripts,read_2,exact,true,bd8u.,OXPRENOLOL 160mg m/r tablets,OXPRENOLOL 160mg m/r tablets,core,prescription_exposure,not applicable,read_v2_drugs_bnf,Mapped BNF code: 02.04.00.00,candidate_requires_pharmacology_review
medication.antihypertensive.read_v2_drug,medication,antihypertensive,read_v2_drug,gp_scripts,read_2,exact,true,bd9..,PENBUTOLOL SULPHATE[INGREDIENT],PENBUTOLOL SULPHATE[INGREDIENT],core,prescription_exposure,not applicable,read_v2_drugs_bnf,Mapped BNF code: 02.04.00.00,candidate_requires_pharmacology_review
medication.antihypertensive.read_v2_drug,medication,antihypertensive,read_v2_drug,gp_scripts,read_2,exact,true,bda..,PINDOLOL,PINDOLOL,core,prescription_exposure,not applicable,read_v2_drugs_bnf,Mapped BNF code: 02.04.00.00,candidate_requires_pharmacology_review
medication.antihypertensive.read_v2_drug,medication,antihypertensive,read_v2_drug,gp_scripts,read_2,exact,true,bda1.,VISKEN 5mg tablets,VISKEN 5mg tablets,core,prescription_exposure,not applicable,read_v2_drugs_bnf,Mapped BNF code: 02.04.00.00,candidate_requires_pharmacology_review
medication.antihypertensive.read_v2_drug,medication,antihypertensive,read_v2_drug,gp_scripts,read_2,exact,true,bda2.,VISKEN 15mg tablets,VISKEN 15mg tablets,core,prescription_exposure,not applicable,read_v2_drugs_bnf,Mapped BNF code: 02.04.00.00,candidate_requires_pharmacology_review
medication.antihypertensive.read_v2_drug,medication,antihypertensive,read_v2_drug,gp_scripts,read_2,exact,true,bday.,PINDOLOL 5mg tablets,PINDOLOL 5mg tablets,core,prescription_exposure,not applicable,read_v2_drugs_bnf,Mapped BNF code: 02.04.00.00,candidate_requires_pharmacology_review
medication.antihypertensive.read_v2_drug,medication,antihypertensive,read_v2_drug,gp_scripts,read_2,exact,true,bdaz.,PINDOLOL 15mg tablets,PINDOLOL 15mg tablets,core,prescription_exposure,not applicable,read_v2_drugs_bnf,Mapped BNF code: 02.04.00.00,candidate_requires_pharmacology_review
medication.antihypertensive.read_v2_drug,medication,antihypertensive,read_v2_drug,gp_scripts,read_2,exact,true,bdc..,SOTALOL HYDROCHLORIDE,SOTALOL HYDROCHLORIDE,core,prescription_exposure,not applicable,read_v2_drugs_bnf,Mapped BNF code: 02.04.00.00,candidate_requires_pharmacology_review
medication.antihypertensive.read_v2_drug,medication,antihypertensive,read_v2_drug,gp_scripts,read_2,exact,true,bdc1.,*BETA-CARDONE 40mg tablets,*BETA-CARDONE 40mg tablets,core,prescription_exposure,not applicable,read_v2_drugs_bnf,Mapped BNF code: 02.04.00.00,candidate_requires_pharmacology_review
medication.antihypertensive.read_v2_drug,medication,antihypertensive,read_v2_drug,gp_scripts,read_2,exact,true,bdc2.,BETA-CARDONE 80mg tablets,BETA-CARDONE 80mg tablets,core,prescription_exposure,not applicable,read_v2_drugs_bnf,Mapped BNF code: 02.04.00.00,candidate_requires_pharmacology_review
medication.antihypertensive.read_v2_drug,medication,antihypertensive,read_v2_drug,gp_scripts,read_2,exact,true,bdc3.,BETA-CARDONE 200mg tablets,BETA-CARDONE 200mg tablets,core,prescription_exposure,not applicable,read_v2_drugs_bnf,Mapped BNF code: 02.04.00.00,candidate_requires_pharmacology_review
medication.antihypertensive.read_v2_drug,medication,antihypertensive,read_v2_drug,gp_scripts,read_2,exact,true,bdc4.,SOTACOR 80mg tablets,SOTACOR 80mg tablets,core,prescription_exposure,not applicable,read_v2_drugs_bnf,Mapped BNF code: 02.04.00.00,candidate_requires_pharmacology_review
medication.antihypertensive.read_v2_drug,medication,antihypertensive,read_v2_drug,gp_scripts,read_2,exact,true,bdc5.,*SOTACOR 160mg tablets,*SOTACOR 160mg tablets,core,prescription_exposure,not applicable,read_v2_drugs_bnf,Mapped BNF code: 02.04.00.00,candidate_requires_pharmacology_review
medication.antihypertensive.read_v2_drug,medication,antihypertensive,read_v2_drug,gp_scripts,read_2,exact,true,bdc8.,*SOTACOR 40mg/4mL injection,*SOTACOR 40mg/4mL injection,core,prescription_exposure,not applicable,read_v2_drugs_bnf,Mapped BNF code: 02.04.00.00,candidate_requires_pharmacology_review
medication.antihypertensive.read_v2_drug,medication,antihypertensive,read_v2_drug,gp_scripts,read_2,exact,true,bdcs.,*SOTALOL 40mg/4mL injection,*SOTALOL 40mg/4mL injection,core,prescription_exposure,not applicable,read_v2_drugs_bnf,Mapped BNF code: 02.04.00.00,candidate_requires_pharmacology_review
medication.antihypertensive.read_v2_drug,medication,antihypertensive,read_v2_drug,gp_scripts,read_2,exact,true,bdcu.,SOTALOL 40mg tablets,SOTALOL 40mg tablets,core,prescription_exposure,not applicable,read_v2_drugs_bnf,Mapped BNF code: 02.04.00.00,candidate_requires_pharmacology_review
medication.antihypertensive.read_v2_drug,medication,antihypertensive,read_v2_drug,gp_scripts,read_2,exact,true,bdcv.,SOTALOL 80mg tablets,SOTALOL 80mg tablets,core,prescription_exposure,not applicable,read_v2_drugs_bnf,Mapped BNF code: 02.04.00.00,candidate_requires_pharmacology_review
medication.antihypertensive.read_v2_drug,medication,antihypertensive,read_v2_drug,gp_scripts,read_2,exact,true,bdcw.,SOTALOL 200mg tablets,SOTALOL 200mg tablets,core,prescription_exposure,not applicable,read_v2_drugs_bnf,Mapped BNF code: 02.04.00.00,candidate_requires_pharmacology_review
medication.antihypertensive.read_v2_drug,medication,antihypertensive,read_v2_drug,gp_scripts,read_2,exact,true,bdcx.,SOTALOL 160mg tablets,SOTALOL 160mg tablets,core,prescription_exposure,not applicable,read_v2_drugs_bnf,Mapped BNF code: 02.04.00.00,candidate_requires_pharmacology_review
medication.antihypertensive.read_v2_drug,medication,antihypertensive,read_v2_drug,gp_scripts,read_2,exact,true,bdd..,TIMOLOL MALEATE [B-BLOCKER],TIMOLOL MALEATE [B-BLOCKER],core,prescription_exposure,not applicable,read_v2_drugs_bnf,Mapped BNF code: 02.04.00.00,candidate_requires_pharmacology_review
medication.antihypertensive.read_v2_drug,medication,antihypertensive,read_v2_drug,gp_scripts,read_2,exact,true,bdd1.,*BETIM 10mg tablets,*BETIM 10mg tablets,core,prescription_exposure,not applicable,read_v2_drugs_bnf,Mapped BNF code: 02.04.00.00,candidate_requires_pharmacology_review
medication.antihypertensive.read_v2_drug,medication,antihypertensive,read_v2_drug,gp_scripts,read_2,exact,true,bdd2.,*BLOCADREN 10mg tablets,*BLOCADREN 10mg tablets,core,prescription_exposure,not applicable,read_v2_drugs_bnf,Mapped BNF code: 02.04.00.00,candidate_requires_pharmacology_review
medication.antihypertensive.read_v2_drug,medication,antihypertensive,read_v2_drug,gp_scripts,read_2,exact,true,bddz.,TIMOLOL 10mg tablets,TIMOLOL 10mg tablets,core,prescription_exposure,not applicable,read_v2_drugs_bnf,Mapped BNF code: 02.04.00.00,candidate_requires_pharmacology_review
medication.antihypertensive.read_v2_drug,medication,antihypertensive,read_v2_drug,gp_scripts,read_2,exact,true,bde..,COMPOUND BETA-BLOCKERS,COMPOUND BETA-BLOCKERS,core,prescription_exposure,not applicable,read_v2_drugs_bnf,Mapped BNF code: 02.04.00.00,candidate_requires_pharmacology_review
medication.antihypertensive.read_v2_drug,medication,antihypertensive,read_v2_drug,gp_scripts,read_2,exact,true,bde1.,*CO-BETALOC tablets,*CO-BETALOC tablets,core,prescription_exposure,not applicable,read_v2_drugs_bnf,Mapped BNF code: 02.04.00.00,candidate_requires_pharmacology_review
medication.antihypertensive.read_v2_drug,medication,antihypertensive,read_v2_drug,gp_scripts,read_2,exact,true,bde2.,*CO-BETALOC SA m/r tablets,*CO-BETALOC SA m/r tablets,core,prescription_exposure,not applicable,read_v2_drugs_bnf,Mapped BNF code: 02.04.00.00,candidate_requires_pharmacology_review
medication.antihypertensive.read_v2_drug,medication,antihypertensive,read_v2_drug,gp_scripts,read_2,exact,true,bde3.,*CORGARETIC-40 tablets,*CORGARETIC-40 tablets,core,prescription_exposure,not applicable,read_v2_drugs_bnf,Mapped BNF code: 02.04.00.00,candidate_requires_pharmacology_review
medication.antihypertensive.read_v2_drug,medication,antihypertensive,read_v2_drug,gp_scripts,read_2,exact,true,bde4.,*CORGARETIC-80 tablets,*CORGARETIC-80 tablets,core,prescription_exposure,not applicable,read_v2_drugs_bnf,Mapped BNF code: 02.04.00.00,candidate_requires_pharmacology_review
medication.antihypertensive.read_v2_drug,medication,antihypertensive,read_v2_drug,gp_scripts,read_2,exact,true,bde5.,*INDERETIC capsules,*INDERETIC capsules,core,prescription_exposure,not applicable,read_v2_drugs_bnf,Mapped BNF code: 02.04.00.00,candidate_requires_pharmacology_review
medication.antihypertensive.read_v2_drug,medication,antihypertensive,read_v2_drug,gp_scripts,read_2,exact,true,bde6.,*INDEREX m/r capsules,*INDEREX m/r capsules,core,prescription_exposure,not applicable,read_v2_drugs_bnf,Mapped BNF code: 02.04.00.00,candidate_requires_pharmacology_review
medication.antihypertensive.read_v2_drug,medication,antihypertensive,read_v2_drug,gp_scripts,read_2,exact,true,bde7.,KALTEN capsules,KALTEN capsules,core,prescription_exposure,not applicable,read_v2_drugs_bnf,Mapped BNF code: 02.04.00.00,candidate_requires_pharmacology_review
medication.antihypertensive.read_v2_drug,medication,antihypertensive,read_v2_drug,gp_scripts,read_2,exact,true,bde8.,*LASIPRESSIN tablets,*LASIPRESSIN tablets,core,prescription_exposure,not applicable,read_v2_drugs_bnf,Mapped BNF code: 02.04.00.00,candidate_requires_pharmacology_review
medication.antihypertensive.read_v2_drug,medication,antihypertensive,read_v2_drug,gp_scripts,read_2,exact,true,bde9.,*LOPRESORETIC tablets,*LOPRESORETIC tablets,core,prescription_exposure,not applicable,read_v2_drugs_bnf,Mapped BNF code: 02.04.00.00,candidate_requires_pharmacology_review
medication.antihypertensive.read_v2_drug,medication,antihypertensive,read_v2_drug,gp_scripts,read_2,exact,true,bdeA.,METOPROLOL TART+HYDROCHLOROTHIAZIDE 100mg/12.5mg tablets,METOPROLOL TART+HYDROCHLOROTHIAZIDE 100mg/12.5mg tablets,core,prescription_exposure,not applicable,read_v2_drugs_bnf,Mapped BNF code: 02.04.00.00,candidate_requires_pharmacology_review
medication.antihypertensive.read_v2_drug,medication,antihypertensive,read_v2_drug,gp_scripts,read_2,exact,true,bdeB.,METOPROLOL TART+HYDROCHLOROTHIAZIDE 200mg/25mg m/r tablets,METOPROLOL TART+HYDROCHLOROTHIAZIDE 200mg/25mg m/r tablets,core,prescription_exposure,not applicable,read_v2_drugs_bnf,Mapped BNF code: 02.04.00.00,candidate_requires_pharmacology_review
medication.antihypertensive.read_v2_drug,medication,antihypertensive,read_v2_drug,gp_scripts,read_2,exact,true,bdeC.,METOPROLOL TART+CHLORTHALIDONE 100mg/12.5mg tablets,METOPROLOL TART+CHLORTHALIDONE 100mg/12.5mg tablets,core,prescription_exposure,not applicable,read_v2_drugs_bnf,Mapped BNF code: 02.04.00.00,candidate_requires_pharmacology_review
medication.antihypertensive.read_v2_drug,medication,antihypertensive,read_v2_drug,gp_scripts,read_2,exact,true,bdeD.,NADOLOL+BENDROFLUMETHIAZIDE 40mg/5mg tablets,NADOLOL+BENDROFLUMETHIAZIDE 40mg/5mg tablets,core,prescription_exposure,not applicable,read_v2_drugs_bnf,Mapped BNF code: 02.04.00.00,candidate_requires_pharmacology_review
medication.antihypertensive.read_v2_drug,medication,antihypertensive,read_v2_drug,gp_scripts,read_2,exact,true,bdeE.,NADOLOL+BENDROFLUAZIDE 80mg/5mg tablets,NADOLOL+BENDROFLUAZIDE 80mg/5mg tablets,core,prescription_exposure,not applicable,read_v2_drugs_bnf,Mapped BNF code: 02.04.00.00,candidate_requires_pharmacology_review
medication.antihypertensive.read_v2_drug,medication,antihypertensive,read_v2_drug,gp_scripts,read_2,exact,true,bdeF.,PENBUTOLOL SULPHATE+FRUSEMIDE 40mg/20mg tablets,PENBUTOLOL SULPHATE+FRUSEMIDE 40mg/20mg tablets,core,prescription_exposure,not applicable,read_v2_drugs_bnf,Mapped BNF code: 02.04.00.00,candidate_requires_pharmacology_review
medication.antihypertensive.read_v2_drug,medication,antihypertensive,read_v2_drug,gp_scripts,read_2,exact,true,bdeG.,PINDOLOL+CLOPAMIDE 10mg/5mg tablets,PINDOLOL+CLOPAMIDE 10mg/5mg tablets,core,prescription_exposure,not applicable,read_v2_drugs_bnf,Mapped BNF code: 02.04.00.00,candidate_requires_pharmacology_review
medication.antihypertensive.read_v2_drug,medication,antihypertensive,read_v2_drug,gp_scripts,read_2,exact,true,bdeH.,SOTALOL HCL+HYDROCHLOROTHIAZIDE 160mg/25mg tablets,SOTALOL HCL+HYDROCHLOROTHIAZIDE 160mg/25mg tablets,core,prescription_exposure,not applicable,read_v2_drugs_bnf,Mapped BNF code: 02.04.00.00,candidate_requires_pharmacology_review
medication.antihypertensive.read_v2_drug,medication,antihypertensive,read_v2_drug,gp_scripts,read_2,exact,true,bdeJ.,SOTALOL HCL+HYDROCHLOROTHIAZIDE 80mg/12.5mg tablets,SOTALOL HCL+HYDROCHLOROTHIAZIDE 80mg/12.5mg tablets,core,prescription_exposure,not applicable,read_v2_drugs_bnf,Mapped BNF code: 02.04.00.00,candidate_requires_pharmacology_review
medication.antihypertensive.read_v2_drug,medication,antihypertensive,read_v2_drug,gp_scripts,read_2,exact,true,bdeK.,TIMOLOL MALEATE+CO-AMILOZIDE 10mg/2.5mg/25mg tablets,TIMOLOL MALEATE+CO-AMILOZIDE 10mg/2.5mg/25mg tablets,core,prescription_exposure,not applicable,read_v2_drugs_bnf,Mapped BNF code: 02.04.00.00,candidate_requires_pharmacology_review
medication.antihypertensive.read_v2_drug,medication,antihypertensive,read_v2_drug,gp_scripts,read_2,exact,true,bdeL.,TIMOLOL MALEATE+BENDROFLUMETHIAZIDE 10mg/2.5mg tablets,TIMOLOL MALEATE+BENDROFLUMETHIAZIDE 10mg/2.5mg tablets,core,prescription_exposure,not applicable,read_v2_drugs_bnf,Mapped BNF code: 02.04.00.00,candidate_requires_pharmacology_review
medication.antihypertensive.read_v2_drug,medication,antihypertensive,read_v2_drug,gp_scripts,read_2,exact,true,bdeM.,TIMOLOL MALEATE+BENDROFLUAZIDE 20mg/5mg tablets,TIMOLOL MALEATE+BENDROFLUAZIDE 20mg/5mg tablets,core,prescription_exposure,not applicable,read_v2_drugs_bnf,Mapped BNF code: 02.04.00.00,candidate_requires_pharmacology_review
medication.antihypertensive.read_v2_drug,medication,antihypertensive,read_v2_drug,gp_scripts,read_2,exact,true,bdeN.,TOTARETIC 50mg/12.5mg tablets,TOTARETIC 50mg/12.5mg tablets,core,prescription_exposure,not applicable,read_v2_drugs_bnf,Mapped BNF code: 02.04.00.00,candidate_requires_pharmacology_review
medication.antihypertensive.read_v2_drug,medication,antihypertensive,read_v2_drug,gp_scripts,read_2,exact,true,bdeO.,TOTARETIC 100mg/25mg tablets,TOTARETIC 100mg/25mg tablets,core,prescription_exposure,not applicable,read_v2_drugs_bnf,Mapped BNF code: 02.04.00.00,candidate_requires_pharmacology_review
medication.antihypertensive.read_v2_drug,medication,antihypertensive,read_v2_drug,gp_scripts,read_2,exact,true,bdeP.,ATENOLOL+BENDROFLUAZIDE 25mg/1.25mg capsules,ATENOLOL+BENDROFLUAZIDE 25mg/1.25mg capsules,core,prescription_exposure,not applicable,read_v2_drugs_bnf,Mapped BNF code: 02.04.00.00,candidate_requires_pharmacology_review
medication.antihypertensive.read_v2_drug,medication,antihypertensive,read_v2_drug,gp_scripts,read_2,exact,true,bdeQ.,*TENBEN capsules,*TENBEN capsules,core,prescription_exposure,not applicable,read_v2_drugs_bnf,Mapped BNF code: 02.04.00.00,candidate_requires_pharmacology_review
medication.antihypertensive.read_v2_drug,medication,antihypertensive,read_v2_drug,gp_scripts,read_2,exact,true,bdeR.,COMBITENS m/r capsules,COMBITENS m/r capsules,core,prescription_exposure,not applicable,read_v2_drugs_bnf,Mapped BNF code: 02.04.00.00,candidate_requires_pharmacology_review
medication.antihypertensive.read_v2_drug,medication,antihypertensive,read_v2_drug,gp_scripts,read_2,exact,true,bdea.,*MODUCREN tablets,*MODUCREN tablets,core,prescription_exposure,not applicable,read_v2_drugs_bnf,Mapped BNF code: 02.04.00.00,candidate_requires_pharmacology_review
medication.antihypertensive.read_v2_drug,medication,antihypertensive,read_v2_drug,gp_scripts,read_2,exact,true,bdeb.,PRESTIM tablets,PRESTIM tablets,core,prescription_exposure,not applicable,read_v2_drugs_bnf,Mapped BNF code: 02.04.00.00,candidate_requires_pharmacology_review
medication.antihypertensive.read_v2_drug,medication,antihypertensive,read_v2_drug,gp_scripts,read_2,exact,true,bdec.,*PRESTIM FORTE tablets,*PRESTIM FORTE tablets,core,prescription_exposure,not applicable,read_v2_drugs_bnf,Mapped BNF code: 02.04.00.00,candidate_requires_pharmacology_review
medication.antihypertensive.read_v2_drug,medication,antihypertensive,read_v2_drug,gp_scripts,read_2,exact,true,bded.,*SECADREX tablets,*SECADREX tablets,core,prescription_exposure,not applicable,read_v2_drugs_bnf,Mapped BNF code: 02.04.00.00,candidate_requires_pharmacology_review
medication.antihypertensive.read_v2_drug,medication,antihypertensive,read_v2_drug,gp_scripts,read_2,exact,true,bdee.,*SOTAZIDE tablets,*SOTAZIDE tablets,core,prescription_exposure,not applicable,read_v2_drugs_bnf,Mapped BNF code: 02.04.00.00,candidate_requires_pharmacology_review
medication.antihypertensive.read_v2_drug,medication,antihypertensive,read_v2_drug,gp_scripts,read_2,exact,true,bdeg.,TENORET-50 tablets,TENORET-50 tablets,core,prescription_exposure,not applicable,read_v2_drugs_bnf,Mapped BNF code: 02.04.00.00,candidate_requires_pharmacology_review
medication.antihypertensive.read_v2_drug,medication,antihypertensive,read_v2_drug,gp_scripts,read_2,exact,true,bdeh.,TENORETIC tablets,TENORETIC tablets,core,prescription_exposure,not applicable,read_v2_drugs_bnf,Mapped BNF code: 02.04.00.00,candidate_requires_pharmacology_review
medication.antihypertensive.read_v2_drug,medication,antihypertensive,read_v2_drug,gp_scripts,read_2,exact,true,bdei.,*TOLERZIDE tablets,*TOLERZIDE tablets,core,prescription_exposure,not applicable,read_v2_drugs_bnf,Mapped BNF code: 02.04.00.00,candidate_requires_pharmacology_review
medication.antihypertensive.read_v2_drug,medication,antihypertensive,read_v2_drug,gp_scripts,read_2,exact,true,bdej.,*TRASIDREX tablets,*TRASIDREX tablets,core,prescription_exposure,not applicable,read_v2_drugs_bnf,Mapped BNF code: 02.04.00.00,candidate_requires_pharmacology_review
medication.antihypertensive.read_v2_drug,medication,antihypertensive,read_v2_drug,gp_scripts,read_2,exact,true,bdek.,VISKALDIX tablets,VISKALDIX tablets,core,prescription_exposure,not applicable,read_v2_drugs_bnf,Mapped BNF code: 02.04.00.00,candidate_requires_pharmacology_review
medication.antihypertensive.read_v2_drug,medication,antihypertensive,read_v2_drug,gp_scripts,read_2,exact,true,bdel.,*CO-PRENOZIDE tablets,*CO-PRENOZIDE tablets,core,prescription_exposure,not applicable,read_v2_drugs_bnf,Mapped BNF code: 02.04.00.00,candidate_requires_pharmacology_review
medication.antihypertensive.read_v2_drug,medication,antihypertensive,read_v2_drug,gp_scripts,read_2,exact,true,bdem.,CO-TENIDONE 50/12.5mg tablets,CO-TENIDONE 50/12.5mg tablets,core,prescription_exposure,not applicable,read_v2_drugs_bnf,Mapped BNF code: 02.04.00.00,candidate_requires_pharmacology_review
medication.antihypertensive.read_v2_drug,medication,antihypertensive,read_v2_drug,gp_scripts,read_2,exact,true,bden.,CO-TENIDONE 100/25mg tablets,CO-TENIDONE 100/25mg tablets,core,prescription_exposure,not applicable,read_v2_drugs_bnf,Mapped BNF code: 02.04.00.00,candidate_requires_pharmacology_review
medication.antihypertensive.read_v2_drug,medication,antihypertensive,read_v2_drug,gp_scripts,read_2,exact,true,bdeo.,ATENIXCO 50/12.5mg tablets,ATENIXCO 50/12.5mg tablets,core,prescription_exposure,not applicable,read_v2_drugs_bnf,Mapped BNF code: 02.04.00.00,candidate_requires_pharmacology_review
medication.antihypertensive.read_v2_drug,medication,antihypertensive,read_v2_drug,gp_scripts,read_2,exact,true,bdep.,*ATENIXCO 100/25mg tablets,*ATENIXCO 100/25mg tablets,core,prescription_exposure,not applicable,read_v2_drugs_bnf,Mapped BNF code: 02.04.00.00,candidate_requires_pharmacology_review
medication.antihypertensive.read_v2_drug,medication,antihypertensive,read_v2_drug,gp_scripts,read_2,exact,true,bdeq.,*TENCHLOR 50/12.5mg tablets,*TENCHLOR 50/12.5mg tablets,core,prescription_exposure,not applicable,read_v2_drugs_bnf,Mapped BNF code: 02.04.00.00,candidate_requires_pharmacology_review
medication.antihypertensive.read_v2_drug,medication,antihypertensive,read_v2_drug,gp_scripts,read_2,exact,true,bder.,*TENCHLOR 100/25mg tablets,*TENCHLOR 100/25mg tablets,core,prescription_exposure,not applicable,read_v2_drugs_bnf,Mapped BNF code: 02.04.00.00,candidate_requires_pharmacology_review
medication.antihypertensive.read_v2_drug,medication,antihypertensive,read_v2_drug,gp_scripts,read_2,exact,true,bdes.,*BETA-ADALAT 50/20mg capsules,*BETA-ADALAT 50/20mg capsules,core,prescription_exposure,not applicable,read_v2_drugs_bnf,Mapped BNF code: 02.04.00.00,candidate_requires_pharmacology_review
medication.antihypertensive.read_v2_drug,medication,antihypertensive,read_v2_drug,gp_scripts,read_2,exact,true,bdet.,TENIF 50/20mg capsules,TENIF 50/20mg capsules,core,prescription_exposure,not applicable,read_v2_drugs_bnf,Mapped BNF code: 02.04.00.00,candidate_requires_pharmacology_review
medication.antihypertensive.read_v2_drug,medication,antihypertensive,read_v2_drug,gp_scripts,read_2,exact,true,bdeu.,CO-PRENOZIDE 160/0.25mg m/r tablets,CO-PRENOZIDE 160/0.25mg m/r tablets,core,prescription_exposure,not applicable,read_v2_drugs_bnf,Mapped BNF code: 02.04.00.00,candidate_requires_pharmacology_review
medication.antihypertensive.read_v2_drug,medication,antihypertensive,read_v2_drug,gp_scripts,read_2,exact,true,bdev.,PROPRANOLOL HCL+BENDROFLUAZIDE 80mg/2.5mg capsules,PROPRANOLOL HCL+BENDROFLUAZIDE 80mg/2.5mg capsules,core,prescription_exposure,not applicable,read_v2_drugs_bnf,Mapped BNF code: 02.04.00.00,candidate_requires_pharmacology_review
medication.antihypertensive.read_v2_drug,medication,antihypertensive,read_v2_drug,gp_scripts,read_2,exact,true,bdew.,PROPRANOLOL HCL+BENDROFLUAZIDE 160mg/5mg m/r capsules,PROPRANOLOL HCL+BENDROFLUAZIDE 160mg/5mg m/r capsules,core,prescription_exposure,not applicable,read_v2_drugs_bnf,Mapped BNF code: 02.04.00.00,candidate_requires_pharmacology_review
medication.antihypertensive.read_v2_drug,medication,antihypertensive,read_v2_drug,gp_scripts,read_2,exact,true,bdex.,ACEBUTOLOL+HYDROCHLOROTHIAZIDE 200mg/12.5mg tablets,ACEBUTOLOL+HYDROCHLOROTHIAZIDE 200mg/12.5mg tablets,core,prescription_exposure,not applicable,read_v2_drugs_bnf,Mapped BNF code: 02.04.00.00,candidate_requires_pharmacology_review
medication.antihypertensive.read_v2_drug,medication,antihypertensive,read_v2_drug,gp_scripts,read_2,exact,true,bdey.,ATENOLOL+CO-AMILOZIDE 50mg/2.5mg/25mg capsules,ATENOLOL+CO-AMILOZIDE 50mg/2.5mg/25mg capsules,core,prescription_exposure,not applicable,read_v2_drugs_bnf,Mapped BNF code: 02.04.00.00,candidate_requires_pharmacology_review
medication.antihypertensive.read_v2_drug,medication,antihypertensive,read_v2_drug,gp_scripts,read_2,exact,true,bdez.,ATENOLOL+NIFEDIPINE 50mg/20mg m/r capsules,ATENOLOL+NIFEDIPINE 50mg/20mg m/r capsules,core,prescription_exposure,not applicable,read_v2_drugs_bnf,Mapped BNF code: 02.04.00.00,candidate_requires_pharmacology_review
medication.antihypertensive.read_v2_drug,medication,antihypertensive,read_v2_drug,gp_scripts,read_2,exact,true,bdf..,BISOPROLOL FUMARATE,BISOPROLOL FUMARATE,core,prescription_exposure,not applicable,read_v2_drugs_bnf,Mapped BNF code: 02.04.00.00,candidate_requires_pharmacology_review
medication.antihypertensive.read_v2_drug,medication,antihypertensive,read_v2_drug,gp_scripts,read_2,exact,true,bdf1.,BISOPROLOL FUMARATE 5mg tablets,BISOPROLOL FUMARATE 5mg tablets,core,prescription_exposure,not applicable,read_v2_drugs_bnf,Mapped BNF code: 02.04.00.00,candidate_requires_pharmacology_review
medication.antihypertensive.read_v2_drug,medication,antihypertensive,read_v2_drug,gp_scripts,read_2,exact,true,bdf2.,BISOPROLOL FUMARATE 10mg tablets,BISOPROLOL FUMARATE 10mg tablets,core,prescription_exposure,not applicable,read_v2_drugs_bnf,Mapped BNF code: 02.04.00.00,candidate_requires_pharmacology_review
medication.antihypertensive.read_v2_drug,medication,antihypertensive,read_v2_drug,gp_scripts,read_2,exact,true,bdf3.,*MONOCOR 5mg tablets,*MONOCOR 5mg tablets,core,prescription_exposure,not applicable,read_v2_drugs_bnf,Mapped BNF code: 02.04.00.00,candidate_requires_pharmacology_review
medication.antihypertensive.read_v2_drug,medication,antihypertensive,read_v2_drug,gp_scripts,read_2,exact,true,bdf4.,*MONOCOR 10mg tablets,*MONOCOR 10mg tablets,core,prescription_exposure,not applicable,read_v2_drugs_bnf,Mapped BNF code: 02.04.00.00,candidate_requires_pharmacology_review
medication.antihypertensive.read_v2_drug,medication,antihypertensive,read_v2_drug,gp_scripts,read_2,exact,true,bdf5.,*EMCOR LS 5mg tablets,*EMCOR LS 5mg tablets,core,prescription_exposure,not applicable,read_v2_drugs_bnf,Mapped BNF code: 02.04.00.00,candidate_requires_pharmacology_review
medication.antihypertensive.read_v2_drug,medication,antihypertensive,read_v2_drug,gp_scripts,read_2,exact,true,bdf6.,*EMCOR 10mg tablets,*EMCOR 10mg tablets,core,prescription_exposure,not applicable,read_v2_drugs_bnf,Mapped BNF code: 02.04.00.00,candidate_requires_pharmacology_review
medication.antihypertensive.read_v2_drug,medication,antihypertensive,read_v2_drug,gp_scripts,read_2,exact,true,bdf7.,*MONOZIDE-10 tablets,*MONOZIDE-10 tablets,core,prescription_exposure,not applicable,read_v2_drugs_bnf,Mapped BNF code: 02.04.00.00,candidate_requires_pharmacology_review
medication.antihypertensive.read_v2_drug,medication,antihypertensive,read_v2_drug,gp_scripts,read_2,exact,true,bdf8.,BISOPROLOL FUMARATE+HYDROCHLOROTHIAZIDE 10mg/6.25mg tablets,BISOPROLOL FUMARATE+HYDROCHLOROTHIAZIDE 10mg/6.25mg tablets,core,prescription_exposure,not applicable,read_v2_drugs_bnf,Mapped BNF code: 02.04.00.00,candidate_requires_pharmacology_review
medication.antihypertensive.read_v2_drug,medication,antihypertensive,read_v2_drug,gp_scripts,read_2,exact,true,bdf9.,CARDICOR 1.25mg tablets,CARDICOR 1.25mg tablets,core,prescription_exposure,not applicable,read_v2_drugs_bnf,Mapped BNF code: 02.04.00.00,candidate_requires_pharmacology_review
medication.antihypertensive.read_v2_drug,medication,antihypertensive,read_v2_drug,gp_scripts,read_2,exact,true,bdfA.,CARDICOR 2.5mg tablets,CARDICOR 2.5mg tablets,core,prescription_exposure,not applicable,read_v2_drugs_bnf,Mapped BNF code: 02.04.00.00,candidate_requires_pharmacology_review
medication.antihypertensive.read_v2_drug,medication,antihypertensive,read_v2_drug,gp_scripts,read_2,exact,true,bdfB.,CARDICOR 3.75mg tablets,CARDICOR 3.75mg tablets,core,prescription_exposure,not applicable,read_v2_drugs_bnf,Mapped BNF code: 02.04.00.00,candidate_requires_pharmacology_review
medication.antihypertensive.read_v2_drug,medication,antihypertensive,read_v2_drug,gp_scripts,read_2,exact,true,bdfC.,CARDICOR 5mg tablets,CARDICOR 5mg tablets,core,prescription_exposure,not applicable,read_v2_drugs_bnf,Mapped BNF code: 02.04.00.00,candidate_requires_pharmacology_review
medication.antihypertensive.read_v2_drug,medication,antihypertensive,read_v2_drug,gp_scripts,read_2,exact,true,bdfD.,CARDICOR 7.5mg tablets,CARDICOR 7.5mg tablets,core,prescription_exposure,not applicable,read_v2_drugs_bnf,Mapped BNF code: 02.04.00.00,candidate_requires_pharmacology_review
medication.antihypertensive.read_v2_drug,medication,antihypertensive,read_v2_drug,gp_scripts,read_2,exact,true,bdfE.,CARDICOR 10mg tablets,CARDICOR 10mg tablets,core,prescription_exposure,not applicable,read_v2_drugs_bnf,Mapped BNF code: 02.04.00.00,candidate_requires_pharmacology_review
medication.antihypertensive.read_v2_drug,medication,antihypertensive,read_v2_drug,gp_scripts,read_2,exact,true,bdfF.,*BIPRANIX 5mg tablets,*BIPRANIX 5mg tablets,core,prescription_exposure,not applicable,read_v2_drugs_bnf,Mapped BNF code: 02.04.00.00,candidate_requires_pharmacology_review
medication.antihypertensive.read_v2_drug,medication,antihypertensive,read_v2_drug,gp_scripts,read_2,exact,true,bdfG.,*BIPRANIX 10mg tablets,*BIPRANIX 10mg tablets,core,prescription_exposure,not applicable,read_v2_drugs_bnf,Mapped BNF code: 02.04.00.00,candidate_requires_pharmacology_review
medication.antihypertensive.read_v2_drug,medication,antihypertensive,read_v2_drug,gp_scripts,read_2,exact,true,bdfH.,*SOLOC 5mg tablets,*SOLOC 5mg tablets,core,prescription_exposure,not applicable,read_v2_drugs_bnf,Mapped BNF code: 02.04.00.00,candidate_requires_pharmacology_review
medication.antihypertensive.read_v2_drug,medication,antihypertensive,read_v2_drug,gp_scripts,read_2,exact,true,bdfI.,*SOLOC 10mg tablets,*SOLOC 10mg tablets,core,prescription_exposure,not applicable,read_v2_drugs_bnf,Mapped BNF code: 02.04.00.00,candidate_requires_pharmacology_review
medication.antihypertensive.read_v2_drug,medication,antihypertensive,read_v2_drug,gp_scripts,read_2,exact,true,bdfJ.,VIVACOR 10mg tablets,VIVACOR 10mg tablets,core,prescription_exposure,not applicable,read_v2_drugs_bnf,Mapped BNF code: 02.04.00.00,candidate_requires_pharmacology_review
medication.antihypertensive.read_v2_drug,medication,antihypertensive,read_v2_drug,gp_scripts,read_2,exact,true,bdfK.,VIVACOR 5mg tablets,VIVACOR 5mg tablets,core,prescription_exposure,not applicable,read_v2_drugs_bnf,Mapped BNF code: 02.04.00.00,candidate_requires_pharmacology_review
medication.antihypertensive.read_v2_drug,medication,antihypertensive,read_v2_drug,gp_scripts,read_2,exact,true,bdfL.,CONGESCOR 1.25mg tablets,CONGESCOR 1.25mg tablets,core,prescription_exposure,not applicable,read_v2_drugs_bnf,Mapped BNF code: 02.04.00.00,candidate_requires_pharmacology_review
medication.antihypertensive.read_v2_drug,medication,antihypertensive,read_v2_drug,gp_scripts,read_2,exact,true,bdfM.,CONGESCOR 2.5mg tablets,CONGESCOR 2.5mg tablets,core,prescription_exposure,not applicable,read_v2_drugs_bnf,Mapped BNF code: 02.04.00.00,candidate_requires_pharmacology_review
medication.antihypertensive.read_v2_drug,medication,antihypertensive,read_v2_drug,gp_scripts,read_2,exact,true,bdfw.,BISOPROLOL FUMARATE 1.25mg tablets,BISOPROLOL FUMARATE 1.25mg tablets,core,prescription_exposure,not applicable,read_v2_drugs_bnf,Mapped BNF code: 02.04.00.00,candidate_requires_pharmacology_review
medication.antihypertensive.read_v2_drug,medication,antihypertensive,read_v2_drug,gp_scripts,read_2,exact,true,bdfx.,BISOPROLOL FUMARATE 2.5mg tablets,BISOPROLOL FUMARATE 2.5mg tablets,core,prescription_exposure,not applicable,read_v2_drugs_bnf,Mapped BNF code: 02.04.00.00,candidate_requires_pharmacology_review
medication.antihypertensive.read_v2_drug,medication,antihypertensive,read_v2_drug,gp_scripts,read_2,exact,true,bdfy.,BISOPROLOL FUMARATE 3.75mg tablets,BISOPROLOL FUMARATE 3.75mg tablets,core,prescription_exposure,not applicable,read_v2_drugs_bnf,Mapped BNF code: 02.04.00.00,candidate_requires_pharmacology_review
medication.antihypertensive.read_v2_drug,medication,antihypertensive,read_v2_drug,gp_scripts,read_2,exact,true,bdfz.,BISOPROLOL FUMARATE 7.5mg tablets,BISOPROLOL FUMARATE 7.5mg tablets,core,prescription_exposure,not applicable,read_v2_drugs_bnf,Mapped BNF code: 02.04.00.00,candidate_requires_pharmacology_review
medication.antihypertensive.read_v2_drug,medication,antihypertensive,read_v2_drug,gp_scripts,read_2,exact,true,bdi..,*CARTEOLOL HYDROCHLORIDE,*CARTEOLOL HYDROCHLORIDE,core,prescription_exposure,not applicable,read_v2_drugs_bnf,Mapped BNF code: 02.04.00.00,candidate_requires_pharmacology_review
medication.antihypertensive.read_v2_drug,medication,antihypertensive,read_v2_drug,gp_scripts,read_2,exact,true,bdi1.,*CARTEOLOL 10mg tablets,*CARTEOLOL 10mg tablets,core,prescription_exposure,not applicable,read_v2_drugs_bnf,Mapped BNF code: 02.04.00.00,candidate_requires_pharmacology_review
medication.antihypertensive.read_v2_drug,medication,antihypertensive,read_v2_drug,gp_scripts,read_2,exact,true,bdi2.,*CARTROL 10mg tablets,*CARTROL 10mg tablets,core,prescription_exposure,not applicable,read_v2_drugs_bnf,Mapped BNF code: 02.04.00.00,candidate_requires_pharmacology_review
medication.antihypertensive.read_v2_drug,medication,antihypertensive,read_v2_drug,gp_scripts,read_2,exact,true,bdj..,CELIPROLOL HYDROCHLORIDE,CELIPROLOL HYDROCHLORIDE,core,prescription_exposure,not applicable,read_v2_drugs_bnf,Mapped BNF code: 02.04.00.00,candidate_requires_pharmacology_review
medication.antihypertensive.read_v2_drug,medication,antihypertensive,read_v2_drug,gp_scripts,read_2,exact,true,bdj1.,CELIPROLOL 200mg tablets,CELIPROLOL 200mg tablets,core,prescription_exposure,not applicable,read_v2_drugs_bnf,Mapped BNF code: 02.04.00.00,candidate_requires_pharmacology_review
medication.antihypertensive.read_v2_drug,medication,antihypertensive,read_v2_drug,gp_scripts,read_2,exact,true,bdj2.,CELECTOL 200mg tablets 28-CP,CELECTOL 200mg tablets 28-CP,core,prescription_exposure,not applicable,read_v2_drugs_bnf,Mapped BNF code: 02.04.00.00,candidate_requires_pharmacology_review
medication.antihypertensive.read_v2_drug,medication,antihypertensive,read_v2_drug,gp_scripts,read_2,exact,true,bdj3.,CELECTOL 200mg tablets,CELECTOL 200mg tablets,core,prescription_exposure,not applicable,read_v2_drugs_bnf,Mapped BNF code: 02.04.00.00,candidate_requires_pharmacology_review
medication.antihypertensive.read_v2_drug,medication,antihypertensive,read_v2_drug,gp_scripts,read_2,exact,true,bdj4.,CELIPROLOL 400mg tablets,CELIPROLOL 400mg tablets,core,prescription_exposure,not applicable,read_v2_drugs_bnf,Mapped BNF code: 02.04.00.00,candidate_requires_pharmacology_review
medication.antihypertensive.read_v2_drug,medication,antihypertensive,read_v2_drug,gp_scripts,read_2,exact,true,bdj5.,CELECTOL 400mg tablets,CELECTOL 400mg tablets,core,prescription_exposure,not applicable,read_v2_drugs_bnf,Mapped BNF code: 02.04.00.00,candidate_requires_pharmacology_review
medication.antihypertensive.read_v2_drug,medication,antihypertensive,read_v2_drug,gp_scripts,read_2,exact,true,bdk..,ESMOLOL HYDROCHLORIDE,ESMOLOL HYDROCHLORIDE,core,prescription_exposure,not applicable,read_v2_drugs_bnf,Mapped BNF code: 02.04.00.00,candidate_requires_pharmacology_review
medication.antihypertensive.read_v2_drug,medication,antihypertensive,read_v2_drug,gp_scripts,read_2,exact,true,bdk1.,ESMOLOL HCL 2.5g/10mL injection,ESMOLOL HCL 2.5g/10mL injection,core,prescription_exposure,not applicable,read_v2_drugs_bnf,Mapped BNF code: 02.04.00.00,candidate_requires_pharmacology_review
medication.antihypertensive.read_v2_drug,medication,antihypertensive,read_v2_drug,gp_scripts,read_2,exact,true,bdk2.,ESMOLOL HCL 100mg/10mL injection,ESMOLOL HCL 100mg/10mL injection,core,prescription_exposure,not applicable,read_v2_drugs_bnf,Mapped BNF code: 02.04.00.00,candidate_requires_pharmacology_review
medication.antihypertensive.read_v2_drug,medication,antihypertensive,read_v2_drug,gp_scripts,read_2,exact,true,bdk3.,BREVIBLOC CONCENTRATE 2.5g/10mL injection,BREVIBLOC CONCENTRATE 2.5g/10mL injection,core,prescription_exposure,not applicable,read_v2_drugs_bnf,Mapped BNF code: 02.04.00.00,candidate_requires_pharmacology_review
medication.antihypertensive.read_v2_drug,medication,antihypertensive,read_v2_drug,gp_scripts,read_2,exact,true,bdk4.,BREVIBLOC 100mg/10mL injection,BREVIBLOC 100mg/10mL injection,core,prescription_exposure,not applicable,read_v2_drugs_bnf,Mapped BNF code: 02.04.00.00,candidate_requires_pharmacology_review
medication.antihypertensive.read_v2_drug,medication,antihypertensive,read_v2_drug,gp_scripts,read_2,exact,true,bdk5.,ESMOLOL HYDROCHLORIDE 10mg/mL infusion solution,ESMOLOL HYDROCHLORIDE 10mg/mL infusion solution,core,prescription_exposure,not applicable,read_v2_drugs_bnf,Mapped BNF code: 02.04.00.00,candidate_requires_pharmacology_review
medication.antihypertensive.read_v2_drug,medication,antihypertensive,read_v2_drug,gp_scripts,read_2,exact,true,bdk6.,BREVIBLOC 10mg/mL infusion solution,BREVIBLOC 10mg/mL infusion solution,core,prescription_exposure,not applicable,read_v2_drugs_bnf,Mapped BNF code: 02.04.00.00,candidate_requires_pharmacology_review
medication.antihypertensive.read_v2_drug,medication,antihypertensive,read_v2_drug,gp_scripts,read_2,exact,true,bdk7.,ESMOLOL HYDROCHLORIDE 2.5g powder for solution for injection,ESMOLOL HYDROCHLORIDE 2.5g powder for solution for injection,core,prescription_exposure,not applicable,read_v2_drugs_bnf,Mapped BNF code: 02.04.00.00,candidate_requires_pharmacology_review
medication.antihypertensive.read_v2_drug,medication,antihypertensive,read_v2_drug,gp_scripts,read_2,exact,true,bdl..,CARVEDILOL,CARVEDILOL,core,prescription_exposure,not applicable,read_v2_drugs_bnf,Mapped BNF code: 02.04.00.00,candidate_requires_pharmacology_review
medication.antihypertensive.read_v2_drug,medication,antihypertensive,read_v2_drug,gp_scripts,read_2,exact,true,bdl1.,*EUCARDIC 12.5 tablets,*EUCARDIC 12.5 tablets,core,prescription_exposure,not applicable,read_v2_drugs_bnf,Mapped BNF code: 02.04.00.00,candidate_requires_pharmacology_review
medication.antihypertensive.read_v2_drug,medication,antihypertensive,read_v2_drug,gp_scripts,read_2,exact,true,bdl2.,*EUCARDIC 25 tablets,*EUCARDIC 25 tablets,core,prescription_exposure,not applicable,read_v2_drugs_bnf,Mapped BNF code: 02.04.00.00,candidate_requires_pharmacology_review
medication.antihypertensive.read_v2_drug,medication,antihypertensive,read_v2_drug,gp_scripts,read_2,exact,true,bdl3.,CARVEDILOL 12.5mg tablets,CARVEDILOL 12.5mg tablets,core,prescription_exposure,not applicable,read_v2_drugs_bnf,Mapped BNF code: 02.04.00.00,candidate_requires_pharmacology_review
medication.antihypertensive.read_v2_drug,medication,antihypertensive,read_v2_drug,gp_scripts,read_2,exact,true,bdl4.,CARVEDILOL 25mg tablets,CARVEDILOL 25mg tablets,core,prescription_exposure,not applicable,read_v2_drugs_bnf,Mapped BNF code: 02.04.00.00,candidate_requires_pharmacology_review
medication.antihypertensive.read_v2_drug,medication,antihypertensive,read_v2_drug,gp_scripts,read_2,exact,true,bdl5.,CARVEDILOL 3.125mg tablets,CARVEDILOL 3.125mg tablets,core,prescription_exposure,not applicable,read_v2_drugs_bnf,Mapped BNF code: 02.04.00.00,candidate_requires_pharmacology_review
medication.antihypertensive.read_v2_drug,medication,antihypertensive,read_v2_drug,gp_scripts,read_2,exact,true,bdl6.,CARVEDILOL 6.25mg tablets,CARVEDILOL 6.25mg tablets,core,prescription_exposure,not applicable,read_v2_drugs_bnf,Mapped BNF code: 02.04.00.00,candidate_requires_pharmacology_review
medication.antihypertensive.read_v2_drug,medication,antihypertensive,read_v2_drug,gp_scripts,read_2,exact,true,bdl7.,*EUCARDIC 3.125 tablets,*EUCARDIC 3.125 tablets,core,prescription_exposure,not applicable,read_v2_drugs_bnf,Mapped BNF code: 02.04.00.00,candidate_requires_pharmacology_review
medication.antihypertensive.read_v2_drug,medication,antihypertensive,read_v2_drug,gp_scripts,read_2,exact,true,bdl8.,*EUCARDIC 6.25 tablets,*EUCARDIC 6.25 tablets,core,prescription_exposure,not applicable,read_v2_drugs_bnf,Mapped BNF code: 02.04.00.00,candidate_requires_pharmacology_review
medication.antihypertensive.read_v2_drug,medication,antihypertensive,read_v2_drug,gp_scripts,read_2,exact,true,bdm..,NEBIVOLOL,NEBIVOLOL,core,prescription_exposure,not applicable,read_v2_drugs_bnf,Mapped BNF code: 02.04.00.00,candidate_requires_pharmacology_review
medication.antihypertensive.read_v2_drug,medication,antihypertensive,read_v2_drug,gp_scripts,read_2,exact,true,bdm1.,NEBILET 5mg tablets,NEBILET 5mg tablets,core,prescription_exposure,not applicable,read_v2_drugs_bnf,Mapped BNF code: 02.04.00.00,candidate_requires_pharmacology_review
medication.antihypertensive.read_v2_drug,medication,antihypertensive,read_v2_drug,gp_scripts,read_2,exact,true,bdm2.,HYPOLOC 5mg tablets,HYPOLOC 5mg tablets,core,prescription_exposure,not applicable,read_v2_drugs_bnf,Mapped BNF code: 02.04.00.00,candidate_requires_pharmacology_review
medication.antihypertensive.read_v2_drug,medication,antihypertensive,read_v2_drug,gp_scripts,read_2,exact,true,bdmy.,NEBIVOLOL 2.5mg tablets,NEBIVOLOL 2.5mg tablets,core,prescription_exposure,not applicable,read_v2_drugs_bnf,Mapped BNF code: 02.04.00.00,candidate_requires_pharmacology_review
medication.antihypertensive.read_v2_drug,medication,antihypertensive,read_v2_drug,gp_scripts,read_2,exact,true,bdmz.,NEBIVOLOL 5mg tablets,NEBIVOLOL 5mg tablets,core,prescription_exposure,not applicable,read_v2_drugs_bnf,Mapped BNF code: 02.04.00.00,candidate_requires_pharmacology_review
medication.antihypertensive.read_v2_drug,medication,antihypertensive,read_v2_drug,gp_scripts,read_2,exact,true,bdn..,PROPRANOLOL HYDROCHLORIDE [2],PROPRANOLOL HYDROCHLORIDE [2],core,prescription_exposure,not applicable,read_v2_drugs_bnf,Mapped BNF code: 02.04.00.00,candidate_requires_pharmacology_review
medication.antihypertensive.read_v2_drug,medication,antihypertensive,read_v2_drug,gp_scripts,read_2,exact,true,bdn1.,SYPROL 50mg/5mL oral solution,SYPROL 50mg/5mL oral solution,core,prescription_exposure,not applicable,read_v2_drugs_bnf,Mapped BNF code: 02.04.00.00,candidate_requires_pharmacology_review
medication.antihypertensive.read_v2_drug,medication,antihypertensive,read_v2_drug,gp_scripts,read_2,exact,true,bdn2.,BEDRANOL SR 80mg m/r capsules,BEDRANOL SR 80mg m/r capsules,core,prescription_exposure,not applicable,read_v2_drugs_bnf,Mapped BNF code: 02.04.00.00,candidate_requires_pharmacology_review
medication.antihypertensive.read_v2_drug,medication,antihypertensive,read_v2_drug,gp_scripts,read_2,exact,true,bdn3.,*RAPRANOL SR 80mg m/r capsules,*RAPRANOL SR 80mg m/r capsules,core,prescription_exposure,not applicable,read_v2_drugs_bnf,Mapped BNF code: 02.04.00.00,candidate_requires_pharmacology_review
medication.antihypertensive.read_v2_drug,medication,antihypertensive,read_v2_drug,gp_scripts,read_2,exact,true,bdn4.,RAPRANOL SR 160mg m/r capsules,RAPRANOL SR 160mg m/r capsules,core,prescription_exposure,not applicable,read_v2_drugs_bnf,Mapped BNF code: 02.04.00.00,candidate_requires_pharmacology_review
medication.antihypertensive.read_v2_drug,medication,antihypertensive,read_v2_drug,gp_scripts,read_2,exact,true,bdn5.,SYPROL 40mg/5mL oral solution,SYPROL 40mg/5mL oral solution,core,prescription_exposure,not applicable,read_v2_drugs_bnf,Mapped BNF code: 02.04.00.00,candidate_requires_pharmacology_review
medication.antihypertensive.read_v2_drug,medication,antihypertensive,read_v2_drug,gp_scripts,read_2,exact,true,bdn6.,PROPRANOLOL HYDROCHLORIDE 40mg/5mL sugar free oral solution,PROPRANOLOL HYDROCHLORIDE 40mg/5mL sugar free oral solution,core,prescription_exposure,not applicable,read_v2_drugs_bnf,Mapped BNF code: 02.04.00.00,candidate_requires_pharmacology_review
medication.antihypertensive.read_v2_drug,medication,antihypertensive,read_v2_drug,gp_scripts,read_2,exact,true,be...,VASODILATOR ANTIHYPERTENSIVES,VASODILATOR ANTIHYPERTENSIVES,core,prescription_exposure,not applicable,read_v2_drugs_bnf,Mapped BNF code: 02.05.01.00,candidate_requires_pharmacology_review
medication.antihypertensive.read_v2_drug,medication,antihypertensive,read_v2_drug,gp_scripts,read_2,exact,true,be1..,DIAZOXIDE [CARDIOVASCULAR USE],DIAZOXIDE [CARDIOVASCULAR USE],core,prescription_exposure,not applicable,read_v2_drugs_bnf,Mapped BNF code: 02.05.01.00,candidate_requires_pharmacology_review
medication.antihypertensive.read_v2_drug,medication,antihypertensive,read_v2_drug,gp_scripts,read_2,exact,true,be11.,EUDEMINE 300mg/20mL injection,EUDEMINE 300mg/20mL injection,core,prescription_exposure,not applicable,read_v2_drugs_bnf,Mapped BNF code: 02.05.01.00,candidate_requires_pharmacology_review
medication.antihypertensive.read_v2_drug,medication,antihypertensive,read_v2_drug,gp_scripts,read_2,exact,true,be1z.,DIAZOXIDE 300mg/20mL injection,DIAZOXIDE 300mg/20mL injection,core,prescription_exposure,not applicable,read_v2_drugs_bnf,Mapped BNF code: 02.05.01.00,candidate_requires_pharmacology_review
medication.antihypertensive.read_v2_drug,medication,antihypertensive,read_v2_drug,gp_scripts,read_2,exact,true,be2..,HYDRALAZINE HYDROCHLORIDE,HYDRALAZINE HYDROCHLORIDE,core,prescription_exposure,not applicable,read_v2_drugs_bnf,Mapped BNF code: 02.05.01.00,candidate_requires_pharmacology_review
medication.antihypertensive.read_v2_drug,medication,antihypertensive,read_v2_drug,gp_scripts,read_2,exact,true,be21.,APRESOLINE 25mg tablets,APRESOLINE 25mg tablets,core,prescription_exposure,not applicable,read_v2_drugs_bnf,Mapped BNF code: 02.05.01.00,candidate_requires_pharmacology_review
medication.antihypertensive.read_v2_drug,medication,antihypertensive,read_v2_drug,gp_scripts,read_2,exact,true,be22.,*APRESOLINE 50mg tablets,*APRESOLINE 50mg tablets,core,prescription_exposure,not applicable,read_v2_drugs_bnf,Mapped BNF code: 02.05.01.00,candidate_requires_pharmacology_review
medication.antihypertensive.read_v2_drug,medication,antihypertensive,read_v2_drug,gp_scripts,read_2,exact,true,be23.,APRESOLINE 20mg injection,APRESOLINE 20mg injection,core,prescription_exposure,not applicable,read_v2_drugs_bnf,Mapped BNF code: 02.05.01.00,candidate_requires_pharmacology_review
medication.antihypertensive.read_v2_drug,medication,antihypertensive,read_v2_drug,gp_scripts,read_2,exact,true,be2x.,HYDRALAZINE HYDROCHLORIDE 25mg tablets,HYDRALAZINE HYDROCHLORIDE 25mg tablets,core,prescription_exposure,not applicable,read_v2_drugs_bnf,Mapped BNF code: 02.05.01.00,candidate_requires_pharmacology_review
medication.antihypertensive.read_v2_drug,medication,antihypertensive,read_v2_drug,gp_scripts,read_2,exact,true,be2y.,HYDRALAZINE HYDROCHLORIDE 50mg tablets,HYDRALAZINE HYDROCHLORIDE 50mg tablets,core,prescription_exposure,not applicable,read_v2_drugs_bnf,Mapped BNF code: 02.05.01.00,candidate_requires_pharmacology_review
medication.antihypertensive.read_v2_drug,medication,antihypertensive,read_v2_drug,gp_scripts,read_2,exact,true,be2z.,HYDRALAZINE HYDROCHLORIDE 20mg injection,HYDRALAZINE HYDROCHLORIDE 20mg injection,core,prescription_exposure,not applicable,read_v2_drugs_bnf,Mapped BNF code: 02.05.01.00,candidate_requires_pharmacology_review
medication.antihypertensive.read_v2_drug,medication,antihypertensive,read_v2_drug,gp_scripts,read_2,exact,true,be3..,MINOXIDIL,MINOXIDIL,core,prescription_exposure,not applicable,read_v2_drugs_bnf,Mapped BNF code: 02.05.01.00,candidate_requires_pharmacology_review
medication.antihypertensive.read_v2_drug,medication,antihypertensive,read_v2_drug,gp_scripts,read_2,exact,true,be31.,LONITEN 2.5mg tablets,LONITEN 2.5mg tablets,core,prescription_exposure,not applicable,read_v2_drugs_bnf,Mapped BNF code: 02.05.01.00,candidate_requires_pharmacology_review
medication.antihypertensive.read_v2_drug,medication,antihypertensive,read_v2_drug,gp_scripts,read_2,exact,true,be32.,LONITEN 5mg tablets,LONITEN 5mg tablets,core,prescription_exposure,not applicable,read_v2_drugs_bnf,Mapped BNF code: 02.05.01.00,candidate_requires_pharmacology_review
medication.antihypertensive.read_v2_drug,medication,antihypertensive,read_v2_drug,gp_scripts,read_2,exact,true,be33.,LONITEN 10mg tablets,LONITEN 10mg tablets,core,prescription_exposure,not applicable,read_v2_drugs_bnf,Mapped BNF code: 02.05.01.00,candidate_requires_pharmacology_review
medication.antihypertensive.read_v2_drug,medication,antihypertensive,read_v2_drug,gp_scripts,read_2,exact,true,be3x.,MINOXIDIL 2.5mg tablets,MINOXIDIL 2.5mg tablets,core,prescription_exposure,not applicable,read_v2_drugs_bnf,Mapped BNF code: 02.05.01.00,candidate_requires_pharmacology_review
medication.antihypertensive.read_v2_drug,medication,antihypertensive,read_v2_drug,gp_scripts,read_2,exact,true,be3y.,MINOXIDIL 5mg tablets,MINOXIDIL 5mg tablets,core,prescription_exposure,not applicable,read_v2_drugs_bnf,Mapped BNF code: 02.05.01.00,candidate_requires_pharmacology_review
medication.antihypertensive.read_v2_drug,medication,antihypertensive,read_v2_drug,gp_scripts,read_2,exact,true,be3z.,MINOXIDIL 10mg tablets,MINOXIDIL 10mg tablets,core,prescription_exposure,not applicable,read_v2_drugs_bnf,Mapped BNF code: 02.05.01.00,candidate_requires_pharmacology_review
medication.antihypertensive.read_v2_drug,medication,antihypertensive,read_v2_drug,gp_scripts,read_2,exact,true,be4..,SODIUM NITROPRUSSIDE,SODIUM NITROPRUSSIDE,core,prescription_exposure,not applicable,read_v2_drugs_bnf,Mapped BNF code: 02.05.01.00,candidate_requires_pharmacology_review
medication.antihypertensive.read_v2_drug,medication,antihypertensive,read_v2_drug,gp_scripts,read_2,exact,true,be41.,NIPRIDE 50mg intravenous infusion,NIPRIDE 50mg intravenous infusion,core,prescription_exposure,not applicable,read_v2_drugs_bnf,Mapped BNF code: 02.05.01.00,candidate_requires_pharmacology_review
medication.antihypertensive.read_v2_drug,medication,antihypertensive,read_v2_drug,gp_scripts,read_2,exact,true,be4y.,SODIUM NITROPRUSSIDE 50mg injection (pdr for recon),SODIUM NITROPRUSSIDE 50mg injection (pdr for recon),core,prescription_exposure,not applicable,read_v2_drugs_bnf,Mapped BNF code: 02.05.01.00,candidate_requires_pharmacology_review
medication.antihypertensive.read_v2_drug,medication,antihypertensive,read_v2_drug,gp_scripts,read_2,exact,true,be4z.,SOD NITROPRUSSIDE 50mg/5mL intravenous infusion,SOD NITROPRUSSIDE 50mg/5mL intravenous infusion,core,prescription_exposure,not applicable,read_v2_drugs_bnf,Mapped BNF code: 02.05.01.00,candidate_requires_pharmacology_review
medication.antihypertensive.read_v2_drug,medication,antihypertensive,read_v2_drug,gp_scripts,read_2,exact,true,bf...,CENTRAL ANTIHYPERTENSIVES,CENTRAL ANTIHYPERTENSIVES,core,prescription_exposure,not applicable,read_v2_drugs_bnf,Mapped BNF code: 02.05.02.00,candidate_requires_pharmacology_review
medication.antihypertensive.read_v2_drug,medication,antihypertensive,read_v2_drug,gp_scripts,read_2,exact,true,bf1..,CLONIDINE HYDROCHLORIDE [ANTIHYPERTENSIVE],CLONIDINE HYDROCHLORIDE [ANTIHYPERTENSIVE],core,prescription_exposure,not applicable,read_v2_drugs_bnf,Mapped BNF code: 02.05.02.00,candidate_requires_pharmacology_review
medication.antihypertensive.read_v2_drug,medication,antihypertensive,read_v2_drug,gp_scripts,read_2,exact,true,bf11.,CATAPRES 100micrograms tablets,CATAPRES 100micrograms tablets,core,prescription_exposure,not applicable,read_v2_drugs_bnf,Mapped BNF code: 02.05.02.00,candidate_requires_pharmacology_review
medication.antihypertensive.read_v2_drug,medication,antihypertensive,read_v2_drug,gp_scripts,read_2,exact,true,bf12.,CATAPRES 300micrograms tablets,CATAPRES 300micrograms tablets,core,prescription_exposure,not applicable,read_v2_drugs_bnf,Mapped BNF code: 02.05.02.00,candidate_requires_pharmacology_review
medication.antihypertensive.read_v2_drug,medication,antihypertensive,read_v2_drug,gp_scripts,read_2,exact,true,bf13.,CATAPRES PERLONGETS 250microgram m/r capsules,CATAPRES PERLONGETS 250microgram m/r capsules,core,prescription_exposure,not applicable,read_v2_drugs_bnf,Mapped BNF code: 02.05.02.00,candidate_requires_pharmacology_review
medication.antihypertensive.read_v2_drug,medication,antihypertensive,read_v2_drug,gp_scripts,read_2,exact,true,bf14.,CATAPRES 150micrograms/mL injection,CATAPRES 150micrograms/mL injection,core,prescription_exposure,not applicable,read_v2_drugs_bnf,Mapped BNF code: 02.05.02.00,candidate_requires_pharmacology_review
medication.antihypertensive.read_v2_drug,medication,antihypertensive,read_v2_drug,gp_scripts,read_2,exact,true,bf1w.,CLONIDINE 100microgram tablets,CLONIDINE 100microgram tablets,core,prescription_exposure,not applicable,read_v2_drugs_bnf,Mapped BNF code: 02.05.02.00,candidate_requires_pharmacology_review
medication.antihypertensive.read_v2_drug,medication,antihypertensive,read_v2_drug,gp_scripts,read_2,exact,true,bf1x.,CLONIDINE 300micrograms tablets,CLONIDINE 300micrograms tablets,core,prescription_exposure,not applicable,read_v2_drugs_bnf,Mapped BNF code: 02.05.02.00,candidate_requires_pharmacology_review
medication.antihypertensive.read_v2_drug,medication,antihypertensive,read_v2_drug,gp_scripts,read_2,exact,true,bf1y.,CLONIDINE 250microgram m/r capsules,CLONIDINE 250microgram m/r capsules,core,prescription_exposure,not applicable,read_v2_drugs_bnf,Mapped BNF code: 02.05.02.00,candidate_requires_pharmacology_review
medication.antihypertensive.read_v2_drug,medication,antihypertensive,read_v2_drug,gp_scripts,read_2,exact,true,bf1z.,CLONIDINE 150microgram/mL injection,CLONIDINE 150microgram/mL injection,core,prescription_exposure,not applicable,read_v2_drugs_bnf,Mapped BNF code: 02.05.02.00,candidate_requires_pharmacology_review
medication.antihypertensive.read_v2_drug,medication,antihypertensive,read_v2_drug,gp_scripts,read_2,exact,true,bf2..,METHYLDOPA,METHYLDOPA,core,prescription_exposure,not applicable,read_v2_drugs_bnf,Mapped BNF code: 02.05.02.00,candidate_requires_pharmacology_review
medication.antihypertensive.read_v2_drug,medication,antihypertensive,read_v2_drug,gp_scripts,read_2,exact,true,bf21.,METHYLDOPA 125mg tablets,METHYLDOPA 125mg tablets,core,prescription_exposure,not applicable,read_v2_drugs_bnf,Mapped BNF code: 02.05.02.00,candidate_requires_pharmacology_review
medication.antihypertensive.read_v2_drug,medication,antihypertensive,read_v2_drug,gp_scripts,read_2,exact,true,bf22.,METHYLDOPA 250mg tablets,METHYLDOPA 250mg tablets,core,prescription_exposure,not applicable,read_v2_drugs_bnf,Mapped BNF code: 02.05.02.00,candidate_requires_pharmacology_review
medication.antihypertensive.read_v2_drug,medication,antihypertensive,read_v2_drug,gp_scripts,read_2,exact,true,bf23.,METHYLDOPA 500mg tablets,METHYLDOPA 500mg tablets,core,prescription_exposure,not applicable,read_v2_drugs_bnf,Mapped BNF code: 02.05.02.00,candidate_requires_pharmacology_review
medication.antihypertensive.read_v2_drug,medication,antihypertensive,read_v2_drug,gp_scripts,read_2,exact,true,bf24.,*ALDOMET 125mg tablets,*ALDOMET 125mg tablets,core,prescription_exposure,not applicable,read_v2_drugs_bnf,Mapped BNF code: 02.05.02.00,candidate_requires_pharmacology_review
medication.antihypertensive.read_v2_drug,medication,antihypertensive,read_v2_drug,gp_scripts,read_2,exact,true,bf25.,ALDOMET 250mg tablets,ALDOMET 250mg tablets,core,prescription_exposure,not applicable,read_v2_drugs_bnf,Mapped BNF code: 02.05.02.00,candidate_requires_pharmacology_review
medication.antihypertensive.read_v2_drug,medication,antihypertensive,read_v2_drug,gp_scripts,read_2,exact,true,bf26.,ALDOMET 500mg tablets,ALDOMET 500mg tablets,core,prescription_exposure,not applicable,read_v2_drugs_bnf,Mapped BNF code: 02.05.02.00,candidate_requires_pharmacology_review
medication.antihypertensive.read_v2_drug,medication,antihypertensive,read_v2_drug,gp_scripts,read_2,exact,true,bf27.,ALDOMET 250mg/5mL oral mixture,ALDOMET 250mg/5mL oral mixture,core,prescription_exposure,not applicable,read_v2_drugs_bnf,Mapped BNF code: 02.05.02.00,candidate_requires_pharmacology_review
medication.antihypertensive.read_v2_drug,medication,antihypertensive,read_v2_drug,gp_scripts,read_2,exact,true,bf28.,*ALDOMET 250mg/5mL injection,*ALDOMET 250mg/5mL injection,core,prescription_exposure,not applicable,read_v2_drugs_bnf,Mapped BNF code: 02.05.02.00,candidate_requires_pharmacology_review
medication.antihypertensive.read_v2_drug,medication,antihypertensive,read_v2_drug,gp_scripts,read_2,exact,true,bf29.,*DOPAMET 125mg tablets,*DOPAMET 125mg tablets,core,prescription_exposure,not applicable,read_v2_drugs_bnf,Mapped BNF code: 02.05.02.00,candidate_requires_pharmacology_review
medication.antihypertensive.read_v2_drug,medication,antihypertensive,read_v2_drug,gp_scripts,read_2,exact,true,bf2a.,*DOPAMET 250mg tablets,*DOPAMET 250mg tablets,core,prescription_exposure,not applicable,read_v2_drugs_bnf,Mapped BNF code: 02.05.02.00,candidate_requires_pharmacology_review
medication.antihypertensive.read_v2_drug,medication,antihypertensive,read_v2_drug,gp_scripts,read_2,exact,true,bf2b.,*DOPAMET 500mg tablets,*DOPAMET 500mg tablets,core,prescription_exposure,not applicable,read_v2_drugs_bnf,Mapped BNF code: 02.05.02.00,candidate_requires_pharmacology_review
medication.antihypertensive.read_v2_drug,medication,antihypertensive,read_v2_drug,gp_scripts,read_2,exact,true,bf2c.,MEDOMET 250mg capsules,MEDOMET 250mg capsules,core,prescription_exposure,not applicable,read_v2_drugs_bnf,Mapped BNF code: 02.05.02.00,candidate_requires_pharmacology_review
medication.antihypertensive.read_v2_drug,medication,antihypertensive,read_v2_drug,gp_scripts,read_2,exact,true,bf2d.,MEDOMET 250mg tablets,MEDOMET 250mg tablets,core,prescription_exposure,not applicable,read_v2_drugs_bnf,Mapped BNF code: 02.05.02.00,candidate_requires_pharmacology_review
medication.antihypertensive.read_v2_drug,medication,antihypertensive,read_v2_drug,gp_scripts,read_2,exact,true,bf2e.,MEDOMET 500mg tablets,MEDOMET 500mg tablets,core,prescription_exposure,not applicable,read_v2_drugs_bnf,Mapped BNF code: 02.05.02.00,candidate_requires_pharmacology_review
medication.antihypertensive.read_v2_drug,medication,antihypertensive,read_v2_drug,gp_scripts,read_2,exact,true,bf2f.,*HYDROMET tablets,*HYDROMET tablets,core,prescription_exposure,not applicable,read_v2_drugs_bnf,Mapped BNF code: 02.05.02.00,candidate_requires_pharmacology_review
medication.antihypertensive.read_v2_drug,medication,antihypertensive,read_v2_drug,gp_scripts,read_2,exact,true,bf2g.,*METALPHA 250mg tablets,*METALPHA 250mg tablets,core,prescription_exposure,not applicable,read_v2_drugs_bnf,Mapped BNF code: 02.05.02.00,candidate_requires_pharmacology_review
medication.antihypertensive.read_v2_drug,medication,antihypertensive,read_v2_drug,gp_scripts,read_2,exact,true,bf2h.,*METALPHA 500mg tablets,*METALPHA 500mg tablets,core,prescription_exposure,not applicable,read_v2_drugs_bnf,Mapped BNF code: 02.05.02.00,candidate_requires_pharmacology_review
medication.antihypertensive.read_v2_drug,medication,antihypertensive,read_v2_drug,gp_scripts,read_2,exact,true,bf2j.,METHYLDOPA+HYDROCHLOROTHIAZIDE 250mg/15mg tablets,METHYLDOPA+HYDROCHLOROTHIAZIDE 250mg/15mg tablets,core,prescription_exposure,not applicable,read_v2_drugs_bnf,Mapped BNF code: 02.05.02.00,candidate_requires_pharmacology_review
medication.antihypertensive.read_v2_drug,medication,antihypertensive,read_v2_drug,gp_scripts,read_2,exact,true,bf2v.,METHYLDOPA 250mg/5mL oral mixture,METHYLDOPA 250mg/5mL oral mixture,core,prescription_exposure,not applicable,read_v2_drugs_bnf,Mapped BNF code: 02.05.02.00,candidate_requires_pharmacology_review
medication.antihypertensive.read_v2_drug,medication,antihypertensive,read_v2_drug,gp_scripts,read_2,exact,true,bf2w.,METHYLDOPATE HYDROCHLORIDE 250mg/5mL injection,METHYLDOPATE HYDROCHLORIDE 250mg/5mL injection,core,prescription_exposure,not applicable,read_v2_drugs_bnf,Mapped BNF code: 02.05.02.00,candidate_requires_pharmacology_review
medication.antihypertensive.read_v2_drug,medication,antihypertensive,read_v2_drug,gp_scripts,read_2,exact,true,bf2z.,METHYLDOPA 250mg capsules,METHYLDOPA 250mg capsules,core,prescription_exposure,not applicable,read_v2_drugs_bnf,Mapped BNF code: 02.05.02.00,candidate_requires_pharmacology_review
medication.antihypertensive.read_v2_drug,medication,antihypertensive,read_v2_drug,gp_scripts,read_2,exact,true,bf3..,RESERPINE/RAUWOLFIA ALKALOIDS,RESERPINE/RAUWOLFIA ALKALOIDS,core,prescription_exposure,not applicable,read_v2_drugs_bnf,Mapped BNF code: 02.05.02.00,candidate_requires_pharmacology_review
medication.antihypertensive.read_v2_drug,medication,antihypertensive,read_v2_drug,gp_scripts,read_2,exact,true,bf32.,RESERPINE 250microgram tablets,RESERPINE 250microgram tablets,core,prescription_exposure,not applicable,read_v2_drugs_bnf,Mapped BNF code: 02.05.02.00,candidate_requires_pharmacology_review
medication.antihypertensive.read_v2_drug,medication,antihypertensive,read_v2_drug,gp_scripts,read_2,exact,true,bf35.,*HYPERCAL 2mg tablets,*HYPERCAL 2mg tablets,core,prescription_exposure,not applicable,read_v2_drugs_bnf,Mapped BNF code: 02.05.02.00,candidate_requires_pharmacology_review
medication.antihypertensive.read_v2_drug,medication,antihypertensive,read_v2_drug,gp_scripts,read_2,exact,true,bf38.,*SERPASIL 250microgram tablets,*SERPASIL 250microgram tablets,core,prescription_exposure,not applicable,read_v2_drugs_bnf,Mapped BNF code: 02.05.02.00,candidate_requires_pharmacology_review
medication.antihypertensive.read_v2_drug,medication,antihypertensive,read_v2_drug,gp_scripts,read_2,exact,true,bf3c.,*SERPASIL-ESIDREX tablets,*SERPASIL-ESIDREX tablets,core,prescription_exposure,not applicable,read_v2_drugs_bnf,Mapped BNF code: 02.05.02.00,candidate_requires_pharmacology_review
medication.antihypertensive.read_v2_drug,medication,antihypertensive,read_v2_drug,gp_scripts,read_2,exact,true,bf3d.,RAUWOLFIA ALKALOIDS 2mg tablets,RAUWOLFIA ALKALOIDS 2mg tablets,core,prescription_exposure,not applicable,read_v2_drugs_bnf,Mapped BNF code: 02.05.02.00,candidate_requires_pharmacology_review
medication.antihypertensive.read_v2_drug,medication,antihypertensive,read_v2_drug,gp_scripts,read_2,exact,true,bf4..,MOXONIDINE,MOXONIDINE,core,prescription_exposure,not applicable,read_v2_drugs_bnf,Mapped BNF code: 02.05.02.00,candidate_requires_pharmacology_review
medication.antihypertensive.read_v2_drug,medication,antihypertensive,read_v2_drug,gp_scripts,read_2,exact,true,bf41.,MOXONIDINE 200micrograms tablets,MOXONIDINE 200micrograms tablets,core,prescription_exposure,not applicable,read_v2_drugs_bnf,Mapped BNF code: 02.05.02.00,candidate_requires_pharmacology_review
medication.antihypertensive.read_v2_drug,medication,antihypertensive,read_v2_drug,gp_scripts,read_2,exact,true,bf42.,MOXONIDINE 400micrograms tablets,MOXONIDINE 400micrograms tablets,core,prescription_exposure,not applicable,read_v2_drugs_bnf,Mapped BNF code: 02.05.02.00,candidate_requires_pharmacology_review
medication.antihypertensive.read_v2_drug,medication,antihypertensive,read_v2_drug,gp_scripts,read_2,exact,true,bf43.,PHYSIOTENS 200micrograms tablets,PHYSIOTENS 200micrograms tablets,core,prescription_exposure,not applicable,read_v2_drugs_bnf,Mapped BNF code: 02.05.02.00,candidate_requires_pharmacology_review
medication.antihypertensive.read_v2_drug,medication,antihypertensive,read_v2_drug,gp_scripts,read_2,exact,true,bf44.,PHYSIOTENS 400micrograms tablets,PHYSIOTENS 400micrograms tablets,core,prescription_exposure,not applicable,read_v2_drugs_bnf,Mapped BNF code: 02.05.02.00,candidate_requires_pharmacology_review
medication.antihypertensive.read_v2_drug,medication,antihypertensive,read_v2_drug,gp_scripts,read_2,exact,true,bf45.,MOXONIDINE 300micrograms tablets,MOXONIDINE 300micrograms tablets,core,prescription_exposure,not applicable,read_v2_drugs_bnf,Mapped BNF code: 02.05.02.00,candidate_requires_pharmacology_review
medication.antihypertensive.read_v2_drug,medication,antihypertensive,read_v2_drug,gp_scripts,read_2,exact,true,bf46.,PHYSIOTENS 300micrograms tablets,PHYSIOTENS 300micrograms tablets,core,prescription_exposure,not applicable,read_v2_drugs_bnf,Mapped BNF code: 02.05.02.00,candidate_requires_pharmacology_review
medication.antihypertensive.read_v2_drug,medication,antihypertensive,read_v2_drug,gp_scripts,read_2,exact,true,bi...,ANGIOTENSIN-CONVERTING ENZYME INHIBITORS,ANGIOTENSIN-CONVERTING ENZYME INHIBITORS,core,prescription_exposure,not applicable,read_v2_drugs_bnf,Mapped BNF code: 02.05.05.01,candidate_requires_pharmacology_review
medication.antihypertensive.read_v2_drug,medication,antihypertensive,read_v2_drug,gp_scripts,read_2,exact,true,bi1..,CAPTOPRIL,CAPTOPRIL,core,prescription_exposure,not applicable,read_v2_drugs_bnf,Mapped BNF code: 02.05.05.01,candidate_requires_pharmacology_review
medication.antihypertensive.read_v2_drug,medication,antihypertensive,read_v2_drug,gp_scripts,read_2,exact,true,bi11.,ACEPRIL 12.5mg tablets,ACEPRIL 12.5mg tablets,core,prescription_exposure,not applicable,read_v2_drugs_bnf,Mapped BNF code: 02.05.05.01,candidate_requires_pharmacology_review
medication.antihypertensive.read_v2_drug,medication,antihypertensive,read_v2_drug,gp_scripts,read_2,exact,true,bi12.,ACEPRIL 25mg tablets,ACEPRIL 25mg tablets,core,prescription_exposure,not applicable,read_v2_drugs_bnf,Mapped BNF code: 02.05.05.01,candidate_requires_pharmacology_review
medication.antihypertensive.read_v2_drug,medication,antihypertensive,read_v2_drug,gp_scripts,read_2,exact,true,bi13.,ACEPRIL 25mg tablets x56,ACEPRIL 25mg tablets x56,core,prescription_exposure,not applicable,read_v2_drugs_bnf,Mapped BNF code: 02.05.05.01,candidate_requires_pharmacology_review
medication.antihypertensive.read_v2_drug,medication,antihypertensive,read_v2_drug,gp_scripts,read_2,exact,true,bi14.,ACEPRIL 50mg tablets,ACEPRIL 50mg tablets,core,prescription_exposure,not applicable,read_v2_drugs_bnf,Mapped BNF code: 02.05.05.01,candidate_requires_pharmacology_review
medication.antihypertensive.read_v2_drug,medication,antihypertensive,read_v2_drug,gp_scripts,read_2,exact,true,bi15.,ACEPRIL 50mg tablets x56,ACEPRIL 50mg tablets x56,core,prescription_exposure,not applicable,read_v2_drugs_bnf,Mapped BNF code: 02.05.05.01,candidate_requires_pharmacology_review
medication.antihypertensive.read_v2_drug,medication,antihypertensive,read_v2_drug,gp_scripts,read_2,exact,true,bi16.,*CAPOTEN 12.5mg tablets,*CAPOTEN 12.5mg tablets,core,prescription_exposure,not applicable,read_v2_drugs_bnf,Mapped BNF code: 02.05.05.01,candidate_requires_pharmacology_review
medication.antihypertensive.read_v2_drug,medication,antihypertensive,read_v2_drug,gp_scripts,read_2,exact,true,bi17.,CAPOTEN 25mg tablets,CAPOTEN 25mg tablets,core,prescription_exposure,not applicable,read_v2_drugs_bnf,Mapped BNF code: 02.05.05.01,candidate_requires_pharmacology_review
medication.antihypertensive.read_v2_drug,medication,antihypertensive,read_v2_drug,gp_scripts,read_2,exact,true,bi18.,CAPOTEN 25mg tablets x56,CAPOTEN 25mg tablets x56,core,prescription_exposure,not applicable,read_v2_drugs_bnf,Mapped BNF code: 02.05.05.01,candidate_requires_pharmacology_review
medication.antihypertensive.read_v2_drug,medication,antihypertensive,read_v2_drug,gp_scripts,read_2,exact,true,bi19.,CAPOTEN 50mg tablets,CAPOTEN 50mg tablets,core,prescription_exposure,not applicable,read_v2_drugs_bnf,Mapped BNF code: 02.05.05.01,candidate_requires_pharmacology_review
medication.antihypertensive.read_v2_drug,medication,antihypertensive,read_v2_drug,gp_scripts,read_2,exact,true,bi1A.,*HYPAPRIL 12.5mg tablets,*HYPAPRIL 12.5mg tablets,core,prescription_exposure,not applicable,read_v2_drugs_bnf,Mapped BNF code: 02.05.05.01,candidate_requires_pharmacology_review
medication.antihypertensive.read_v2_drug,medication,antihypertensive,read_v2_drug,gp_scripts,read_2,exact,true,bi1B.,*HYPAPRIL 25mg tablets,*HYPAPRIL 25mg tablets,core,prescription_exposure,not applicable,read_v2_drugs_bnf,Mapped BNF code: 02.05.05.01,candidate_requires_pharmacology_review
medication.antihypertensive.read_v2_drug,medication,antihypertensive,read_v2_drug,gp_scripts,read_2,exact,true,bi1C.,*HYPAPRIL 50mg tablets,*HYPAPRIL 50mg tablets,core,prescription_exposure,not applicable,read_v2_drugs_bnf,Mapped BNF code: 02.05.05.01,candidate_requires_pharmacology_review
medication.antihypertensive.read_v2_drug,medication,antihypertensive,read_v2_drug,gp_scripts,read_2,exact,true,bi1D.,*CAPTO-CO 25mg/12.5mg tablets,*CAPTO-CO 25mg/12.5mg tablets,core,prescription_exposure,not applicable,read_v2_drugs_bnf,Mapped BNF code: 02.05.05.01,candidate_requires_pharmacology_review
medication.antihypertensive.read_v2_drug,medication,antihypertensive,read_v2_drug,gp_scripts,read_2,exact,true,bi1E.,*CAPTO-CO 50mg/25mg tablets,*CAPTO-CO 50mg/25mg tablets,core,prescription_exposure,not applicable,read_v2_drugs_bnf,Mapped BNF code: 02.05.05.01,candidate_requires_pharmacology_review
medication.antihypertensive.read_v2_drug,medication,antihypertensive,read_v2_drug,gp_scripts,read_2,exact,true,bi1F.,CO-ZIDOCAPT 25mg/12.5mg tablet,CO-ZIDOCAPT 25mg/12.5mg tablet,core,prescription_exposure,not applicable,read_v2_drugs_bnf,Mapped BNF code: 02.05.05.01,candidate_requires_pharmacology_review
medication.antihypertensive.read_v2_drug,medication,antihypertensive,read_v2_drug,gp_scripts,read_2,exact,true,bi1G.,*CO-ZIDOCAPT 50mg/25mg tablets,*CO-ZIDOCAPT 50mg/25mg tablets,core,prescription_exposure,not applicable,read_v2_drugs_bnf,Mapped BNF code: 02.05.05.01,candidate_requires_pharmacology_review
medication.antihypertensive.read_v2_drug,medication,antihypertensive,read_v2_drug,gp_scripts,read_2,exact,true,bi1H.,NOYADA 5mg/5mL oral solution,NOYADA 5mg/5mL oral solution,core,prescription_exposure,not applicable,read_v2_drugs_bnf,Mapped BNF code: 02.05.05.01,candidate_requires_pharmacology_review
medication.antihypertensive.read_v2_drug,medication,antihypertensive,read_v2_drug,gp_scripts,read_2,exact,true,bi1I.,CAPTOPRIL 5mg/5mL oral solution,CAPTOPRIL 5mg/5mL oral solution,core,prescription_exposure,not applicable,read_v2_drugs_bnf,Mapped BNF code: 02.05.05.01,candidate_requires_pharmacology_review
medication.antihypertensive.read_v2_drug,medication,antihypertensive,read_v2_drug,gp_scripts,read_2,exact,true,bi1J.,NOYADA 25mg/5mL oral solution,NOYADA 25mg/5mL oral solution,core,prescription_exposure,not applicable,read_v2_drugs_bnf,Mapped BNF code: 02.05.05.01,candidate_requires_pharmacology_review
medication.antihypertensive.read_v2_drug,medication,antihypertensive,read_v2_drug,gp_scripts,read_2,exact,true,bi1K.,CAPTOPRIL 25mg/5mL oral solution,CAPTOPRIL 25mg/5mL oral solution,core,prescription_exposure,not applicable,read_v2_drugs_bnf,Mapped BNF code: 02.05.05.01,candidate_requires_pharmacology_review
medication.antihypertensive.read_v2_drug,medication,antihypertensive,read_v2_drug,gp_scripts,read_2,exact,true,bi1a.,CAPOTEN 50mg tablets x56,CAPOTEN 50mg tablets x56,core,prescription_exposure,not applicable,read_v2_drugs_bnf,Mapped BNF code: 02.05.05.01,candidate_requires_pharmacology_review
medication.antihypertensive.read_v2_drug,medication,antihypertensive,read_v2_drug,gp_scripts,read_2,exact,true,bi1b.,ACEZIDE 50mg tablets x56,ACEZIDE 50mg tablets x56,core,prescription_exposure,not applicable,read_v2_drugs_bnf,Mapped BNF code: 02.05.05.01,candidate_requires_pharmacology_review
medication.antihypertensive.read_v2_drug,medication,antihypertensive,read_v2_drug,gp_scripts,read_2,exact,true,bi1c.,*CAPOZIDE 50mg tablets x28,*CAPOZIDE 50mg tablets x28,core,prescription_exposure,not applicable,read_v2_drugs_bnf,Mapped BNF code: 02.05.05.01,candidate_requires_pharmacology_review
medication.antihypertensive.read_v2_drug,medication,antihypertensive,read_v2_drug,gp_scripts,read_2,exact,true,bi1d.,*CAPOZIDE LS 25mg tabletsx28CP,*CAPOZIDE LS 25mg tabletsx28CP,core,prescription_exposure,not applicable,read_v2_drugs_bnf,Mapped BNF code: 02.05.05.01,candidate_requires_pharmacology_review
medication.antihypertensive.read_v2_drug,medication,antihypertensive,read_v2_drug,gp_scripts,read_2,exact,true,bi1e.,CAPTOPRIL+HYDROCHLOROTHIAZIDE 25mg/12.5mg tablets,CAPTOPRIL+HYDROCHLOROTHIAZIDE 25mg/12.5mg tablets,core,prescription_exposure,not applicable,read_v2_drugs_bnf,Mapped BNF code: 02.05.05.01,candidate_requires_pharmacology_review
medication.antihypertensive.read_v2_drug,medication,antihypertensive,read_v2_drug,gp_scripts,read_2,exact,true,bi1f.,CAPTOPRIL+HYDROCHLOROTHIAZIDE 50mg/25mg tablets,CAPTOPRIL+HYDROCHLOROTHIAZIDE 50mg/25mg tablets,core,prescription_exposure,not applicable,read_v2_drugs_bnf,Mapped BNF code: 02.05.05.01,candidate_requires_pharmacology_review
medication.antihypertensive.read_v2_drug,medication,antihypertensive,read_v2_drug,gp_scripts,read_2,exact,true,bi1g.,ECOPACE 12.5mg tablets,ECOPACE 12.5mg tablets,core,prescription_exposure,not applicable,read_v2_drugs_bnf,Mapped BNF code: 02.05.05.01,candidate_requires_pharmacology_review
medication.antihypertensive.read_v2_drug,medication,antihypertensive,read_v2_drug,gp_scripts,read_2,exact,true,bi1h.,ECOPACE 25mg tablets,ECOPACE 25mg tablets,core,prescription_exposure,not applicable,read_v2_drugs_bnf,Mapped BNF code: 02.05.05.01,candidate_requires_pharmacology_review
medication.antihypertensive.read_v2_drug,medication,antihypertensive,read_v2_drug,gp_scripts,read_2,exact,true,bi1i.,ECOPACE 50mg tablets,ECOPACE 50mg tablets,core,prescription_exposure,not applicable,read_v2_drugs_bnf,Mapped BNF code: 02.05.05.01,candidate_requires_pharmacology_review
medication.antihypertensive.read_v2_drug,medication,antihypertensive,read_v2_drug,gp_scripts,read_2,exact,true,bi1j.,*KAPLON 12.5mg tablets,*KAPLON 12.5mg tablets,core,prescription_exposure,not applicable,read_v2_drugs_bnf,Mapped BNF code: 02.05.05.01,candidate_requires_pharmacology_review
medication.antihypertensive.read_v2_drug,medication,antihypertensive,read_v2_drug,gp_scripts,read_2,exact,true,bi1k.,*KAPLON 25mg tablets,*KAPLON 25mg tablets,core,prescription_exposure,not applicable,read_v2_drugs_bnf,Mapped BNF code: 02.05.05.01,candidate_requires_pharmacology_review
medication.antihypertensive.read_v2_drug,medication,antihypertensive,read_v2_drug,gp_scripts,read_2,exact,true,bi1l.,*KAPLON 50mg tablets,*KAPLON 50mg tablets,core,prescription_exposure,not applicable,read_v2_drugs_bnf,Mapped BNF code: 02.05.05.01,candidate_requires_pharmacology_review
medication.antihypertensive.read_v2_drug,medication,antihypertensive,read_v2_drug,gp_scripts,read_2,exact,true,bi1m.,*HYTENEZE 12.5 tablets,*HYTENEZE 12.5 tablets,core,prescription_exposure,not applicable,read_v2_drugs_bnf,Mapped BNF code: 02.05.05.01,candidate_requires_pharmacology_review
medication.antihypertensive.read_v2_drug,medication,antihypertensive,read_v2_drug,gp_scripts,read_2,exact,true,bi1n.,*HYTENEZE 25 tablets,*HYTENEZE 25 tablets,core,prescription_exposure,not applicable,read_v2_drugs_bnf,Mapped BNF code: 02.05.05.01,candidate_requires_pharmacology_review
medication.antihypertensive.read_v2_drug,medication,antihypertensive,read_v2_drug,gp_scripts,read_2,exact,true,bi1o.,*HYTENEZE 50 tablets,*HYTENEZE 50 tablets,core,prescription_exposure,not applicable,read_v2_drugs_bnf,Mapped BNF code: 02.05.05.01,candidate_requires_pharmacology_review
medication.antihypertensive.read_v2_drug,medication,antihypertensive,read_v2_drug,gp_scripts,read_2,exact,true,bi1p.,*TENSOPRIL 12.5mg tablets,*TENSOPRIL 12.5mg tablets,core,prescription_exposure,not applicable,read_v2_drugs_bnf,Mapped BNF code: 02.05.05.01,candidate_requires_pharmacology_review
medication.antihypertensive.read_v2_drug,medication,antihypertensive,read_v2_drug,gp_scripts,read_2,exact,true,bi1q.,*TENSOPRIL 25mg tablets,*TENSOPRIL 25mg tablets,core,prescription_exposure,not applicable,read_v2_drugs_bnf,Mapped BNF code: 02.05.05.01,candidate_requires_pharmacology_review
medication.antihypertensive.read_v2_drug,medication,antihypertensive,read_v2_drug,gp_scripts,read_2,exact,true,bi1r.,*TENSOPRIL 50mg tablets,*TENSOPRIL 50mg tablets,core,prescription_exposure,not applicable,read_v2_drugs_bnf,Mapped BNF code: 02.05.05.01,candidate_requires_pharmacology_review
medication.antihypertensive.read_v2_drug,medication,antihypertensive,read_v2_drug,gp_scripts,read_2,exact,true,bi1v.,CAPTOPRIL 12.5mg tablets,CAPTOPRIL 12.5mg tablets,core,prescription_exposure,not applicable,read_v2_drugs_bnf,Mapped BNF code: 02.05.05.01,candidate_requires_pharmacology_review
medication.antihypertensive.read_v2_drug,medication,antihypertensive,read_v2_drug,gp_scripts,read_2,exact,true,bi1w.,CAPTOPRIL 25mg tablets,CAPTOPRIL 25mg tablets,core,prescription_exposure,not applicable,read_v2_drugs_bnf,Mapped BNF code: 02.05.05.01,candidate_requires_pharmacology_review
medication.antihypertensive.read_v2_drug,medication,antihypertensive,read_v2_drug,gp_scripts,read_2,exact,true,bi1x.,CAPTOPRIL 25mg tablets x56,CAPTOPRIL 25mg tablets x56,core,prescription_exposure,not applicable,read_v2_drugs_bnf,Mapped BNF code: 02.05.05.01,candidate_requires_pharmacology_review
medication.antihypertensive.read_v2_drug,medication,antihypertensive,read_v2_drug,gp_scripts,read_2,exact,true,bi1y.,CAPTOPRIL 50mg tablets x56,CAPTOPRIL 50mg tablets x56,core,prescription_exposure,not applicable,read_v2_drugs_bnf,Mapped BNF code: 02.05.05.01,candidate_requires_pharmacology_review
medication.antihypertensive.read_v2_drug,medication,antihypertensive,read_v2_drug,gp_scripts,read_2,exact,true,bi1z.,CAPTOPRIL 50mg tablets,CAPTOPRIL 50mg tablets,core,prescription_exposure,not applicable,read_v2_drugs_bnf,Mapped BNF code: 02.05.05.01,candidate_requires_pharmacology_review
medication.antihypertensive.read_v2_drug,medication,antihypertensive,read_v2_drug,gp_scripts,read_2,exact,true,bi2..,ENALAPRIL MALEATE,ENALAPRIL MALEATE,core,prescription_exposure,not applicable,read_v2_drugs_bnf,Mapped BNF code: 02.05.05.01,candidate_requires_pharmacology_review
medication.antihypertensive.read_v2_drug,medication,antihypertensive,read_v2_drug,gp_scripts,read_2,exact,true,bi21.,INNOVACE 2.5mg tablets,INNOVACE 2.5mg tablets,core,prescription_exposure,not applicable,read_v2_drugs_bnf,Mapped BNF code: 02.05.05.01,candidate_requires_pharmacology_review
medication.antihypertensive.read_v2_drug,medication,antihypertensive,read_v2_drug,gp_scripts,read_2,exact,true,bi22.,INNOVACE 5mg tablets,INNOVACE 5mg tablets,core,prescription_exposure,not applicable,read_v2_drugs_bnf,Mapped BNF code: 02.05.05.01,candidate_requires_pharmacology_review
medication.antihypertensive.read_v2_drug,medication,antihypertensive,read_v2_drug,gp_scripts,read_2,exact,true,bi23.,INNOVACE 5mg tablets x28,INNOVACE 5mg tablets x28,core,prescription_exposure,not applicable,read_v2_drugs_bnf,Mapped BNF code: 02.05.05.01,candidate_requires_pharmacology_review
medication.antihypertensive.read_v2_drug,medication,antihypertensive,read_v2_drug,gp_scripts,read_2,exact,true,bi24.,INNOVACE 10mg tablets,INNOVACE 10mg tablets,core,prescription_exposure,not applicable,read_v2_drugs_bnf,Mapped BNF code: 02.05.05.01,candidate_requires_pharmacology_review
medication.antihypertensive.read_v2_drug,medication,antihypertensive,read_v2_drug,gp_scripts,read_2,exact,true,bi25.,INNOVACE 10mg tablets x28,INNOVACE 10mg tablets x28,core,prescription_exposure,not applicable,read_v2_drugs_bnf,Mapped BNF code: 02.05.05.01,candidate_requires_pharmacology_review
medication.antihypertensive.read_v2_drug,medication,antihypertensive,read_v2_drug,gp_scripts,read_2,exact,true,bi26.,INNOVACE 20mg tablets,INNOVACE 20mg tablets,core,prescription_exposure,not applicable,read_v2_drugs_bnf,Mapped BNF code: 02.05.05.01,candidate_requires_pharmacology_review
medication.antihypertensive.read_v2_drug,medication,antihypertensive,read_v2_drug,gp_scripts,read_2,exact,true,bi27.,INNOVACE 20mg tablets x28,INNOVACE 20mg tablets x28,core,prescription_exposure,not applicable,read_v2_drugs_bnf,Mapped BNF code: 02.05.05.01,candidate_requires_pharmacology_review
medication.antihypertensive.read_v2_drug,medication,antihypertensive,read_v2_drug,gp_scripts,read_2,exact,true,bi28.,INNOZIDE 20/12.5mg tablets,INNOZIDE 20/12.5mg tablets,core,prescription_exposure,not applicable,read_v2_drugs_bnf,Mapped BNF code: 02.05.05.01,candidate_requires_pharmacology_review
medication.antihypertensive.read_v2_drug,medication,antihypertensive,read_v2_drug,gp_scripts,read_2,exact,true,bi29.,INNOVACE tablets titration pack,INNOVACE tablets titration pack,core,prescription_exposure,not applicable,read_v2_drugs_bnf,Mapped BNF code: 02.05.05.01,candidate_requires_pharmacology_review
medication.antihypertensive.read_v2_drug,medication,antihypertensive,read_v2_drug,gp_scripts,read_2,exact,true,bi2A.,*ENALAPRIL MALEATE 2.5mg wafer,*ENALAPRIL MALEATE 2.5mg wafer,core,prescription_exposure,not applicable,read_v2_drugs_bnf,Mapped BNF code: 02.05.05.01,candidate_requires_pharmacology_review
medication.antihypertensive.read_v2_drug,medication,antihypertensive,read_v2_drug,gp_scripts,read_2,exact,true,bi2B.,*ENALAPRIL MALEATE 5mg wafer,*ENALAPRIL MALEATE 5mg wafer,core,prescription_exposure,not applicable,read_v2_drugs_bnf,Mapped BNF code: 02.05.05.01,candidate_requires_pharmacology_review
medication.antihypertensive.read_v2_drug,medication,antihypertensive,read_v2_drug,gp_scripts,read_2,exact,true,bi2C.,*ENALAPRIL MALEATE 10mg wafer,*ENALAPRIL MALEATE 10mg wafer,core,prescription_exposure,not applicable,read_v2_drugs_bnf,Mapped BNF code: 02.05.05.01,candidate_requires_pharmacology_review
medication.antihypertensive.read_v2_drug,medication,antihypertensive,read_v2_drug,gp_scripts,read_2,exact,true,bi2D.,*ENALAPRIL MALEATE 20mg wafer,*ENALAPRIL MALEATE 20mg wafer,core,prescription_exposure,not applicable,read_v2_drugs_bnf,Mapped BNF code: 02.05.05.01,candidate_requires_pharmacology_review
medication.antihypertensive.read_v2_drug,medication,antihypertensive,read_v2_drug,gp_scripts,read_2,exact,true,bi2E.,*INNOVACE MELT 2.5mg wafer,*INNOVACE MELT 2.5mg wafer,core,prescription_exposure,not applicable,read_v2_drugs_bnf,Mapped BNF code: 02.05.05.01,candidate_requires_pharmacology_review
medication.antihypertensive.read_v2_drug,medication,antihypertensive,read_v2_drug,gp_scripts,read_2,exact,true,bi2F.,*INNOVACE MELT 5mg wafer,*INNOVACE MELT 5mg wafer,core,prescription_exposure,not applicable,read_v2_drugs_bnf,Mapped BNF code: 02.05.05.01,candidate_requires_pharmacology_review
medication.antihypertensive.read_v2_drug,medication,antihypertensive,read_v2_drug,gp_scripts,read_2,exact,true,bi2G.,*INNOVACE MELT 10mg wafer,*INNOVACE MELT 10mg wafer,core,prescription_exposure,not applicable,read_v2_drugs_bnf,Mapped BNF code: 02.05.05.01,candidate_requires_pharmacology_review
medication.antihypertensive.read_v2_drug,medication,antihypertensive,read_v2_drug,gp_scripts,read_2,exact,true,bi2H.,*INNOVACE MELT 20mg wafer,*INNOVACE MELT 20mg wafer,core,prescription_exposure,not applicable,read_v2_drugs_bnf,Mapped BNF code: 02.05.05.01,candidate_requires_pharmacology_review
medication.antihypertensive.read_v2_drug,medication,antihypertensive,read_v2_drug,gp_scripts,read_2,exact,true,bi2J.,*PRALENAL 2.5mg tablets,*PRALENAL 2.5mg tablets,core,prescription_exposure,not applicable,read_v2_drugs_bnf,Mapped BNF code: 02.05.05.01,candidate_requires_pharmacology_review
medication.antihypertensive.read_v2_drug,medication,antihypertensive,read_v2_drug,gp_scripts,read_2,exact,true,bi2K.,*PRALENAL 5mg tablets,*PRALENAL 5mg tablets,core,prescription_exposure,not applicable,read_v2_drugs_bnf,Mapped BNF code: 02.05.05.01,candidate_requires_pharmacology_review
medication.antihypertensive.read_v2_drug,medication,antihypertensive,read_v2_drug,gp_scripts,read_2,exact,true,bi2L.,*PRALENAL 10mg tablets,*PRALENAL 10mg tablets,core,prescription_exposure,not applicable,read_v2_drugs_bnf,Mapped BNF code: 02.05.05.01,candidate_requires_pharmacology_review
medication.antihypertensive.read_v2_drug,medication,antihypertensive,read_v2_drug,gp_scripts,read_2,exact,true,bi2M.,*PRALENAL 20mg tablets,*PRALENAL 20mg tablets,core,prescription_exposure,not applicable,read_v2_drugs_bnf,Mapped BNF code: 02.05.05.01,candidate_requires_pharmacology_review
medication.antihypertensive.read_v2_drug,medication,antihypertensive,read_v2_drug,gp_scripts,read_2,exact,true,bi2a.,ENALAPRIL MALEATE tablets titration pack,ENALAPRIL MALEATE tablets titration pack,core,prescription_exposure,not applicable,read_v2_drugs_bnf,Mapped BNF code: 02.05.05.01,candidate_requires_pharmacology_review
medication.antihypertensive.read_v2_drug,medication,antihypertensive,read_v2_drug,gp_scripts,read_2,exact,true,bi2b.,ENALAPRIL MALEATE+HYDROCHLOROTHIAZIDE 20mg/12.5mg tablets,ENALAPRIL MALEATE+HYDROCHLOROTHIAZIDE 20mg/12.5mg tablets,core,prescription_exposure,not applicable,read_v2_drugs_bnf,Mapped BNF code: 02.05.05.01,candidate_requires_pharmacology_review
medication.antihypertensive.read_v2_drug,medication,antihypertensive,read_v2_drug,gp_scripts,read_2,exact,true,bi2t.,ENALAPRIL MALEATE 2.5mg tablets,ENALAPRIL MALEATE 2.5mg tablets,core,prescription_exposure,not applicable,read_v2_drugs_bnf,Mapped BNF code: 02.05.05.01,candidate_requires_pharmacology_review
medication.antihypertensive.read_v2_drug,medication,antihypertensive,read_v2_drug,gp_scripts,read_2,exact,true,bi2u.,ENALAPRIL MALEATE 5mg tablets,ENALAPRIL MALEATE 5mg tablets,core,prescription_exposure,not applicable,read_v2_drugs_bnf,Mapped BNF code: 02.05.05.01,candidate_requires_pharmacology_review
medication.antihypertensive.read_v2_drug,medication,antihypertensive,read_v2_drug,gp_scripts,read_2,exact,true,bi2v.,ENALAPRIL MALEATE 5mg tablets x28,ENALAPRIL MALEATE 5mg tablets x28,core,prescription_exposure,not applicable,read_v2_drugs_bnf,Mapped BNF code: 02.05.05.01,candidate_requires_pharmacology_review
medication.antihypertensive.read_v2_drug,medication,antihypertensive,read_v2_drug,gp_scripts,read_2,exact,true,bi2w.,ENALAPRIL MALEATE 10mg tablets,ENALAPRIL MALEATE 10mg tablets,core,prescription_exposure,not applicable,read_v2_drugs_bnf,Mapped BNF code: 02.05.05.01,candidate_requires_pharmacology_review
medication.antihypertensive.read_v2_drug,medication,antihypertensive,read_v2_drug,gp_scripts,read_2,exact,true,bi2x.,ENALAPRIL MALEATE 10mg tablets x28,ENALAPRIL MALEATE 10mg tablets x28,core,prescription_exposure,not applicable,read_v2_drugs_bnf,Mapped BNF code: 02.05.05.01,candidate_requires_pharmacology_review
medication.antihypertensive.read_v2_drug,medication,antihypertensive,read_v2_drug,gp_scripts,read_2,exact,true,bi2y.,ENALAPRIL MALEATE 20mg tablets,ENALAPRIL MALEATE 20mg tablets,core,prescription_exposure,not applicable,read_v2_drugs_bnf,Mapped BNF code: 02.05.05.01,candidate_requires_pharmacology_review
medication.antihypertensive.read_v2_drug,medication,antihypertensive,read_v2_drug,gp_scripts,read_2,exact,true,bi2z.,ENALAPRIL MALEATE 20mg tablets x28,ENALAPRIL MALEATE 20mg tablets x28,core,prescription_exposure,not applicable,read_v2_drugs_bnf,Mapped BNF code: 02.05.05.01,candidate_requires_pharmacology_review
medication.antihypertensive.read_v2_drug,medication,antihypertensive,read_v2_drug,gp_scripts,read_2,exact,true,bi3..,LISINOPRIL,LISINOPRIL,core,prescription_exposure,not applicable,read_v2_drugs_bnf,Mapped BNF code: 02.05.05.01,candidate_requires_pharmacology_review
medication.antihypertensive.read_v2_drug,medication,antihypertensive,read_v2_drug,gp_scripts,read_2,exact,true,bi31.,LISINOPRIL 2.5mg tablets,LISINOPRIL 2.5mg tablets,core,prescription_exposure,not applicable,read_v2_drugs_bnf,Mapped BNF code: 02.05.05.01,candidate_requires_pharmacology_review
medication.antihypertensive.read_v2_drug,medication,antihypertensive,read_v2_drug,gp_scripts,read_2,exact,true,bi32.,LISINOPRIL 5mg tablets,LISINOPRIL 5mg tablets,core,prescription_exposure,not applicable,read_v2_drugs_bnf,Mapped BNF code: 02.05.05.01,candidate_requires_pharmacology_review
medication.antihypertensive.read_v2_drug,medication,antihypertensive,read_v2_drug,gp_scripts,read_2,exact,true,bi33.,LISINOPRIL 10mg tablets,LISINOPRIL 10mg tablets,core,prescription_exposure,not applicable,read_v2_drugs_bnf,Mapped BNF code: 02.05.05.01,candidate_requires_pharmacology_review
medication.antihypertensive.read_v2_drug,medication,antihypertensive,read_v2_drug,gp_scripts,read_2,exact,true,bi34.,LISINOPRIL 20mg tablets,LISINOPRIL 20mg tablets,core,prescription_exposure,not applicable,read_v2_drugs_bnf,Mapped BNF code: 02.05.05.01,candidate_requires_pharmacology_review
medication.antihypertensive.read_v2_drug,medication,antihypertensive,read_v2_drug,gp_scripts,read_2,exact,true,bi35.,*CARACE 2.5mg tablets,*CARACE 2.5mg tablets,core,prescription_exposure,not applicable,read_v2_drugs_bnf,Mapped BNF code: 02.05.05.01,candidate_requires_pharmacology_review
medication.antihypertensive.read_v2_drug,medication,antihypertensive,read_v2_drug,gp_scripts,read_2,exact,true,bi36.,*CARACE 5mg tablets 28CP,*CARACE 5mg tablets 28CP,core,prescription_exposure,not applicable,read_v2_drugs_bnf,Mapped BNF code: 02.05.05.01,candidate_requires_pharmacology_review
medication.antihypertensive.read_v2_drug,medication,antihypertensive,read_v2_drug,gp_scripts,read_2,exact,true,bi37.,*CARACE 5mg tablets,*CARACE 5mg tablets,core,prescription_exposure,not applicable,read_v2_drugs_bnf,Mapped BNF code: 02.05.05.01,candidate_requires_pharmacology_review
medication.antihypertensive.read_v2_drug,medication,antihypertensive,read_v2_drug,gp_scripts,read_2,exact,true,bi38.,*CARACE 10mg tablets 28CP,*CARACE 10mg tablets 28CP,core,prescription_exposure,not applicable,read_v2_drugs_bnf,Mapped BNF code: 02.05.05.01,candidate_requires_pharmacology_review
medication.antihypertensive.read_v2_drug,medication,antihypertensive,read_v2_drug,gp_scripts,read_2,exact,true,bi39.,*CARACE 10mg tablets,*CARACE 10mg tablets,core,prescription_exposure,not applicable,read_v2_drugs_bnf,Mapped BNF code: 02.05.05.01,candidate_requires_pharmacology_review
medication.antihypertensive.read_v2_drug,medication,antihypertensive,read_v2_drug,gp_scripts,read_2,exact,true,bi3a.,*CARACE 20mg tablets 28CP,*CARACE 20mg tablets 28CP,core,prescription_exposure,not applicable,read_v2_drugs_bnf,Mapped BNF code: 02.05.05.01,candidate_requires_pharmacology_review
medication.antihypertensive.read_v2_drug,medication,antihypertensive,read_v2_drug,gp_scripts,read_2,exact,true,bi3b.,*CARACE 20mg tablets,*CARACE 20mg tablets,core,prescription_exposure,not applicable,read_v2_drugs_bnf,Mapped BNF code: 02.05.05.01,candidate_requires_pharmacology_review
medication.antihypertensive.read_v2_drug,medication,antihypertensive,read_v2_drug,gp_scripts,read_2,exact,true,bi3c.,*ZESTRIL 2.5mg tablets 28CP,*ZESTRIL 2.5mg tablets 28CP,core,prescription_exposure,not applicable,read_v2_drugs_bnf,Mapped BNF code: 02.05.05.01,candidate_requires_pharmacology_review
medication.antihypertensive.read_v2_drug,medication,antihypertensive,read_v2_drug,gp_scripts,read_2,exact,true,bi3d.,*ZESTRIL 2.5mg tablets,*ZESTRIL 2.5mg tablets,core,prescription_exposure,not applicable,read_v2_drugs_bnf,Mapped BNF code: 02.05.05.01,candidate_requires_pharmacology_review
medication.antihypertensive.read_v2_drug,medication,antihypertensive,read_v2_drug,gp_scripts,read_2,exact,true,bi3e.,ZESTRIL 5mg tablets 28CP,ZESTRIL 5mg tablets 28CP,core,prescription_exposure,not applicable,read_v2_drugs_bnf,Mapped BNF code: 02.05.05.01,candidate_requires_pharmacology_review
medication.antihypertensive.read_v2_drug,medication,antihypertensive,read_v2_drug,gp_scripts,read_2,exact,true,bi3f.,ZESTRIL 5mg tablets,ZESTRIL 5mg tablets,core,prescription_exposure,not applicable,read_v2_drugs_bnf,Mapped BNF code: 02.05.05.01,candidate_requires_pharmacology_review
medication.antihypertensive.read_v2_drug,medication,antihypertensive,read_v2_drug,gp_scripts,read_2,exact,true,bi3g.,ZESTRIL 10mg tablets 28CP,ZESTRIL 10mg tablets 28CP,core,prescription_exposure,not applicable,read_v2_drugs_bnf,Mapped BNF code: 02.05.05.01,candidate_requires_pharmacology_review
medication.antihypertensive.read_v2_drug,medication,antihypertensive,read_v2_drug,gp_scripts,read_2,exact,true,bi3h.,ZESTRIL 10mg tablets,ZESTRIL 10mg tablets,core,prescription_exposure,not applicable,read_v2_drugs_bnf,Mapped BNF code: 02.05.05.01,candidate_requires_pharmacology_review
medication.antihypertensive.read_v2_drug,medication,antihypertensive,read_v2_drug,gp_scripts,read_2,exact,true,bi3i.,ZESTRIL 20mg tablets 28CP,ZESTRIL 20mg tablets 28CP,core,prescription_exposure,not applicable,read_v2_drugs_bnf,Mapped BNF code: 02.05.05.01,candidate_requires_pharmacology_review
medication.antihypertensive.read_v2_drug,medication,antihypertensive,read_v2_drug,gp_scripts,read_2,exact,true,bi3j.,ZESTRIL 20mg tablets,ZESTRIL 20mg tablets,core,prescription_exposure,not applicable,read_v2_drugs_bnf,Mapped BNF code: 02.05.05.01,candidate_requires_pharmacology_review
medication.antihypertensive.read_v2_drug,medication,antihypertensive,read_v2_drug,gp_scripts,read_2,exact,true,bi3k.,CARACE 20 PLUS tablets,CARACE 20 PLUS tablets,core,prescription_exposure,not applicable,read_v2_drugs_bnf,Mapped BNF code: 02.05.05.01,candidate_requires_pharmacology_review
medication.antihypertensive.read_v2_drug,medication,antihypertensive,read_v2_drug,gp_scripts,read_2,exact,true,bi3l.,*CARACE 10 PLUS tablets,*CARACE 10 PLUS tablets,core,prescription_exposure,not applicable,read_v2_drugs_bnf,Mapped BNF code: 02.05.05.01,candidate_requires_pharmacology_review
medication.antihypertensive.read_v2_drug,medication,antihypertensive,read_v2_drug,gp_scripts,read_2,exact,true,bi3m.,*ZESTORETIC tablets 28CP,*ZESTORETIC tablets 28CP,core,prescription_exposure,not applicable,read_v2_drugs_bnf,Mapped BNF code: 02.05.05.01,candidate_requires_pharmacology_review
medication.antihypertensive.read_v2_drug,medication,antihypertensive,read_v2_drug,gp_scripts,read_2,exact,true,bi3n.,ZESTORETIC 20/12.5mg tablets,ZESTORETIC 20/12.5mg tablets,core,prescription_exposure,not applicable,read_v2_drugs_bnf,Mapped BNF code: 02.05.05.01,candidate_requires_pharmacology_review
medication.antihypertensive.read_v2_drug,medication,antihypertensive,read_v2_drug,gp_scripts,read_2,exact,true,bi3p.,LISINOPRIL+HYDROCHLOROTHIAZIDE 20mg/12.5mg tablets,LISINOPRIL+HYDROCHLOROTHIAZIDE 20mg/12.5mg tablets,core,prescription_exposure,not applicable,read_v2_drugs_bnf,Mapped BNF code: 02.05.05.01,candidate_requires_pharmacology_review
medication.antihypertensive.read_v2_drug,medication,antihypertensive,read_v2_drug,gp_scripts,read_2,exact,true,bi3q.,*ZESTRIL 2.5mg starter pack,*ZESTRIL 2.5mg starter pack,core,prescription_exposure,not applicable,read_v2_drugs_bnf,Mapped BNF code: 02.05.05.01,candidate_requires_pharmacology_review
medication.antihypertensive.read_v2_drug,medication,antihypertensive,read_v2_drug,gp_scripts,read_2,exact,true,bi3r.,LISINOPRIL 2.5mg tablets starter pack,LISINOPRIL 2.5mg tablets starter pack,core,prescription_exposure,not applicable,read_v2_drugs_bnf,Mapped BNF code: 02.05.05.01,candidate_requires_pharmacology_review
medication.antihypertensive.read_v2_drug,medication,antihypertensive,read_v2_drug,gp_scripts,read_2,exact,true,bi3s.,ZESTORETIC 10/12.5mg tablets,ZESTORETIC 10/12.5mg tablets,core,prescription_exposure,not applicable,read_v2_drugs_bnf,Mapped BNF code: 02.05.05.01,candidate_requires_pharmacology_review
medication.antihypertensive.read_v2_drug,medication,antihypertensive,read_v2_drug,gp_scripts,read_2,exact,true,bi3t.,LISINOPRIL+HYDROCHLOROTHIAZIDE 10mg/12.5mg tablets,LISINOPRIL+HYDROCHLOROTHIAZIDE 10mg/12.5mg tablets,core,prescription_exposure,not applicable,read_v2_drugs_bnf,Mapped BNF code: 02.05.05.01,candidate_requires_pharmacology_review
medication.antihypertensive.read_v2_drug,medication,antihypertensive,read_v2_drug,gp_scripts,read_2,exact,true,bi3u.,*CARALPHA 10/12.5mg tablets,*CARALPHA 10/12.5mg tablets,core,prescription_exposure,not applicable,read_v2_drugs_bnf,Mapped BNF code: 02.05.05.01,candidate_requires_pharmacology_review
medication.antihypertensive.read_v2_drug,medication,antihypertensive,read_v2_drug,gp_scripts,read_2,exact,true,bi3v.,*CARALPHA 20/12.5mg tablets,*CARALPHA 20/12.5mg tablets,core,prescription_exposure,not applicable,read_v2_drugs_bnf,Mapped BNF code: 02.05.05.01,candidate_requires_pharmacology_review
medication.antihypertensive.read_v2_drug,medication,antihypertensive,read_v2_drug,gp_scripts,read_2,exact,true,bi3w.,LISICOSTAD HCT 20/12.5mg tablets,LISICOSTAD HCT 20/12.5mg tablets,core,prescription_exposure,not applicable,read_v2_drugs_bnf,Mapped BNF code: 02.05.05.01,candidate_requires_pharmacology_review
medication.antihypertensive.read_v2_drug,medication,antihypertensive,read_v2_drug,gp_scripts,read_2,exact,true,bi3x.,LISICOSTAD HCT 10/12.5mg tablets,LISICOSTAD HCT 10/12.5mg tablets,core,prescription_exposure,not applicable,read_v2_drugs_bnf,Mapped BNF code: 02.05.05.01,candidate_requires_pharmacology_review
medication.antihypertensive.read_v2_drug,medication,antihypertensive,read_v2_drug,gp_scripts,read_2,exact,true,bi3y.,LISINOPRIL 1mg/mL oral solution,LISINOPRIL 1mg/mL oral solution,core,prescription_exposure,not applicable,read_v2_drugs_bnf,Mapped BNF code: 02.05.05.01,candidate_requires_pharmacology_review
medication.antihypertensive.read_v2_drug,medication,antihypertensive,read_v2_drug,gp_scripts,read_2,exact,true,bi4..,QUINAPRIL,QUINAPRIL,core,prescription_exposure,not applicable,read_v2_drugs_bnf,Mapped BNF code: 02.05.05.01,candidate_requires_pharmacology_review
medication.antihypertensive.read_v2_drug,medication,antihypertensive,read_v2_drug,gp_scripts,read_2,exact,true,bi41.,QUINAPRIL 5mg tablets,QUINAPRIL 5mg tablets,core,prescription_exposure,not applicable,read_v2_drugs_bnf,Mapped BNF code: 02.05.05.01,candidate_requires_pharmacology_review
medication.antihypertensive.read_v2_drug,medication,antihypertensive,read_v2_drug,gp_scripts,read_2,exact,true,bi42.,QUINAPRIL 10mg tablets,QUINAPRIL 10mg tablets,core,prescription_exposure,not applicable,read_v2_drugs_bnf,Mapped BNF code: 02.05.05.01,candidate_requires_pharmacology_review
medication.antihypertensive.read_v2_drug,medication,antihypertensive,read_v2_drug,gp_scripts,read_2,exact,true,bi43.,QUINAPRIL 20mg tablets,QUINAPRIL 20mg tablets,core,prescription_exposure,not applicable,read_v2_drugs_bnf,Mapped BNF code: 02.05.05.01,candidate_requires_pharmacology_review
medication.antihypertensive.read_v2_drug,medication,antihypertensive,read_v2_drug,gp_scripts,read_2,exact,true,bi44.,ACCUPRO 5mg tablets 28CP,ACCUPRO 5mg tablets 28CP,core,prescription_exposure,not applicable,read_v2_drugs_bnf,Mapped BNF code: 02.05.05.01,candidate_requires_pharmacology_review
medication.antihypertensive.read_v2_drug,medication,antihypertensive,read_v2_drug,gp_scripts,read_2,exact,true,bi45.,ACCUPRO 10mg tablets 28CP,ACCUPRO 10mg tablets 28CP,core,prescription_exposure,not applicable,read_v2_drugs_bnf,Mapped BNF code: 02.05.05.01,candidate_requires_pharmacology_review
medication.antihypertensive.read_v2_drug,medication,antihypertensive,read_v2_drug,gp_scripts,read_2,exact,true,bi46.,ACCUPRO 20mg tablets 28CP,ACCUPRO 20mg tablets 28CP,core,prescription_exposure,not applicable,read_v2_drugs_bnf,Mapped BNF code: 02.05.05.01,candidate_requires_pharmacology_review
medication.antihypertensive.read_v2_drug,medication,antihypertensive,read_v2_drug,gp_scripts,read_2,exact,true,bi47.,ACCURETIC tablets,ACCURETIC tablets,core,prescription_exposure,not applicable,read_v2_drugs_bnf,Mapped BNF code: 02.05.05.01,candidate_requires_pharmacology_review
medication.antihypertensive.read_v2_drug,medication,antihypertensive,read_v2_drug,gp_scripts,read_2,exact,true,bi48.,QUINAPRIL+HYDROCHLOROTHIAZIDE 10/12.5mg tablets,QUINAPRIL+HYDROCHLOROTHIAZIDE 10/12.5mg tablets,core,prescription_exposure,not applicable,read_v2_drugs_bnf,Mapped BNF code: 02.05.05.01,candidate_requires_pharmacology_review
medication.antihypertensive.read_v2_drug,medication,antihypertensive,read_v2_drug,gp_scripts,read_2,exact,true,bi49.,ACCUPRO 40mg tablets,ACCUPRO 40mg tablets,core,prescription_exposure,not applicable,read_v2_drugs_bnf,Mapped BNF code: 02.05.05.01,candidate_requires_pharmacology_review
medication.antihypertensive.read_v2_drug,medication,antihypertensive,read_v2_drug,gp_scripts,read_2,exact,true,bi4A.,QUINAPRIL 40mg tablets,QUINAPRIL 40mg tablets,core,prescription_exposure,not applicable,read_v2_drugs_bnf,Mapped BNF code: 02.05.05.01,candidate_requires_pharmacology_review
medication.antihypertensive.read_v2_drug,medication,antihypertensive,read_v2_drug,gp_scripts,read_2,exact,true,bi4B.,QUINIL 5mg tablets,QUINIL 5mg tablets,core,prescription_exposure,not applicable,read_v2_drugs_bnf,Mapped BNF code: 02.05.05.01,candidate_requires_pharmacology_review
medication.antihypertensive.read_v2_drug,medication,antihypertensive,read_v2_drug,gp_scripts,read_2,exact,true,bi4C.,QUINIL 10mg tablets,QUINIL 10mg tablets,core,prescription_exposure,not applicable,read_v2_drugs_bnf,Mapped BNF code: 02.05.05.01,candidate_requires_pharmacology_review
medication.antihypertensive.read_v2_drug,medication,antihypertensive,read_v2_drug,gp_scripts,read_2,exact,true,bi4D.,QUINIL 20mg tablets,QUINIL 20mg tablets,core,prescription_exposure,not applicable,read_v2_drugs_bnf,Mapped BNF code: 02.05.05.01,candidate_requires_pharmacology_review
medication.antihypertensive.read_v2_drug,medication,antihypertensive,read_v2_drug,gp_scripts,read_2,exact,true,bi4E.,QUINIL 40mg tablets,QUINIL 40mg tablets,core,prescription_exposure,not applicable,read_v2_drugs_bnf,Mapped BNF code: 02.05.05.01,candidate_requires_pharmacology_review
medication.antihypertensive.read_v2_drug,medication,antihypertensive,read_v2_drug,gp_scripts,read_2,exact,true,bi4F.,QUINAPRIL+HYDROCHLOROTHIAZIDE 20mg/12.5mg tablets,QUINAPRIL+HYDROCHLOROTHIAZIDE 20mg/12.5mg tablets,core,prescription_exposure,not applicable,read_v2_drugs_bnf,Mapped BNF code: 02.05.05.01,candidate_requires_pharmacology_review
medication.antihypertensive.read_v2_drug,medication,antihypertensive,read_v2_drug,gp_scripts,read_2,exact,true,bi5..,PERINDOPRIL ERBUMINE,PERINDOPRIL ERBUMINE,core,prescription_exposure,not applicable,read_v2_drugs_bnf,Mapped BNF code: 02.05.05.01,candidate_requires_pharmacology_review
medication.antihypertensive.read_v2_drug,medication,antihypertensive,read_v2_drug,gp_scripts,read_2,exact,true,bi51.,PERINDOPRIL ERBUMINE 2mg tablets,PERINDOPRIL ERBUMINE 2mg tablets,core,prescription_exposure,not applicable,read_v2_drugs_bnf,Mapped BNF code: 02.05.05.01,candidate_requires_pharmacology_review
medication.antihypertensive.read_v2_drug,medication,antihypertensive,read_v2_drug,gp_scripts,read_2,exact,true,bi52.,PERINDOPRIL ERBUMINE 4mg tablets,PERINDOPRIL ERBUMINE 4mg tablets,core,prescription_exposure,not applicable,read_v2_drugs_bnf,Mapped BNF code: 02.05.05.01,candidate_requires_pharmacology_review
medication.antihypertensive.read_v2_drug,medication,antihypertensive,read_v2_drug,gp_scripts,read_2,exact,true,bi53.,*COVERSYL 2mg tablets,*COVERSYL 2mg tablets,core,prescription_exposure,not applicable,read_v2_drugs_bnf,Mapped BNF code: 02.05.05.01,candidate_requires_pharmacology_review
medication.antihypertensive.read_v2_drug,medication,antihypertensive,read_v2_drug,gp_scripts,read_2,exact,true,bi54.,*COVERSYL 4mg tablets,*COVERSYL 4mg tablets,core,prescription_exposure,not applicable,read_v2_drugs_bnf,Mapped BNF code: 02.05.05.01,candidate_requires_pharmacology_review
medication.antihypertensive.read_v2_drug,medication,antihypertensive,read_v2_drug,gp_scripts,read_2,exact,true,bi55.,PERINDOPRIL ERBUMINE+INDAPAMIDE 4mg/1.25mg tablets,PERINDOPRIL ERBUMINE+INDAPAMIDE 4mg/1.25mg tablets,core,prescription_exposure,not applicable,read_v2_drugs_bnf,Mapped BNF code: 02.05.05.01,candidate_requires_pharmacology_review
medication.antihypertensive.read_v2_drug,medication,antihypertensive,read_v2_drug,gp_scripts,read_2,exact,true,bi56.,COVERSYL PLUS 4mg/1.25mg tablets,COVERSYL PLUS 4mg/1.25mg tablets,core,prescription_exposure,not applicable,read_v2_drugs_bnf,Mapped BNF code: 02.05.05.01,candidate_requires_pharmacology_review
medication.antihypertensive.read_v2_drug,medication,antihypertensive,read_v2_drug,gp_scripts,read_2,exact,true,bi57.,PERINDOPRIL ERBUMINE 8mg tablets,PERINDOPRIL ERBUMINE 8mg tablets,core,prescription_exposure,not applicable,read_v2_drugs_bnf,Mapped BNF code: 02.05.05.01,candidate_requires_pharmacology_review
medication.antihypertensive.read_v2_drug,medication,antihypertensive,read_v2_drug,gp_scripts,read_2,exact,true,bi58.,*COVERSYL 8mg tablets,*COVERSYL 8mg tablets,core,prescription_exposure,not applicable,read_v2_drugs_bnf,Mapped BNF code: 02.05.05.01,candidate_requires_pharmacology_review
medication.antihypertensive.read_v2_drug,medication,antihypertensive,read_v2_drug,gp_scripts,read_2,exact,true,bi6..,RAMIPRIL,RAMIPRIL,core,prescription_exposure,not applicable,read_v2_drugs_bnf,Mapped BNF code: 02.05.05.01,candidate_requires_pharmacology_review
medication.antihypertensive.read_v2_drug,medication,antihypertensive,read_v2_drug,gp_scripts,read_2,exact,true,bi61.,RAMIPRIL 1.25mg capsules,RAMIPRIL 1.25mg capsules,core,prescription_exposure,not applicable,read_v2_drugs_bnf,Mapped BNF code: 02.05.05.01,candidate_requires_pharmacology_review
medication.antihypertensive.read_v2_drug,medication,antihypertensive,read_v2_drug,gp_scripts,read_2,exact,true,bi62.,RAMIPRIL 2.5mg capsules,RAMIPRIL 2.5mg capsules,core,prescription_exposure,not applicable,read_v2_drugs_bnf,Mapped BNF code: 02.05.05.01,candidate_requires_pharmacology_review
medication.antihypertensive.read_v2_drug,medication,antihypertensive,read_v2_drug,gp_scripts,read_2,exact,true,bi63.,RAMIPRIL 5mg capsules,RAMIPRIL 5mg capsules,core,prescription_exposure,not applicable,read_v2_drugs_bnf,Mapped BNF code: 02.05.05.01,candidate_requires_pharmacology_review
medication.antihypertensive.read_v2_drug,medication,antihypertensive,read_v2_drug,gp_scripts,read_2,exact,true,bi64.,*TRITACE 1.25mg capsules,*TRITACE 1.25mg capsules,core,prescription_exposure,not applicable,read_v2_drugs_bnf,Mapped BNF code: 02.05.05.01,candidate_requires_pharmacology_review
medication.antihypertensive.read_v2_drug,medication,antihypertensive,read_v2_drug,gp_scripts,read_2,exact,true,bi65.,*TRITACE 2.5mg capsules,*TRITACE 2.5mg capsules,core,prescription_exposure,not applicable,read_v2_drugs_bnf,Mapped BNF code: 02.05.05.01,candidate_requires_pharmacology_review
medication.antihypertensive.read_v2_drug,medication,antihypertensive,read_v2_drug,gp_scripts,read_2,exact,true,bi66.,*TRITACE 5mg capsules,*TRITACE 5mg capsules,core,prescription_exposure,not applicable,read_v2_drugs_bnf,Mapped BNF code: 02.05.05.01,candidate_requires_pharmacology_review
medication.antihypertensive.read_v2_drug,medication,antihypertensive,read_v2_drug,gp_scripts,read_2,exact,true,bi67.,RAMIPRIL 10mg capsules,RAMIPRIL 10mg capsules,core,prescription_exposure,not applicable,read_v2_drugs_bnf,Mapped BNF code: 02.05.05.01,candidate_requires_pharmacology_review
medication.antihypertensive.read_v2_drug,medication,antihypertensive,read_v2_drug,gp_scripts,read_2,exact,true,bi68.,*TRITACE 10mg capsules,*TRITACE 10mg capsules,core,prescription_exposure,not applicable,read_v2_drugs_bnf,Mapped BNF code: 02.05.05.01,candidate_requires_pharmacology_review
medication.antihypertensive.read_v2_drug,medication,antihypertensive,read_v2_drug,gp_scripts,read_2,exact,true,bi69.,RAMIPRIL 2.5mg+5mg+10mg capsules titration pack,RAMIPRIL 2.5mg+5mg+10mg capsules titration pack,core,prescription_exposure,not applicable,read_v2_drugs_bnf,Mapped BNF code: 02.05.05.01,candidate_requires_pharmacology_review
medication.antihypertensive.read_v2_drug,medication,antihypertensive,read_v2_drug,gp_scripts,read_2,exact,true,bi6A.,TRITACE Titration Pack capsules,TRITACE Titration Pack capsules,core,prescription_exposure,not applicable,read_v2_drugs_bnf,Mapped BNF code: 02.05.05.01,candidate_requires_pharmacology_review
medication.antihypertensive.read_v2_drug,medication,antihypertensive,read_v2_drug,gp_scripts,read_2,exact,true,bi6B.,RAMIPRIL 1.25mg tablets,RAMIPRIL 1.25mg tablets,core,prescription_exposure,not applicable,read_v2_drugs_bnf,Mapped BNF code: 02.05.05.01,candidate_requires_pharmacology_review
medication.antihypertensive.read_v2_drug,medication,antihypertensive,read_v2_drug,gp_scripts,read_2,exact,true,bi6C.,RAMIPRIL 2.5mg tablets,RAMIPRIL 2.5mg tablets,core,prescription_exposure,not applicable,read_v2_drugs_bnf,Mapped BNF code: 02.05.05.01,candidate_requires_pharmacology_review
medication.antihypertensive.read_v2_drug,medication,antihypertensive,read_v2_drug,gp_scripts,read_2,exact,true,bi6D.,RAMIPRIL 5mg tablets,RAMIPRIL 5mg tablets,core,prescription_exposure,not applicable,read_v2_drugs_bnf,Mapped BNF code: 02.05.05.01,candidate_requires_pharmacology_review
medication.antihypertensive.read_v2_drug,medication,antihypertensive,read_v2_drug,gp_scripts,read_2,exact,true,bi6E.,RAMIPRIL 10mg tablets,RAMIPRIL 10mg tablets,core,prescription_exposure,not applicable,read_v2_drugs_bnf,Mapped BNF code: 02.05.05.01,candidate_requires_pharmacology_review
medication.antihypertensive.read_v2_drug,medication,antihypertensive,read_v2_drug,gp_scripts,read_2,exact,true,bi6F.,RAMIPRIL 2.5mg+5mg+10mg tablets titration pack,RAMIPRIL 2.5mg+5mg+10mg tablets titration pack,core,prescription_exposure,not applicable,read_v2_drugs_bnf,Mapped BNF code: 02.05.05.01,candidate_requires_pharmacology_review
medication.antihypertensive.read_v2_drug,medication,antihypertensive,read_v2_drug,gp_scripts,read_2,exact,true,bi6G.,RAMIPRIL 2.5mg/5mL oral solution,RAMIPRIL 2.5mg/5mL oral solution,core,prescription_exposure,not applicable,read_v2_drugs_bnf,Mapped BNF code: 02.05.05.01,candidate_requires_pharmacology_review
medication.antihypertensive.read_v2_drug,medication,antihypertensive,read_v2_drug,gp_scripts,read_2,exact,true,bi6o.,TRITACE Titration Pack tablets,TRITACE Titration Pack tablets,core,prescription_exposure,not applicable,read_v2_drugs_bnf,Mapped BNF code: 02.05.05.01,candidate_requires_pharmacology_review
medication.antihypertensive.read_v2_drug,medication,antihypertensive,read_v2_drug,gp_scripts,read_2,exact,true,bi6p.,*RANACE 10mg capsules,*RANACE 10mg capsules,core,prescription_exposure,not applicable,read_v2_drugs_bnf,Mapped BNF code: 02.05.05.01,candidate_requires_pharmacology_review
medication.antihypertensive.read_v2_drug,medication,antihypertensive,read_v2_drug,gp_scripts,read_2,exact,true,bi6q.,*RANACE 5mg capsules,*RANACE 5mg capsules,core,prescription_exposure,not applicable,read_v2_drugs_bnf,Mapped BNF code: 02.05.05.01,candidate_requires_pharmacology_review
medication.antihypertensive.read_v2_drug,medication,antihypertensive,read_v2_drug,gp_scripts,read_2,exact,true,bi6r.,*RANACE 2.5mg capsules,*RANACE 2.5mg capsules,core,prescription_exposure,not applicable,read_v2_drugs_bnf,Mapped BNF code: 02.05.05.01,candidate_requires_pharmacology_review
medication.antihypertensive.read_v2_drug,medication,antihypertensive,read_v2_drug,gp_scripts,read_2,exact,true,bi6s.,*RANACE 1.25mg capsules,*RANACE 1.25mg capsules,core,prescription_exposure,not applicable,read_v2_drugs_bnf,Mapped BNF code: 02.05.05.01,candidate_requires_pharmacology_review
medication.antihypertensive.read_v2_drug,medication,antihypertensive,read_v2_drug,gp_scripts,read_2,exact,true,bi6t.,*LOPACE 2.5mg capsules,*LOPACE 2.5mg capsules,core,prescription_exposure,not applicable,read_v2_drugs_bnf,Mapped BNF code: 02.05.05.01,candidate_requires_pharmacology_review
medication.antihypertensive.read_v2_drug,medication,antihypertensive,read_v2_drug,gp_scripts,read_2,exact,true,bi6u.,*LOPACE 5mg capsules,*LOPACE 5mg capsules,core,prescription_exposure,not applicable,read_v2_drugs_bnf,Mapped BNF code: 02.05.05.01,candidate_requires_pharmacology_review
medication.antihypertensive.read_v2_drug,medication,antihypertensive,read_v2_drug,gp_scripts,read_2,exact,true,bi6v.,*LOPACE 10mg capsules,*LOPACE 10mg capsules,core,prescription_exposure,not applicable,read_v2_drugs_bnf,Mapped BNF code: 02.05.05.01,candidate_requires_pharmacology_review
medication.antihypertensive.read_v2_drug,medication,antihypertensive,read_v2_drug,gp_scripts,read_2,exact,true,bi6w.,TRITACE 10mg tablets,TRITACE 10mg tablets,core,prescription_exposure,not applicable,read_v2_drugs_bnf,Mapped BNF code: 02.05.05.01,candidate_requires_pharmacology_review
medication.antihypertensive.read_v2_drug,medication,antihypertensive,read_v2_drug,gp_scripts,read_2,exact,true,bi6x.,TRITACE 5mg tablets,TRITACE 5mg tablets,core,prescription_exposure,not applicable,read_v2_drugs_bnf,Mapped BNF code: 02.05.05.01,candidate_requires_pharmacology_review
medication.antihypertensive.read_v2_drug,medication,antihypertensive,read_v2_drug,gp_scripts,read_2,exact,true,bi6y.,TRITACE 2.5mg tablets,TRITACE 2.5mg tablets,core,prescription_exposure,not applicable,read_v2_drugs_bnf,Mapped BNF code: 02.05.05.01,candidate_requires_pharmacology_review
medication.antihypertensive.read_v2_drug,medication,antihypertensive,read_v2_drug,gp_scripts,read_2,exact,true,bi6z.,TRITACE 1.25mg tablets,TRITACE 1.25mg tablets,core,prescription_exposure,not applicable,read_v2_drugs_bnf,Mapped BNF code: 02.05.05.01,candidate_requires_pharmacology_review
medication.antihypertensive.read_v2_drug,medication,antihypertensive,read_v2_drug,gp_scripts,read_2,exact,true,bi7..,SODIUM FOSINOPRIL,SODIUM FOSINOPRIL,core,prescription_exposure,not applicable,read_v2_drugs_bnf,Mapped BNF code: 02.05.05.01,candidate_requires_pharmacology_review
medication.antihypertensive.read_v2_drug,medication,antihypertensive,read_v2_drug,gp_scripts,read_2,exact,true,bi71.,FOSINOPRIL 10mg tablets,FOSINOPRIL 10mg tablets,core,prescription_exposure,not applicable,read_v2_drugs_bnf,Mapped BNF code: 02.05.05.01,candidate_requires_pharmacology_review
medication.antihypertensive.read_v2_drug,medication,antihypertensive,read_v2_drug,gp_scripts,read_2,exact,true,bi72.,FOSINOPRIL 20mg tablets,FOSINOPRIL 20mg tablets,core,prescription_exposure,not applicable,read_v2_drugs_bnf,Mapped BNF code: 02.05.05.01,candidate_requires_pharmacology_review
medication.antihypertensive.read_v2_drug,medication,antihypertensive,read_v2_drug,gp_scripts,read_2,exact,true,bi73.,*STARIL 10mg tablets,*STARIL 10mg tablets,core,prescription_exposure,not applicable,read_v2_drugs_bnf,Mapped BNF code: 02.05.05.01,candidate_requires_pharmacology_review
medication.antihypertensive.read_v2_drug,medication,antihypertensive,read_v2_drug,gp_scripts,read_2,exact,true,bi74.,*STARIL 20mg tablets,*STARIL 20mg tablets,core,prescription_exposure,not applicable,read_v2_drugs_bnf,Mapped BNF code: 02.05.05.01,candidate_requires_pharmacology_review
medication.antihypertensive.read_v2_drug,medication,antihypertensive,read_v2_drug,gp_scripts,read_2,exact,true,bi8..,CILAZAPRIL,CILAZAPRIL,core,prescription_exposure,not applicable,read_v2_drugs_bnf,Mapped BNF code: 02.05.05.01,candidate_requires_pharmacology_review
medication.antihypertensive.read_v2_drug,medication,antihypertensive,read_v2_drug,gp_scripts,read_2,exact,true,bi81.,CILAZAPRIL 250micrograms tablets,CILAZAPRIL 250micrograms tablets,core,prescription_exposure,not applicable,read_v2_drugs_bnf,Mapped BNF code: 02.05.05.01,candidate_requires_pharmacology_review
medication.antihypertensive.read_v2_drug,medication,antihypertensive,read_v2_drug,gp_scripts,read_2,exact,true,bi82.,CILAZAPRIL 500micrograms tablets,CILAZAPRIL 500micrograms tablets,core,prescription_exposure,not applicable,read_v2_drugs_bnf,Mapped BNF code: 02.05.05.01,candidate_requires_pharmacology_review
medication.antihypertensive.read_v2_drug,medication,antihypertensive,read_v2_drug,gp_scripts,read_2,exact,true,bi83.,*CILAZAPRIL 1mg tablets,*CILAZAPRIL 1mg tablets,core,prescription_exposure,not applicable,read_v2_drugs_bnf,Mapped BNF code: 02.05.05.01,candidate_requires_pharmacology_review
medication.antihypertensive.read_v2_drug,medication,antihypertensive,read_v2_drug,gp_scripts,read_2,exact,true,bi84.,*CILAZAPRIL 2.5mg tablets,*CILAZAPRIL 2.5mg tablets,core,prescription_exposure,not applicable,read_v2_drugs_bnf,Mapped BNF code: 02.05.05.01,candidate_requires_pharmacology_review
medication.antihypertensive.read_v2_drug,medication,antihypertensive,read_v2_drug,gp_scripts,read_2,exact,true,bi85.,*VASCACE 250micrograms tablets,*VASCACE 250micrograms tablets,core,prescription_exposure,not applicable,read_v2_drugs_bnf,Mapped BNF code: 02.05.05.01,candidate_requires_pharmacology_review
medication.antihypertensive.read_v2_drug,medication,antihypertensive,read_v2_drug,gp_scripts,read_2,exact,true,bi86.,*VASCACE 500micrograms tablets,*VASCACE 500micrograms tablets,core,prescription_exposure,not applicable,read_v2_drugs_bnf,Mapped BNF code: 02.05.05.01,candidate_requires_pharmacology_review
medication.antihypertensive.read_v2_drug,medication,antihypertensive,read_v2_drug,gp_scripts,read_2,exact,true,bi87.,*VASCACE 1mg tablets,*VASCACE 1mg tablets,core,prescription_exposure,not applicable,read_v2_drugs_bnf,Mapped BNF code: 02.05.05.01,candidate_requires_pharmacology_review
medication.antihypertensive.read_v2_drug,medication,antihypertensive,read_v2_drug,gp_scripts,read_2,exact,true,bi88.,*VASCACE 2.5mg tablets,*VASCACE 2.5mg tablets,core,prescription_exposure,not applicable,read_v2_drugs_bnf,Mapped BNF code: 02.05.05.01,candidate_requires_pharmacology_review
medication.antihypertensive.read_v2_drug,medication,antihypertensive,read_v2_drug,gp_scripts,read_2,exact,true,bi89.,*VASCACE 5mg tablets,*VASCACE 5mg tablets,core,prescription_exposure,not applicable,read_v2_drugs_bnf,Mapped BNF code: 02.05.05.01,candidate_requires_pharmacology_review
medication.antihypertensive.read_v2_drug,medication,antihypertensive,read_v2_drug,gp_scripts,read_2,exact,true,bi8a.,CILAZAPRIL 5mg tablets,CILAZAPRIL 5mg tablets,core,prescription_exposure,not applicable,read_v2_drugs_bnf,Mapped BNF code: 02.05.05.01,candidate_requires_pharmacology_review
medication.antihypertensive.read_v2_drug,medication,antihypertensive,read_v2_drug,gp_scripts,read_2,exact,true,bi9..,TRANDOLAPRIL,TRANDOLAPRIL,core,prescription_exposure,not applicable,read_v2_drugs_bnf,Mapped BNF code: 02.05.05.01,candidate_requires_pharmacology_review
medication.antihypertensive.read_v2_drug,medication,antihypertensive,read_v2_drug,gp_scripts,read_2,exact,true,bi91.,TRANDOLAPRIL 500micrograms capsules,TRANDOLAPRIL 500micrograms capsules,core,prescription_exposure,not applicable,read_v2_drugs_bnf,Mapped BNF code: 02.05.05.01,candidate_requires_pharmacology_review
medication.antihypertensive.read_v2_drug,medication,antihypertensive,read_v2_drug,gp_scripts,read_2,exact,true,bi92.,TRANDOLAPRIL 1mg capsules,TRANDOLAPRIL 1mg capsules,core,prescription_exposure,not applicable,read_v2_drugs_bnf,Mapped BNF code: 02.05.05.01,candidate_requires_pharmacology_review
medication.antihypertensive.read_v2_drug,medication,antihypertensive,read_v2_drug,gp_scripts,read_2,exact,true,bi93.,TRANDOLAPRIL 2mg capsules,TRANDOLAPRIL 2mg capsules,core,prescription_exposure,not applicable,read_v2_drugs_bnf,Mapped BNF code: 02.05.05.01,candidate_requires_pharmacology_review
medication.antihypertensive.read_v2_drug,medication,antihypertensive,read_v2_drug,gp_scripts,read_2,exact,true,bi94.,*GOPTEN 500micrograms capsules,*GOPTEN 500micrograms capsules,core,prescription_exposure,not applicable,read_v2_drugs_bnf,Mapped BNF code: 02.05.05.01,candidate_requires_pharmacology_review
medication.antihypertensive.read_v2_drug,medication,antihypertensive,read_v2_drug,gp_scripts,read_2,exact,true,bi95.,*GOPTEN 1mg capsules,*GOPTEN 1mg capsules,core,prescription_exposure,not applicable,read_v2_drugs_bnf,Mapped BNF code: 02.05.05.01,candidate_requires_pharmacology_review
medication.antihypertensive.read_v2_drug,medication,antihypertensive,read_v2_drug,gp_scripts,read_2,exact,true,bi96.,*GOPTEN 2mg capsules,*GOPTEN 2mg capsules,core,prescription_exposure,not applicable,read_v2_drugs_bnf,Mapped BNF code: 02.05.05.01,candidate_requires_pharmacology_review
medication.antihypertensive.read_v2_drug,medication,antihypertensive,read_v2_drug,gp_scripts,read_2,exact,true,bi97.,*ODRIK 500micrograms capsules,*ODRIK 500micrograms capsules,core,prescription_exposure,not applicable,read_v2_drugs_bnf,Mapped BNF code: 02.05.05.01,candidate_requires_pharmacology_review
medication.antihypertensive.read_v2_drug,medication,antihypertensive,read_v2_drug,gp_scripts,read_2,exact,true,bi98.,*ODRIK 1mg capsules,*ODRIK 1mg capsules,core,prescription_exposure,not applicable,read_v2_drugs_bnf,Mapped BNF code: 02.05.05.01,candidate_requires_pharmacology_review
medication.antihypertensive.read_v2_drug,medication,antihypertensive,read_v2_drug,gp_scripts,read_2,exact,true,bi99.,*ODRIK 2mg capsules,*ODRIK 2mg capsules,core,prescription_exposure,not applicable,read_v2_drugs_bnf,Mapped BNF code: 02.05.05.01,candidate_requires_pharmacology_review
medication.antihypertensive.read_v2_drug,medication,antihypertensive,read_v2_drug,gp_scripts,read_2,exact,true,bi9A.,*GOPTEN 4mg capsules,*GOPTEN 4mg capsules,core,prescription_exposure,not applicable,read_v2_drugs_bnf,Mapped BNF code: 02.05.05.01,candidate_requires_pharmacology_review
medication.antihypertensive.read_v2_drug,medication,antihypertensive,read_v2_drug,gp_scripts,read_2,exact,true,bi9z.,TRANDOLAPRIL 4mg capsules,TRANDOLAPRIL 4mg capsules,core,prescription_exposure,not applicable,read_v2_drugs_bnf,Mapped BNF code: 02.05.05.01,candidate_requires_pharmacology_review
medication.antihypertensive.read_v2_drug,medication,antihypertensive,read_v2_drug,gp_scripts,read_2,exact,true,biA..,MOEXIPRIL,MOEXIPRIL,core,prescription_exposure,not applicable,read_v2_drugs_bnf,Mapped BNF code: 02.05.05.01,candidate_requires_pharmacology_review
medication.antihypertensive.read_v2_drug,medication,antihypertensive,read_v2_drug,gp_scripts,read_2,exact,true,biA1.,MOEXIPRIL HYDROCHLORIDE 7.5mg tablets,MOEXIPRIL HYDROCHLORIDE 7.5mg tablets,core,prescription_exposure,not applicable,read_v2_drugs_bnf,Mapped BNF code: 02.05.05.01,candidate_requires_pharmacology_review
medication.antihypertensive.read_v2_drug,medication,antihypertensive,read_v2_drug,gp_scripts,read_2,exact,true,biA2.,MOEXIPRIL HYDROCHLORIDE 15mg tablets,MOEXIPRIL HYDROCHLORIDE 15mg tablets,core,prescription_exposure,not applicable,read_v2_drugs_bnf,Mapped BNF code: 02.05.05.01,candidate_requires_pharmacology_review
medication.antihypertensive.read_v2_drug,medication,antihypertensive,read_v2_drug,gp_scripts,read_2,exact,true,biA3.,PERDIX 7.5mg tablets,PERDIX 7.5mg tablets,core,prescription_exposure,not applicable,read_v2_drugs_bnf,Mapped BNF code: 02.05.05.01,candidate_requires_pharmacology_review
medication.antihypertensive.read_v2_drug,medication,antihypertensive,read_v2_drug,gp_scripts,read_2,exact,true,biA4.,PERDIX 15mg tablets,PERDIX 15mg tablets,core,prescription_exposure,not applicable,read_v2_drugs_bnf,Mapped BNF code: 02.05.05.01,candidate_requires_pharmacology_review
medication.antihypertensive.read_v2_drug,medication,antihypertensive,read_v2_drug,gp_scripts,read_2,exact,true,biB..,IMIDAPRIL HYDROCHLORIDE,IMIDAPRIL HYDROCHLORIDE,core,prescription_exposure,not applicable,read_v2_drugs_bnf,Mapped BNF code: 02.05.05.01,candidate_requires_pharmacology_review
medication.antihypertensive.read_v2_drug,medication,antihypertensive,read_v2_drug,gp_scripts,read_2,exact,true,biB1.,TANATRIL 5mg tablets,TANATRIL 5mg tablets,core,prescription_exposure,not applicable,read_v2_drugs_bnf,Mapped BNF code: 02.05.05.01,candidate_requires_pharmacology_review
medication.antihypertensive.read_v2_drug,medication,antihypertensive,read_v2_drug,gp_scripts,read_2,exact,true,biB2.,TANATRIL 10mg tablets,TANATRIL 10mg tablets,core,prescription_exposure,not applicable,read_v2_drugs_bnf,Mapped BNF code: 02.05.05.01,candidate_requires_pharmacology_review
medication.antihypertensive.read_v2_drug,medication,antihypertensive,read_v2_drug,gp_scripts,read_2,exact,true,biB3.,TANATRIL 20mg tablets,TANATRIL 20mg tablets,core,prescription_exposure,not applicable,read_v2_drugs_bnf,Mapped BNF code: 02.05.05.01,candidate_requires_pharmacology_review
medication.antihypertensive.read_v2_drug,medication,antihypertensive,read_v2_drug,gp_scripts,read_2,exact,true,biBx.,IMIDAPRIL HYDROCHLORIDE 20mg tablets,IMIDAPRIL HYDROCHLORIDE 20mg tablets,core,prescription_exposure,not applicable,read_v2_drugs_bnf,Mapped BNF code: 02.05.05.01,candidate_requires_pharmacology_review
medication.antihypertensive.read_v2_drug,medication,antihypertensive,read_v2_drug,gp_scripts,read_2,exact,true,biBy.,IMIDAPRIL HYDROCHLORIDE 5mg tablets,IMIDAPRIL HYDROCHLORIDE 5mg tablets,core,prescription_exposure,not applicable,read_v2_drugs_bnf,Mapped BNF code: 02.05.05.01,candidate_requires_pharmacology_review
medication.antihypertensive.read_v2_drug,medication,antihypertensive,read_v2_drug,gp_scripts,read_2,exact,true,biBz.,IMIDAPRIL HYDROCHLORIDE 10mg tablets,IMIDAPRIL HYDROCHLORIDE 10mg tablets,core,prescription_exposure,not applicable,read_v2_drugs_bnf,Mapped BNF code: 02.05.05.01,candidate_requires_pharmacology_review
medication.antihypertensive.read_v2_drug,medication,antihypertensive,read_v2_drug,gp_scripts,read_2,exact,true,biC..,PERINDOPRIL ARGININE,PERINDOPRIL ARGININE,core,prescription_exposure,not applicable,read_v2_drugs_bnf,Mapped BNF code: 02.05.05.01,candidate_requires_pharmacology_review
medication.antihypertensive.read_v2_drug,medication,antihypertensive,read_v2_drug,gp_scripts,read_2,exact,true,biC1.,COVERSYL ARGININE 2.5mg tablets,COVERSYL ARGININE 2.5mg tablets,core,prescription_exposure,not applicable,read_v2_drugs_bnf,Mapped BNF code: 02.05.05.01,candidate_requires_pharmacology_review
medication.antihypertensive.read_v2_drug,medication,antihypertensive,read_v2_drug,gp_scripts,read_2,exact,true,biC2.,PERINDOPRIL ARGININE 2.5mg tablets,PERINDOPRIL ARGININE 2.5mg tablets,core,prescription_exposure,not applicable,read_v2_drugs_bnf,Mapped BNF code: 02.05.05.01,candidate_requires_pharmacology_review
medication.antihypertensive.read_v2_drug,medication,antihypertensive,read_v2_drug,gp_scripts,read_2,exact,true,biC3.,COVERSYL ARGININE 5mg tablets,COVERSYL ARGININE 5mg tablets,core,prescription_exposure,not applicable,read_v2_drugs_bnf,Mapped BNF code: 02.05.05.01,candidate_requires_pharmacology_review
medication.antihypertensive.read_v2_drug,medication,antihypertensive,read_v2_drug,gp_scripts,read_2,exact,true,biC4.,PERINDOPRIL ARGININE 5mg tablets,PERINDOPRIL ARGININE 5mg tablets,core,prescription_exposure,not applicable,read_v2_drugs_bnf,Mapped BNF code: 02.05.05.01,candidate_requires_pharmacology_review
medication.antihypertensive.read_v2_drug,medication,antihypertensive,read_v2_drug,gp_scripts,read_2,exact,true,biC5.,COVERSYL ARGININE 10mg tablets,COVERSYL ARGININE 10mg tablets,core,prescription_exposure,not applicable,read_v2_drugs_bnf,Mapped BNF code: 02.05.05.01,candidate_requires_pharmacology_review
medication.antihypertensive.read_v2_drug,medication,antihypertensive,read_v2_drug,gp_scripts,read_2,exact,true,biC6.,PERINDOPRIL ARGININE 10mg tablets,PERINDOPRIL ARGININE 10mg tablets,core,prescription_exposure,not applicable,read_v2_drugs_bnf,Mapped BNF code: 02.05.05.01,candidate_requires_pharmacology_review
medication.antihypertensive.read_v2_drug,medication,antihypertensive,read_v2_drug,gp_scripts,read_2,exact,true,biC7.,COVERSYL ARGININE PLUS 5mg/1.25mg tablets,COVERSYL ARGININE PLUS 5mg/1.25mg tablets,core,prescription_exposure,not applicable,read_v2_drugs_bnf,Mapped BNF code: 02.05.05.01,candidate_requires_pharmacology_review
medication.antihypertensive.read_v2_drug,medication,antihypertensive,read_v2_drug,gp_scripts,read_2,exact,true,biC8.,PERINDOPRIL ARGININE+INDAPAMIDE 5mg/1.25mg tablets,PERINDOPRIL ARGININE+INDAPAMIDE 5mg/1.25mg tablets,core,prescription_exposure,not applicable,read_v2_drugs_bnf,Mapped BNF code: 02.05.05.01,candidate_requires_pharmacology_review
medication.antihypertensive.read_v2_drug,medication,antihypertensive,read_v2_drug,gp_scripts,read_2,exact,true,bk21.,*HYPERCAL-B tablets,*HYPERCAL-B tablets,core,prescription_exposure,not applicable,read_v2_drugs_bnf,Mapped BNF code: 02.05.02.00,candidate_requires_pharmacology_review
medication.antihypertensive.read_v2_drug,medication,antihypertensive,read_v2_drug,gp_scripts,read_2,exact,true,bk3..,LOSARTAN,LOSARTAN,core,prescription_exposure,not applicable,read_v2_drugs_bnf,Mapped BNF code: 02.05.05.02,candidate_requires_pharmacology_review
medication.antihypertensive.read_v2_drug,medication,antihypertensive,read_v2_drug,gp_scripts,read_2,exact,true,bk31.,LOSARTAN POTASSIUM 25mg tablets,LOSARTAN POTASSIUM 25mg tablets,core,prescription_exposure,not applicable,read_v2_drugs_bnf,Mapped BNF code: 02.05.05.02,candidate_requires_pharmacology_review
medication.antihypertensive.read_v2_drug,medication,antihypertensive,read_v2_drug,gp_scripts,read_2,exact,true,bk32.,LOSARTAN POTASSIUM 50mg tablets,LOSARTAN POTASSIUM 50mg tablets,core,prescription_exposure,not applicable,read_v2_drugs_bnf,Mapped BNF code: 02.05.05.02,candidate_requires_pharmacology_review
medication.antihypertensive.read_v2_drug,medication,antihypertensive,read_v2_drug,gp_scripts,read_2,exact,true,bk33.,COZAAR HALF-STRENGTH 25mg tablets,COZAAR HALF-STRENGTH 25mg tablets,core,prescription_exposure,not applicable,read_v2_drugs_bnf,Mapped BNF code: 02.05.05.02,candidate_requires_pharmacology_review
medication.antihypertensive.read_v2_drug,medication,antihypertensive,read_v2_drug,gp_scripts,read_2,exact,true,bk34.,COZAAR 50mg tablets,COZAAR 50mg tablets,core,prescription_exposure,not applicable,read_v2_drugs_bnf,Mapped BNF code: 02.05.05.02,candidate_requires_pharmacology_review
medication.antihypertensive.read_v2_drug,medication,antihypertensive,read_v2_drug,gp_scripts,read_2,exact,true,bk35.,LOSARTAN POTASSIUM+HYDROCHLOROTHIAZIDE 50mg/12.5mg tablets,LOSARTAN POTASSIUM+HYDROCHLOROTHIAZIDE 50mg/12.5mg tablets,core,prescription_exposure,not applicable,read_v2_drugs_bnf,Mapped BNF code: 02.05.05.02,candidate_requires_pharmacology_review
medication.antihypertensive.read_v2_drug,medication,antihypertensive,read_v2_drug,gp_scripts,read_2,exact,true,bk36.,COZAAR-COMP 50mg/12.5mg tablets,COZAAR-COMP 50mg/12.5mg tablets,core,prescription_exposure,not applicable,read_v2_drugs_bnf,Mapped BNF code: 02.05.05.02,candidate_requires_pharmacology_review
medication.antihypertensive.read_v2_drug,medication,antihypertensive,read_v2_drug,gp_scripts,read_2,exact,true,bk37.,LOSARTAN POTASSIUM 100mg tablets,LOSARTAN POTASSIUM 100mg tablets,core,prescription_exposure,not applicable,read_v2_drugs_bnf,Mapped BNF code: 02.05.05.02,candidate_requires_pharmacology_review
medication.antihypertensive.read_v2_drug,medication,antihypertensive,read_v2_drug,gp_scripts,read_2,exact,true,bk38.,COZAAR 100mg tablets,COZAAR 100mg tablets,core,prescription_exposure,not applicable,read_v2_drugs_bnf,Mapped BNF code: 02.05.05.02,candidate_requires_pharmacology_review
medication.antihypertensive.read_v2_drug,medication,antihypertensive,read_v2_drug,gp_scripts,read_2,exact,true,bk39.,COZAAR-COMP 100mg/25mg tablets,COZAAR-COMP 100mg/25mg tablets,core,prescription_exposure,not applicable,read_v2_drugs_bnf,Mapped BNF code: 02.05.05.02,candidate_requires_pharmacology_review
medication.antihypertensive.read_v2_drug,medication,antihypertensive,read_v2_drug,gp_scripts,read_2,exact,true,bk3A.,COZAAR-COMP 100mg/12.5mg tablets,COZAAR-COMP 100mg/12.5mg tablets,core,prescription_exposure,not applicable,read_v2_drugs_bnf,Mapped BNF code: 02.05.05.02,candidate_requires_pharmacology_review
medication.antihypertensive.read_v2_drug,medication,antihypertensive,read_v2_drug,gp_scripts,read_2,exact,true,bk3B.,COZAAR 12.5mg tablets,COZAAR 12.5mg tablets,core,prescription_exposure,not applicable,read_v2_drugs_bnf,Mapped BNF code: 02.05.05.02,candidate_requires_pharmacology_review
medication.antihypertensive.read_v2_drug,medication,antihypertensive,read_v2_drug,gp_scripts,read_2,exact,true,bk3C.,LOSARTAN POTASSIUM 12.5mg tablets,LOSARTAN POTASSIUM 12.5mg tablets,core,prescription_exposure,not applicable,read_v2_drugs_bnf,Mapped BNF code: 02.05.05.02,candidate_requires_pharmacology_review
medication.antihypertensive.read_v2_drug,medication,antihypertensive,read_v2_drug,gp_scripts,read_2,exact,true,bk3D.,COZAAR 2.5mg/mL oral suspension,COZAAR 2.5mg/mL oral suspension,core,prescription_exposure,not applicable,read_v2_drugs_bnf,Mapped BNF code: 02.05.05.02,candidate_requires_pharmacology_review
medication.antihypertensive.read_v2_drug,medication,antihypertensive,read_v2_drug,gp_scripts,read_2,exact,true,bk3E.,LOSARTAN POTASSIUM 2.5mg/mL oral suspension,LOSARTAN POTASSIUM 2.5mg/mL oral suspension,core,prescription_exposure,not applicable,read_v2_drugs_bnf,Mapped BNF code: 02.05.05.02,candidate_requires_pharmacology_review
medication.antihypertensive.read_v2_drug,medication,antihypertensive,read_v2_drug,gp_scripts,read_2,exact,true,bk3F.,ZOVENCAL 25mg tablets,ZOVENCAL 25mg tablets,core,prescription_exposure,not applicable,read_v2_drugs_bnf,Mapped BNF code: 02.05.05.02,candidate_requires_pharmacology_review
medication.antihypertensive.read_v2_drug,medication,antihypertensive,read_v2_drug,gp_scripts,read_2,exact,true,bk3G.,ZOVENCAL 50mg tablets,ZOVENCAL 50mg tablets,core,prescription_exposure,not applicable,read_v2_drugs_bnf,Mapped BNF code: 02.05.05.02,candidate_requires_pharmacology_review
medication.antihypertensive.read_v2_drug,medication,antihypertensive,read_v2_drug,gp_scripts,read_2,exact,true,bk3H.,ZOVENCAL 100mg tablets,ZOVENCAL 100mg tablets,core,prescription_exposure,not applicable,read_v2_drugs_bnf,Mapped BNF code: 02.05.05.02,candidate_requires_pharmacology_review
medication.antihypertensive.read_v2_drug,medication,antihypertensive,read_v2_drug,gp_scripts,read_2,exact,true,bk3y.,LOSARTAN POTASSIUM+HYDROCHLOROTHIAZIDE 100mg/12.5mg tablets,LOSARTAN POTASSIUM+HYDROCHLOROTHIAZIDE 100mg/12.5mg tablets,core,prescription_exposure,not applicable,read_v2_drugs_bnf,Mapped BNF code: 02.05.05.02,candidate_requires_pharmacology_review
medication.antihypertensive.read_v2_drug,medication,antihypertensive,read_v2_drug,gp_scripts,read_2,exact,true,bk3z.,LOSARTAN POTASSIUM+HYDROCHLOROTHIAZIDE 100mg/25mg tablets,LOSARTAN POTASSIUM+HYDROCHLOROTHIAZIDE 100mg/25mg tablets,core,prescription_exposure,not applicable,read_v2_drugs_bnf,Mapped BNF code: 02.05.05.02,candidate_requires_pharmacology_review
medication.antihypertensive.read_v2_drug,medication,antihypertensive,read_v2_drug,gp_scripts,read_2,exact,true,bk4..,VALSARTAN,VALSARTAN,core,prescription_exposure,not applicable,read_v2_drugs_bnf,Mapped BNF code: 02.05.05.02,candidate_requires_pharmacology_review
medication.antihypertensive.read_v2_drug,medication,antihypertensive,read_v2_drug,gp_scripts,read_2,exact,true,bk41.,VALSARTAN 40mg capsules,VALSARTAN 40mg capsules,core,prescription_exposure,not applicable,read_v2_drugs_bnf,Mapped BNF code: 02.05.05.02,candidate_requires_pharmacology_review
medication.antihypertensive.read_v2_drug,medication,antihypertensive,read_v2_drug,gp_scripts,read_2,exact,true,bk42.,VALSARTAN 80mg capsules,VALSARTAN 80mg capsules,core,prescription_exposure,not applicable,read_v2_drugs_bnf,Mapped BNF code: 02.05.05.02,candidate_requires_pharmacology_review
medication.antihypertensive.read_v2_drug,medication,antihypertensive,read_v2_drug,gp_scripts,read_2,exact,true,bk43.,VALSARTAN 160mg capsules,VALSARTAN 160mg capsules,core,prescription_exposure,not applicable,read_v2_drugs_bnf,Mapped BNF code: 02.05.05.02,candidate_requires_pharmacology_review
medication.antihypertensive.read_v2_drug,medication,antihypertensive,read_v2_drug,gp_scripts,read_2,exact,true,bk44.,DIOVAN 40mg capsules,DIOVAN 40mg capsules,core,prescription_exposure,not applicable,read_v2_drugs_bnf,Mapped BNF code: 02.05.05.02,candidate_requires_pharmacology_review
medication.antihypertensive.read_v2_drug,medication,antihypertensive,read_v2_drug,gp_scripts,read_2,exact,true,bk45.,DIOVAN 80mg capsules,DIOVAN 80mg capsules,core,prescription_exposure,not applicable,read_v2_drugs_bnf,Mapped BNF code: 02.05.05.02,candidate_requires_pharmacology_review
medication.antihypertensive.read_v2_drug,medication,antihypertensive,read_v2_drug,gp_scripts,read_2,exact,true,bk46.,DIOVAN 160mg capsules,DIOVAN 160mg capsules,core,prescription_exposure,not applicable,read_v2_drugs_bnf,Mapped BNF code: 02.05.05.02,candidate_requires_pharmacology_review
medication.antihypertensive.read_v2_drug,medication,antihypertensive,read_v2_drug,gp_scripts,read_2,exact,true,bk47.,CO-DIOVAN 160mg/12.5mg tablets,CO-DIOVAN 160mg/12.5mg tablets,core,prescription_exposure,not applicable,read_v2_drugs_bnf,Mapped BNF code: 02.05.05.02,candidate_requires_pharmacology_review
medication.antihypertensive.read_v2_drug,medication,antihypertensive,read_v2_drug,gp_scripts,read_2,exact,true,bk48.,CO-DIOVAN 160mg/25mg tablets,CO-DIOVAN 160mg/25mg tablets,core,prescription_exposure,not applicable,read_v2_drugs_bnf,Mapped BNF code: 02.05.05.02,candidate_requires_pharmacology_review
medication.antihypertensive.read_v2_drug,medication,antihypertensive,read_v2_drug,gp_scripts,read_2,exact,true,bk49.,CO-DIOVAN 80mg/12.5mg tablets,CO-DIOVAN 80mg/12.5mg tablets,core,prescription_exposure,not applicable,read_v2_drugs_bnf,Mapped BNF code: 02.05.05.02,candidate_requires_pharmacology_review
medication.antihypertensive.read_v2_drug,medication,antihypertensive,read_v2_drug,gp_scripts,read_2,exact,true,bk4A.,DIOVAN 40mg tablets,DIOVAN 40mg tablets,core,prescription_exposure,not applicable,read_v2_drugs_bnf,Mapped BNF code: 02.05.05.02,candidate_requires_pharmacology_review
medication.antihypertensive.read_v2_drug,medication,antihypertensive,read_v2_drug,gp_scripts,read_2,exact,true,bk4B.,DIOVAN 320mg tablets,DIOVAN 320mg tablets,core,prescription_exposure,not applicable,read_v2_drugs_bnf,Mapped BNF code: 02.05.05.02,candidate_requires_pharmacology_review
medication.antihypertensive.read_v2_drug,medication,antihypertensive,read_v2_drug,gp_scripts,read_2,exact,true,bk4C.,DIOVAN 3mg/mL oral solution,DIOVAN 3mg/mL oral solution,core,prescription_exposure,not applicable,read_v2_drugs_bnf,Mapped BNF code: 02.05.05.02,candidate_requires_pharmacology_review
medication.antihypertensive.read_v2_drug,medication,antihypertensive,read_v2_drug,gp_scripts,read_2,exact,true,bk4s.,VALSARTAN 80mg tablets,VALSARTAN 80mg tablets,core,prescription_exposure,not applicable,read_v2_drugs_bnf,Mapped BNF code: 02.05.05.02,candidate_requires_pharmacology_review
medication.antihypertensive.read_v2_drug,medication,antihypertensive,read_v2_drug,gp_scripts,read_2,exact,true,bk4t.,VALSARTAN 160mg tablets,VALSARTAN 160mg tablets,core,prescription_exposure,not applicable,read_v2_drugs_bnf,Mapped BNF code: 02.05.05.02,candidate_requires_pharmacology_review
medication.antihypertensive.read_v2_drug,medication,antihypertensive,read_v2_drug,gp_scripts,read_2,exact,true,bk4u.,VALSARTAN 3mg/mL oral solution,VALSARTAN 3mg/mL oral solution,core,prescription_exposure,not applicable,read_v2_drugs_bnf,Mapped BNF code: 02.05.05.02,candidate_requires_pharmacology_review
medication.antihypertensive.read_v2_drug,medication,antihypertensive,read_v2_drug,gp_scripts,read_2,exact,true,bk4v.,VALSARTAN 320mg tablets,VALSARTAN 320mg tablets,core,prescription_exposure,not applicable,read_v2_drugs_bnf,Mapped BNF code: 02.05.05.02,candidate_requires_pharmacology_review
medication.antihypertensive.read_v2_drug,medication,antihypertensive,read_v2_drug,gp_scripts,read_2,exact,true,bk4w.,VALSARTAN 40mg tablets,VALSARTAN 40mg tablets,core,prescription_exposure,not applicable,read_v2_drugs_bnf,Mapped BNF code: 02.05.05.02,candidate_requires_pharmacology_review
medication.antihypertensive.read_v2_drug,medication,antihypertensive,read_v2_drug,gp_scripts,read_2,exact,true,bk4x.,VALSARTAN+HYDROCHLOROTHIAZIDE 80mg/12.5mg tablets,VALSARTAN+HYDROCHLOROTHIAZIDE 80mg/12.5mg tablets,core,prescription_exposure,not applicable,read_v2_drugs_bnf,Mapped BNF code: 02.05.05.02,candidate_requires_pharmacology_review
medication.antihypertensive.read_v2_drug,medication,antihypertensive,read_v2_drug,gp_scripts,read_2,exact,true,bk4y.,VALSARTAN+HYDROCHLOROTHIAZIDE 160mg/25mg tablets,VALSARTAN+HYDROCHLOROTHIAZIDE 160mg/25mg tablets,core,prescription_exposure,not applicable,read_v2_drugs_bnf,Mapped BNF code: 02.05.05.02,candidate_requires_pharmacology_review
medication.antihypertensive.read_v2_drug,medication,antihypertensive,read_v2_drug,gp_scripts,read_2,exact,true,bk4z.,VALSARTAN+HYDROCHLOROTHIAZIDE 160mg/12.5mg tablets,VALSARTAN+HYDROCHLOROTHIAZIDE 160mg/12.5mg tablets,core,prescription_exposure,not applicable,read_v2_drugs_bnf,Mapped BNF code: 02.05.05.02,candidate_requires_pharmacology_review
medication.antihypertensive.read_v2_drug,medication,antihypertensive,read_v2_drug,gp_scripts,read_2,exact,true,bk5..,IRBESARTAN,IRBESARTAN,core,prescription_exposure,not applicable,read_v2_drugs_bnf,Mapped BNF code: 02.05.05.02,candidate_requires_pharmacology_review
medication.antihypertensive.read_v2_drug,medication,antihypertensive,read_v2_drug,gp_scripts,read_2,exact,true,bk51.,IRBESARTAN 75mg tablets,IRBESARTAN 75mg tablets,core,prescription_exposure,not applicable,read_v2_drugs_bnf,Mapped BNF code: 02.05.05.02,candidate_requires_pharmacology_review
medication.antihypertensive.read_v2_drug,medication,antihypertensive,read_v2_drug,gp_scripts,read_2,exact,true,bk52.,IRBESARTAN 150mg tablets,IRBESARTAN 150mg tablets,core,prescription_exposure,not applicable,read_v2_drugs_bnf,Mapped BNF code: 02.05.05.02,candidate_requires_pharmacology_review
medication.antihypertensive.read_v2_drug,medication,antihypertensive,read_v2_drug,gp_scripts,read_2,exact,true,bk53.,IRBESARTAN 300mg tablets,IRBESARTAN 300mg tablets,core,prescription_exposure,not applicable,read_v2_drugs_bnf,Mapped BNF code: 02.05.05.02,candidate_requires_pharmacology_review
medication.antihypertensive.read_v2_drug,medication,antihypertensive,read_v2_drug,gp_scripts,read_2,exact,true,bk54.,APROVEL 75mg tablets,APROVEL 75mg tablets,core,prescription_exposure,not applicable,read_v2_drugs_bnf,Mapped BNF code: 02.05.05.02,candidate_requires_pharmacology_review
medication.antihypertensive.read_v2_drug,medication,antihypertensive,read_v2_drug,gp_scripts,read_2,exact,true,bk55.,APROVEL 150mg tablets,APROVEL 150mg tablets,core,prescription_exposure,not applicable,read_v2_drugs_bnf,Mapped BNF code: 02.05.05.02,candidate_requires_pharmacology_review
medication.antihypertensive.read_v2_drug,medication,antihypertensive,read_v2_drug,gp_scripts,read_2,exact,true,bk56.,APROVEL 300mg tablets,APROVEL 300mg tablets,core,prescription_exposure,not applicable,read_v2_drugs_bnf,Mapped BNF code: 02.05.05.02,candidate_requires_pharmacology_review
medication.antihypertensive.read_v2_drug,medication,antihypertensive,read_v2_drug,gp_scripts,read_2,exact,true,bk57.,COAPROVEL 150mg/12.5mg tablets,COAPROVEL 150mg/12.5mg tablets,core,prescription_exposure,not applicable,read_v2_drugs_bnf,Mapped BNF code: 02.05.05.02,candidate_requires_pharmacology_review
medication.antihypertensive.read_v2_drug,medication,antihypertensive,read_v2_drug,gp_scripts,read_2,exact,true,bk58.,COAPROVEL 300mg/12.5mg tablets,COAPROVEL 300mg/12.5mg tablets,core,prescription_exposure,not applicable,read_v2_drugs_bnf,Mapped BNF code: 02.05.05.02,candidate_requires_pharmacology_review
medication.antihypertensive.read_v2_drug,medication,antihypertensive,read_v2_drug,gp_scripts,read_2,exact,true,bk59.,COAPROVEL 300mg/25mg tablets,COAPROVEL 300mg/25mg tablets,core,prescription_exposure,not applicable,read_v2_drugs_bnf,Mapped BNF code: 02.05.05.02,candidate_requires_pharmacology_review
medication.antihypertensive.read_v2_drug,medication,antihypertensive,read_v2_drug,gp_scripts,read_2,exact,true,bk5x.,IRBESARTAN+HYDROCHLOROTHIAZIDE 300mg/25mg tablets,IRBESARTAN+HYDROCHLOROTHIAZIDE 300mg/25mg tablets,core,prescription_exposure,not applicable,read_v2_drugs_bnf,Mapped BNF code: 02.05.05.02,candidate_requires_pharmacology_review
medication.antihypertensive.read_v2_drug,medication,antihypertensive,read_v2_drug,gp_scripts,read_2,exact,true,bk5y.,IRBESARTAN+HYDROCHLOROTHIAZIDE 300mg/12.5mg tablets,IRBESARTAN+HYDROCHLOROTHIAZIDE 300mg/12.5mg tablets,core,prescription_exposure,not applicable,read_v2_drugs_bnf,Mapped BNF code: 02.05.05.02,candidate_requires_pharmacology_review
medication.antihypertensive.read_v2_drug,medication,antihypertensive,read_v2_drug,gp_scripts,read_2,exact,true,bk5z.,IRBESARTAN+HYDROCHLOROTHIAZIDE 150mg/12.5mg tablets,IRBESARTAN+HYDROCHLOROTHIAZIDE 150mg/12.5mg tablets,core,prescription_exposure,not applicable,read_v2_drugs_bnf,Mapped BNF code: 02.05.05.02,candidate_requires_pharmacology_review
medication.antihypertensive.read_v2_drug,medication,antihypertensive,read_v2_drug,gp_scripts,read_2,exact,true,bk6..,TRANDOLAPRIL+VERAPAMIL HYDROCHLORIDE,TRANDOLAPRIL+VERAPAMIL HYDROCHLORIDE,core,prescription_exposure,not applicable,read_v2_drugs_bnf,Mapped BNF code: 02.05.05.01,candidate_requires_pharmacology_review
medication.antihypertensive.read_v2_drug,medication,antihypertensive,read_v2_drug,gp_scripts,read_2,exact,true,bk61.,TRANDOLAPRIL+VERAPAMIL HYDROCHLORIDE 2mg/180mg m/r capsules,TRANDOLAPRIL+VERAPAMIL HYDROCHLORIDE 2mg/180mg m/r capsules,core,prescription_exposure,not applicable,read_v2_drugs_bnf,Mapped BNF code: 02.05.05.01,candidate_requires_pharmacology_review
medication.antihypertensive.read_v2_drug,medication,antihypertensive,read_v2_drug,gp_scripts,read_2,exact,true,bk62.,*TARKA 2mg/180mg m/r capsules,*TARKA 2mg/180mg m/r capsules,core,prescription_exposure,not applicable,read_v2_drugs_bnf,Mapped BNF code: 02.05.05.01,candidate_requires_pharmacology_review
medication.antihypertensive.read_v2_drug,medication,antihypertensive,read_v2_drug,gp_scripts,read_2,exact,true,bk7..,CANDESARTAN CILEXETIL,CANDESARTAN CILEXETIL,core,prescription_exposure,not applicable,read_v2_drugs_bnf,Mapped BNF code: 02.05.05.02,candidate_requires_pharmacology_review
medication.antihypertensive.read_v2_drug,medication,antihypertensive,read_v2_drug,gp_scripts,read_2,exact,true,bk71.,CANDESARTAN CILEXETIL 2mg tablets,CANDESARTAN CILEXETIL 2mg tablets,core,prescription_exposure,not applicable,read_v2_drugs_bnf,Mapped BNF code: 02.05.05.02,candidate_requires_pharmacology_review
medication.antihypertensive.read_v2_drug,medication,antihypertensive,read_v2_drug,gp_scripts,read_2,exact,true,bk72.,CANDESARTAN CILEXETIL 4mg tablets,CANDESARTAN CILEXETIL 4mg tablets,core,prescription_exposure,not applicable,read_v2_drugs_bnf,Mapped BNF code: 02.05.05.02,candidate_requires_pharmacology_review
medication.antihypertensive.read_v2_drug,medication,antihypertensive,read_v2_drug,gp_scripts,read_2,exact,true,bk73.,CANDESARTAN CILEXETIL 8mg tablets,CANDESARTAN CILEXETIL 8mg tablets,core,prescription_exposure,not applicable,read_v2_drugs_bnf,Mapped BNF code: 02.05.05.02,candidate_requires_pharmacology_review
medication.antihypertensive.read_v2_drug,medication,antihypertensive,read_v2_drug,gp_scripts,read_2,exact,true,bk74.,CANDESARTAN CILEXETIL 16mg tablets,CANDESARTAN CILEXETIL 16mg tablets,core,prescription_exposure,not applicable,read_v2_drugs_bnf,Mapped BNF code: 02.05.05.02,candidate_requires_pharmacology_review
medication.antihypertensive.read_v2_drug,medication,antihypertensive,read_v2_drug,gp_scripts,read_2,exact,true,bk75.,AMIAS 2mg tablets,AMIAS 2mg tablets,core,prescription_exposure,not applicable,read_v2_drugs_bnf,Mapped BNF code: 02.05.05.02,candidate_requires_pharmacology_review
medication.antihypertensive.read_v2_drug,medication,antihypertensive,read_v2_drug,gp_scripts,read_2,exact,true,bk76.,AMIAS 4mg tablets,AMIAS 4mg tablets,core,prescription_exposure,not applicable,read_v2_drugs_bnf,Mapped BNF code: 02.05.05.02,candidate_requires_pharmacology_review
medication.antihypertensive.read_v2_drug,medication,antihypertensive,read_v2_drug,gp_scripts,read_2,exact,true,bk77.,AMIAS 8mg tablets,AMIAS 8mg tablets,core,prescription_exposure,not applicable,read_v2_drugs_bnf,Mapped BNF code: 02.05.05.02,candidate_requires_pharmacology_review
medication.antihypertensive.read_v2_drug,medication,antihypertensive,read_v2_drug,gp_scripts,read_2,exact,true,bk78.,AMIAS 16mg tablets,AMIAS 16mg tablets,core,prescription_exposure,not applicable,read_v2_drugs_bnf,Mapped BNF code: 02.05.05.02,candidate_requires_pharmacology_review
medication.antihypertensive.read_v2_drug,medication,antihypertensive,read_v2_drug,gp_scripts,read_2,exact,true,bk79.,AMIAS 32mg tablets,AMIAS 32mg tablets,core,prescription_exposure,not applicable,read_v2_drugs_bnf,Mapped BNF code: 02.05.05.02,candidate_requires_pharmacology_review
medication.antihypertensive.read_v2_drug,medication,antihypertensive,read_v2_drug,gp_scripts,read_2,exact,true,bk7z.,CANDESARTAN CILEXETIL 32mg tablets,CANDESARTAN CILEXETIL 32mg tablets,core,prescription_exposure,not applicable,read_v2_drugs_bnf,Mapped BNF code: 02.05.05.02,candidate_requires_pharmacology_review
medication.antihypertensive.read_v2_drug,medication,antihypertensive,read_v2_drug,gp_scripts,read_2,exact,true,bk8..,TELMISARTAN,TELMISARTAN,core,prescription_exposure,not applicable,read_v2_drugs_bnf,Mapped BNF code: 02.05.05.02,candidate_requires_pharmacology_review
medication.antihypertensive.read_v2_drug,medication,antihypertensive,read_v2_drug,gp_scripts,read_2,exact,true,bk81.,TELMISARTAN 40mg tablets,TELMISARTAN 40mg tablets,core,prescription_exposure,not applicable,read_v2_drugs_bnf,Mapped BNF code: 02.05.05.02,candidate_requires_pharmacology_review
medication.antihypertensive.read_v2_drug,medication,antihypertensive,read_v2_drug,gp_scripts,read_2,exact,true,bk82.,TELMISARTAN 80mg tablets,TELMISARTAN 80mg tablets,core,prescription_exposure,not applicable,read_v2_drugs_bnf,Mapped BNF code: 02.05.05.02,candidate_requires_pharmacology_review
medication.antihypertensive.read_v2_drug,medication,antihypertensive,read_v2_drug,gp_scripts,read_2,exact,true,bk83.,MICARDIS 40mg tablets,MICARDIS 40mg tablets,core,prescription_exposure,not applicable,read_v2_drugs_bnf,Mapped BNF code: 02.05.05.02,candidate_requires_pharmacology_review
medication.antihypertensive.read_v2_drug,medication,antihypertensive,read_v2_drug,gp_scripts,read_2,exact,true,bk84.,MICARDIS 80mg tablets,MICARDIS 80mg tablets,core,prescription_exposure,not applicable,read_v2_drugs_bnf,Mapped BNF code: 02.05.05.02,candidate_requires_pharmacology_review
medication.antihypertensive.read_v2_drug,medication,antihypertensive,read_v2_drug,gp_scripts,read_2,exact,true,bk85.,MICARDIS 20mg tablets,MICARDIS 20mg tablets,core,prescription_exposure,not applicable,read_v2_drugs_bnf,Mapped BNF code: 02.05.05.02,candidate_requires_pharmacology_review
medication.antihypertensive.read_v2_drug,medication,antihypertensive,read_v2_drug,gp_scripts,read_2,exact,true,bk86.,MICARDISPLUS 40mg/12.5mg tablets,MICARDISPLUS 40mg/12.5mg tablets,core,prescription_exposure,not applicable,read_v2_drugs_bnf,Mapped BNF code: 02.05.05.02,candidate_requires_pharmacology_review
medication.antihypertensive.read_v2_drug,medication,antihypertensive,read_v2_drug,gp_scripts,read_2,exact,true,bk87.,MICARDISPLUS 80mg/12.5mg tablets,MICARDISPLUS 80mg/12.5mg tablets,core,prescription_exposure,not applicable,read_v2_drugs_bnf,Mapped BNF code: 02.05.05.02,candidate_requires_pharmacology_review
medication.antihypertensive.read_v2_drug,medication,antihypertensive,read_v2_drug,gp_scripts,read_2,exact,true,bk88.,MICARDISPLUS 80mg/25mg tablets,MICARDISPLUS 80mg/25mg tablets,core,prescription_exposure,not applicable,read_v2_drugs_bnf,Mapped BNF code: 02.05.05.02,candidate_requires_pharmacology_review
medication.antihypertensive.read_v2_drug,medication,antihypertensive,read_v2_drug,gp_scripts,read_2,exact,true,bk8w.,TELMISARTAN+HYDROCHLOROTHIAZIDE 80mg/25mg tablets,TELMISARTAN+HYDROCHLOROTHIAZIDE 80mg/25mg tablets,core,prescription_exposure,not applicable,read_v2_drugs_bnf,Mapped BNF code: 02.05.05.02,candidate_requires_pharmacology_review
medication.antihypertensive.read_v2_drug,medication,antihypertensive,read_v2_drug,gp_scripts,read_2,exact,true,bk8x.,TELMISARTAN+HYDROCHLOROTHIAZIDE 40mg/12.5mg tablets,TELMISARTAN+HYDROCHLOROTHIAZIDE 40mg/12.5mg tablets,core,prescription_exposure,not applicable,read_v2_drugs_bnf,Mapped BNF code: 02.05.05.02,candidate_requires_pharmacology_review
medication.antihypertensive.read_v2_drug,medication,antihypertensive,read_v2_drug,gp_scripts,read_2,exact,true,bk8y.,TELMISARTAN+HYDROCHLOROTHIAZIDE 80mg/12.5mg tablets,TELMISARTAN+HYDROCHLOROTHIAZIDE 80mg/12.5mg tablets,core,prescription_exposure,not applicable,read_v2_drugs_bnf,Mapped BNF code: 02.05.05.02,candidate_requires_pharmacology_review
medication.antihypertensive.read_v2_drug,medication,antihypertensive,read_v2_drug,gp_scripts,read_2,exact,true,bk8z.,TELMISARTAN 20mg tablets,TELMISARTAN 20mg tablets,core,prescription_exposure,not applicable,read_v2_drugs_bnf,Mapped BNF code: 02.05.05.02,candidate_requires_pharmacology_review
medication.antihypertensive.read_v2_drug,medication,antihypertensive,read_v2_drug,gp_scripts,read_2,exact,true,bk9..,EPROSARTAN,EPROSARTAN,core,prescription_exposure,not applicable,read_v2_drugs_bnf,Mapped BNF code: 02.05.05.02,candidate_requires_pharmacology_review
medication.antihypertensive.read_v2_drug,medication,antihypertensive,read_v2_drug,gp_scripts,read_2,exact,true,bk91.,TEVETEN 300mg tablets,TEVETEN 300mg tablets,core,prescription_exposure,not applicable,read_v2_drugs_bnf,Mapped BNF code: 02.05.05.02,candidate_requires_pharmacology_review
medication.antihypertensive.read_v2_drug,medication,antihypertensive,read_v2_drug,gp_scripts,read_2,exact,true,bk92.,*TEVETEN 400mg tablets,*TEVETEN 400mg tablets,core,prescription_exposure,not applicable,read_v2_drugs_bnf,Mapped BNF code: 02.05.05.02,candidate_requires_pharmacology_review
medication.antihypertensive.read_v2_drug,medication,antihypertensive,read_v2_drug,gp_scripts,read_2,exact,true,bk93.,TEVETEN 600mg tablets,TEVETEN 600mg tablets,core,prescription_exposure,not applicable,read_v2_drugs_bnf,Mapped BNF code: 02.05.05.02,candidate_requires_pharmacology_review
medication.antihypertensive.read_v2_drug,medication,antihypertensive,read_v2_drug,gp_scripts,read_2,exact,true,bk9x.,EPROSARTAN 300mg tablets,EPROSARTAN 300mg tablets,core,prescription_exposure,not applicable,read_v2_drugs_bnf,Mapped BNF code: 02.05.05.02,candidate_requires_pharmacology_review
medication.antihypertensive.read_v2_drug,medication,antihypertensive,read_v2_drug,gp_scripts,read_2,exact,true,bk9y.,EPROSARTAN 400mg tablets,EPROSARTAN 400mg tablets,core,prescription_exposure,not applicable,read_v2_drugs_bnf,Mapped BNF code: 02.05.05.02,candidate_requires_pharmacology_review
medication.antihypertensive.read_v2_drug,medication,antihypertensive,read_v2_drug,gp_scripts,read_2,exact,true,bk9z.,EPROSARTAN 600mg tablets,EPROSARTAN 600mg tablets,core,prescription_exposure,not applicable,read_v2_drugs_bnf,Mapped BNF code: 02.05.05.02,candidate_requires_pharmacology_review
medication.antihypertensive.read_v2_drug,medication,antihypertensive,read_v2_drug,gp_scripts,read_2,exact,true,bkB..,OLMESARTAN,OLMESARTAN,core,prescription_exposure,not applicable,read_v2_drugs_bnf,Mapped BNF code: 02.05.05.02,candidate_requires_pharmacology_review
medication.antihypertensive.read_v2_drug,medication,antihypertensive,read_v2_drug,gp_scripts,read_2,exact,true,bkB1.,OLMESARTAN MEDOXOMIL 10mg tablets,OLMESARTAN MEDOXOMIL 10mg tablets,core,prescription_exposure,not applicable,read_v2_drugs_bnf,Mapped BNF code: 02.05.05.02,candidate_requires_pharmacology_review
medication.antihypertensive.read_v2_drug,medication,antihypertensive,read_v2_drug,gp_scripts,read_2,exact,true,bkB2.,OLMESARTAN MEDOXOMIL 20mg tablets,OLMESARTAN MEDOXOMIL 20mg tablets,core,prescription_exposure,not applicable,read_v2_drugs_bnf,Mapped BNF code: 02.05.05.02,candidate_requires_pharmacology_review
medication.antihypertensive.read_v2_drug,medication,antihypertensive,read_v2_drug,gp_scripts,read_2,exact,true,bkB3.,OLMESARTAN MEDOXOMIL 40mg tablets,OLMESARTAN MEDOXOMIL 40mg tablets,core,prescription_exposure,not applicable,read_v2_drugs_bnf,Mapped BNF code: 02.05.05.02,candidate_requires_pharmacology_review
medication.antihypertensive.read_v2_drug,medication,antihypertensive,read_v2_drug,gp_scripts,read_2,exact,true,bkB4.,OLMETEC 10mg tablets,OLMETEC 10mg tablets,core,prescription_exposure,not applicable,read_v2_drugs_bnf,Mapped BNF code: 02.05.05.02,candidate_requires_pharmacology_review
medication.antihypertensive.read_v2_drug,medication,antihypertensive,read_v2_drug,gp_scripts,read_2,exact,true,bkB5.,OLMETEC 20mg tablets,OLMETEC 20mg tablets,core,prescription_exposure,not applicable,read_v2_drugs_bnf,Mapped BNF code: 02.05.05.02,candidate_requires_pharmacology_review
medication.antihypertensive.read_v2_drug,medication,antihypertensive,read_v2_drug,gp_scripts,read_2,exact,true,bkB6.,OLMETEC 40mg tablets,OLMETEC 40mg tablets,core,prescription_exposure,not applicable,read_v2_drugs_bnf,Mapped BNF code: 02.05.05.02,candidate_requires_pharmacology_review
medication.antihypertensive.read_v2_drug,medication,antihypertensive,read_v2_drug,gp_scripts,read_2,exact,true,bkC1.,OLMETEC PLUS 20mg/12.5mg tablets,OLMETEC PLUS 20mg/12.5mg tablets,core,prescription_exposure,not applicable,read_v2_drugs_bnf,Mapped BNF code: 02.05.05.02,candidate_requires_pharmacology_review
medication.antihypertensive.read_v2_drug,medication,antihypertensive,read_v2_drug,gp_scripts,read_2,exact,true,bkC2.,OLMETEC PLUS 20mg/25mg tablets,OLMETEC PLUS 20mg/25mg tablets,core,prescription_exposure,not applicable,read_v2_drugs_bnf,Mapped BNF code: 02.05.05.02,candidate_requires_pharmacology_review
medication.antihypertensive.read_v2_drug,medication,antihypertensive,read_v2_drug,gp_scripts,read_2,exact,true,bkC3.,OLMETEC PLUS 40mg/12.5mg tablets,OLMETEC PLUS 40mg/12.5mg tablets,core,prescription_exposure,not applicable,read_v2_drugs_bnf,Mapped BNF code: 02.05.05.02,candidate_requires_pharmacology_review
medication.antihypertensive.read_v2_drug,medication,antihypertensive,read_v2_drug,gp_scripts,read_2,exact,true,bkCx.,OLMESARTAN+HYDROCHLOROTHIAZIDE 40mg/12.5mg tablets,OLMESARTAN+HYDROCHLOROTHIAZIDE 40mg/12.5mg tablets,core,prescription_exposure,not applicable,read_v2_drugs_bnf,Mapped BNF code: 02.05.05.02,candidate_requires_pharmacology_review
medication.antihypertensive.read_v2_drug,medication,antihypertensive,read_v2_drug,gp_scripts,read_2,exact,true,bkCy.,OLMESARTAN + HYDROCHLOROTHIAZIDE 20mg/25mg tablets,OLMESARTAN + HYDROCHLOROTHIAZIDE 20mg/25mg tablets,core,prescription_exposure,not applicable,read_v2_drugs_bnf,Mapped BNF code: 02.05.05.02,candidate_requires_pharmacology_review
medication.antihypertensive.read_v2_drug,medication,antihypertensive,read_v2_drug,gp_scripts,read_2,exact,true,bkCz.,OLMESARTAN + HYDROCHLOROTHIAZIDE 20mg/12.5mg tablets,OLMESARTAN + HYDROCHLOROTHIAZIDE 20mg/12.5mg tablets,core,prescription_exposure,not applicable,read_v2_drugs_bnf,Mapped BNF code: 02.05.05.02,candidate_requires_pharmacology_review
medication.antihypertensive.read_v2_drug,medication,antihypertensive,read_v2_drug,gp_scripts,read_2,exact,true,bkD..,AMLODIPINE + VALSARTAN,AMLODIPINE + VALSARTAN,core,prescription_exposure,not applicable,read_v2_drugs_bnf,Mapped BNF code: 02.05.05.02,candidate_requires_pharmacology_review
medication.antihypertensive.read_v2_drug,medication,antihypertensive,read_v2_drug,gp_scripts,read_2,exact,true,bkD1.,AMLODIPINE+VALSARTAN 5mg/80mg tablets,AMLODIPINE+VALSARTAN 5mg/80mg tablets,core,prescription_exposure,not applicable,read_v2_drugs_bnf,Mapped BNF code: 02.06.02.00,candidate_requires_pharmacology_review
medication.antihypertensive.read_v2_drug,medication,antihypertensive,read_v2_drug,gp_scripts,read_2,exact,true,bkD2.,AMLODIPINE+VALSARTAN 5mg/160mg tablets,AMLODIPINE+VALSARTAN 5mg/160mg tablets,core,prescription_exposure,not applicable,read_v2_drugs_bnf,Mapped BNF code: 02.06.02.00,candidate_requires_pharmacology_review
medication.antihypertensive.read_v2_drug,medication,antihypertensive,read_v2_drug,gp_scripts,read_2,exact,true,bkD3.,AMLODIPINE+VALSARTAN 10mg/160mg tablets,AMLODIPINE+VALSARTAN 10mg/160mg tablets,core,prescription_exposure,not applicable,read_v2_drugs_bnf,Mapped BNF code: 02.06.02.00,candidate_requires_pharmacology_review
medication.antihypertensive.read_v2_drug,medication,antihypertensive,read_v2_drug,gp_scripts,read_2,exact,true,bkDx.,EXFORGE 10mg/160mg tablets,EXFORGE 10mg/160mg tablets,core,prescription_exposure,not applicable,read_v2_drugs_bnf,Mapped BNF code: 02.06.02.00,candidate_requires_pharmacology_review
medication.antihypertensive.read_v2_drug,medication,antihypertensive,read_v2_drug,gp_scripts,read_2,exact,true,bkDy.,EXFORGE 5mg/160mg tablets,EXFORGE 5mg/160mg tablets,core,prescription_exposure,not applicable,read_v2_drugs_bnf,Mapped BNF code: 02.06.02.00,candidate_requires_pharmacology_review
medication.antihypertensive.read_v2_drug,medication,antihypertensive,read_v2_drug,gp_scripts,read_2,exact,true,bkDz.,EXFORGE 5mg/80mg tablets,EXFORGE 5mg/80mg tablets,core,prescription_exposure,not applicable,read_v2_drugs_bnf,Mapped BNF code: 02.06.02.00,candidate_requires_pharmacology_review
medication.antihypertensive.read_v2_drug,medication,antihypertensive,read_v2_drug,gp_scripts,read_2,exact,true,bkE..,SITAXENTAN,SITAXENTAN,core,prescription_exposure,not applicable,read_v2_drugs_bnf,Mapped BNF code: 02.05.01.00,candidate_requires_pharmacology_review
medication.antihypertensive.read_v2_drug,medication,antihypertensive,read_v2_drug,gp_scripts,read_2,exact,true,bkE1.,*THELIN 100mg tablets,*THELIN 100mg tablets,core,prescription_exposure,not applicable,read_v2_drugs_bnf,Mapped BNF code: 02.05.01.00,candidate_requires_pharmacology_review
medication.antihypertensive.read_v2_drug,medication,antihypertensive,read_v2_drug,gp_scripts,read_2,exact,true,bkEz.,SITAXENTAN SODIUM 100mg tablets,SITAXENTAN SODIUM 100mg tablets,core,prescription_exposure,not applicable,read_v2_drugs_bnf,Mapped BNF code: 02.05.01.00,candidate_requires_pharmacology_review
medication.antihypertensive.read_v2_drug,medication,antihypertensive,read_v2_drug,gp_scripts,read_2,exact,true,bkG..,AMBRISENTAN,AMBRISENTAN,core,prescription_exposure,not applicable,read_v2_drugs_bnf,Mapped BNF code: 02.05.01.00,candidate_requires_pharmacology_review
medication.antihypertensive.read_v2_drug,medication,antihypertensive,read_v2_drug,gp_scripts,read_2,exact,true,bkG1.,VOLIBRIS 5mg tablets,VOLIBRIS 5mg tablets,core,prescription_exposure,not applicable,read_v2_drugs_bnf,Mapped BNF code: 02.05.01.00,candidate_requires_pharmacology_review
medication.antihypertensive.read_v2_drug,medication,antihypertensive,read_v2_drug,gp_scripts,read_2,exact,true,bkG2.,VOLIBRIS 10mg tablets,VOLIBRIS 10mg tablets,core,prescription_exposure,not applicable,read_v2_drugs_bnf,Mapped BNF code: 02.05.01.00,candidate_requires_pharmacology_review
medication.antihypertensive.read_v2_drug,medication,antihypertensive,read_v2_drug,gp_scripts,read_2,exact,true,bkGy.,AMBRISENTAN 10mg tablets,AMBRISENTAN 10mg tablets,core,prescription_exposure,not applicable,read_v2_drugs_bnf,Mapped BNF code: 02.05.01.00,candidate_requires_pharmacology_review
medication.antihypertensive.read_v2_drug,medication,antihypertensive,read_v2_drug,gp_scripts,read_2,exact,true,bkGz.,AMBRISENTAN 5mg tablets,AMBRISENTAN 5mg tablets,core,prescription_exposure,not applicable,read_v2_drugs_bnf,Mapped BNF code: 02.05.01.00,candidate_requires_pharmacology_review
medication.antihypertensive.read_v2_drug,medication,antihypertensive,read_v2_drug,gp_scripts,read_2,exact,true,bkI..,OLMESARTAN+AMLODIPINE+HYDROCHLOROTHIAZIDE,OLMESARTAN+AMLODIPINE+HYDROCHLOROTHIAZIDE,core,prescription_exposure,not applicable,read_v2_drugs_bnf,Mapped BNF code: 02.05.05.02,candidate_requires_pharmacology_review
medication.antihypertensive.read_v2_drug,medication,antihypertensive,read_v2_drug,gp_scripts,read_2,exact,true,bkI1.,SEVIKAR HCT 20mg/5mg/12.5mg tablets,SEVIKAR HCT 20mg/5mg/12.5mg tablets,core,prescription_exposure,not applicable,read_v2_drugs_bnf,Mapped BNF code: 02.05.02.00,candidate_requires_pharmacology_review
medication.antihypertensive.read_v2_drug,medication,antihypertensive,read_v2_drug,gp_scripts,read_2,exact,true,bkI2.,SEVIKAR HCT 40mg/5mg/12.5mg tablets,SEVIKAR HCT 40mg/5mg/12.5mg tablets,core,prescription_exposure,not applicable,read_v2_drugs_bnf,Mapped BNF code: 02.05.05.02,candidate_requires_pharmacology_review
medication.antihypertensive.read_v2_drug,medication,antihypertensive,read_v2_drug,gp_scripts,read_2,exact,true,bkI3.,SEVIKAR HCT 40mg/10mg/12.5mg tablets,SEVIKAR HCT 40mg/10mg/12.5mg tablets,core,prescription_exposure,not applicable,read_v2_drugs_bnf,Mapped BNF code: 02.05.05.02,candidate_requires_pharmacology_review
medication.antihypertensive.read_v2_drug,medication,antihypertensive,read_v2_drug,gp_scripts,read_2,exact,true,bkI4.,SEVIKAR HCT 40mg/5mg/25mg tablets,SEVIKAR HCT 40mg/5mg/25mg tablets,core,prescription_exposure,not applicable,read_v2_drugs_bnf,Mapped BNF code: 02.05.05.02,candidate_requires_pharmacology_review
medication.antihypertensive.read_v2_drug,medication,antihypertensive,read_v2_drug,gp_scripts,read_2,exact,true,bkI5.,SEVIKAR HCT 40mg/10mg/25mg tablets,SEVIKAR HCT 40mg/10mg/25mg tablets,core,prescription_exposure,not applicable,read_v2_drugs_bnf,Mapped BNF code: 02.05.05.02,candidate_requires_pharmacology_review
medication.antihypertensive.read_v2_drug,medication,antihypertensive,read_v2_drug,gp_scripts,read_2,exact,true,bkJ..,AZILSARTAN,AZILSARTAN,core,prescription_exposure,not applicable,read_v2_drugs_bnf,Mapped BNF code: 02.05.05.02,candidate_requires_pharmacology_review
medication.antihypertensive.read_v2_drug,medication,antihypertensive,read_v2_drug,gp_scripts,read_2,exact,true,bkJ1.,EDARBI 20mg tablets,EDARBI 20mg tablets,core,prescription_exposure,not applicable,read_v2_drugs_bnf,Mapped BNF code: 02.05.05.02,candidate_requires_pharmacology_review
medication.antihypertensive.read_v2_drug,medication,antihypertensive,read_v2_drug,gp_scripts,read_2,exact,true,bkJ2.,AZILSARTAN MEDOXOMIL 20mg tablets,AZILSARTAN MEDOXOMIL 20mg tablets,core,prescription_exposure,not applicable,read_v2_drugs_bnf,Mapped BNF code: 02.05.05.02,candidate_requires_pharmacology_review
medication.antihypertensive.read_v2_drug,medication,antihypertensive,read_v2_drug,gp_scripts,read_2,exact,true,bkJ3.,EDARBI 40mg tablets,EDARBI 40mg tablets,core,prescription_exposure,not applicable,read_v2_drugs_bnf,Mapped BNF code: 02.05.05.02,candidate_requires_pharmacology_review
medication.antihypertensive.read_v2_drug,medication,antihypertensive,read_v2_drug,gp_scripts,read_2,exact,true,bkJ4.,AZILSARTAN MEDOXOMIL 40mg tablets,AZILSARTAN MEDOXOMIL 40mg tablets,core,prescription_exposure,not applicable,read_v2_drugs_bnf,Mapped BNF code: 02.05.05.02,candidate_requires_pharmacology_review
medication.antihypertensive.read_v2_drug,medication,antihypertensive,read_v2_drug,gp_scripts,read_2,exact,true,bkJ5.,EDARBI 80mg tablets,EDARBI 80mg tablets,core,prescription_exposure,not applicable,read_v2_drugs_bnf,Mapped BNF code: 02.05.05.02,candidate_requires_pharmacology_review
medication.antihypertensive.read_v2_drug,medication,antihypertensive,read_v2_drug,gp_scripts,read_2,exact,true,bkJ6.,AZILSARTAN MEDOXOMIL 80mg tablets,AZILSARTAN MEDOXOMIL 80mg tablets,core,prescription_exposure,not applicable,read_v2_drugs_bnf,Mapped BNF code: 02.05.05.02,candidate_requires_pharmacology_review
medication.antihypertensive.read_v2_drug,medication,antihypertensive,read_v2_drug,gp_scripts,read_2,exact,true,bkK..,MACITENTAN,MACITENTAN,core,prescription_exposure,not applicable,read_v2_drugs_bnf,Mapped BNF code: 02.05.01.00,candidate_requires_pharmacology_review
medication.antihypertensive.read_v2_drug,medication,antihypertensive,read_v2_drug,gp_scripts,read_2,exact,true,bkK1.,OPSUMIT 10mg tablets,OPSUMIT 10mg tablets,core,prescription_exposure,not applicable,read_v2_drugs_bnf,Mapped BNF code: 02.05.01.00,candidate_requires_pharmacology_review
medication.antihypertensive.read_v2_drug,medication,antihypertensive,read_v2_drug,gp_scripts,read_2,exact,true,bkK2.,MACITENTAN 10mg tablets,MACITENTAN 10mg tablets,core,prescription_exposure,not applicable,read_v2_drugs_bnf,Mapped BNF code: 02.05.01.00,candidate_requires_pharmacology_review
medication.antihypertensive.read_v2_drug,medication,antihypertensive,read_v2_drug,gp_scripts,read_2,exact,true,bkL..,SACUBITRIL+VALSARTAN,SACUBITRIL+VALSARTAN,core,prescription_exposure,not applicable,read_v2_drugs_bnf,Mapped BNF code: 02.05.05.02,candidate_requires_pharmacology_review
medication.antihypertensive.read_v2_drug,medication,antihypertensive,read_v2_drug,gp_scripts,read_2,exact,true,bkL1.,ENTRESTO 24mg/26mg tablets,ENTRESTO 24mg/26mg tablets,core,prescription_exposure,not applicable,read_v2_drugs_bnf,Mapped BNF code: 02.05.05.02,candidate_requires_pharmacology_review
medication.antihypertensive.read_v2_drug,medication,antihypertensive,read_v2_drug,gp_scripts,read_2,exact,true,bkL2.,SACUBITRIL+VALSARTAN 24mg/26mg tablets,SACUBITRIL+VALSARTAN 24mg/26mg tablets,core,prescription_exposure,not applicable,read_v2_drugs_bnf,Mapped BNF code: 02.05.05.02,candidate_requires_pharmacology_review
medication.antihypertensive.read_v2_drug,medication,antihypertensive,read_v2_drug,gp_scripts,read_2,exact,true,bkL3.,ENTRESTO 49mg/51mg tablets,ENTRESTO 49mg/51mg tablets,core,prescription_exposure,not applicable,read_v2_drugs_bnf,Mapped BNF code: 02.05.05.02,candidate_requires_pharmacology_review
medication.antihypertensive.read_v2_drug,medication,antihypertensive,read_v2_drug,gp_scripts,read_2,exact,true,bkL4.,SACUBITRIL+VALSARTAN 49mg/51mg tablets,SACUBITRIL+VALSARTAN 49mg/51mg tablets,core,prescription_exposure,not applicable,read_v2_drugs_bnf,Mapped BNF code: 02.05.05.02,candidate_requires_pharmacology_review
medication.antihypertensive.read_v2_drug,medication,antihypertensive,read_v2_drug,gp_scripts,read_2,exact,true,bkL5.,ENTRESTO 97mg/103mg tablets,ENTRESTO 97mg/103mg tablets,core,prescription_exposure,not applicable,read_v2_drugs_bnf,Mapped BNF code: 02.05.05.02,candidate_requires_pharmacology_review
medication.antihypertensive.read_v2_drug,medication,antihypertensive,read_v2_drug,gp_scripts,read_2,exact,true,bkL6.,SACUBITRIL+VALSARTAN 97mg/103mg tablets,SACUBITRIL+VALSARTAN 97mg/103mg tablets,core,prescription_exposure,not applicable,read_v2_drugs_bnf,Mapped BNF code: 02.05.05.02,candidate_requires_pharmacology_review
medication.antihypertensive.read_v2_drug,medication,antihypertensive,read_v2_drug,gp_scripts,read_2,exact,true,bl5..,DILTIAZEM HYDROCHLORIDE,DILTIAZEM HYDROCHLORIDE,core,prescription_exposure,not applicable,read_v2_drugs_bnf,Mapped BNF code: 02.06.02.00,candidate_requires_pharmacology_review
medication.antihypertensive.read_v2_drug,medication,antihypertensive,read_v2_drug,gp_scripts,read_2,exact,true,bl51.,TILDIEM 60mg tablets,TILDIEM 60mg tablets,core,prescription_exposure,not applicable,read_v2_drugs_bnf,Mapped BNF code: 02.06.02.00,candidate_requires_pharmacology_review
medication.antihypertensive.read_v2_drug,medication,antihypertensive,read_v2_drug,gp_scripts,read_2,exact,true,bl53.,*BRITIAZIM 60mg tablets,*BRITIAZIM 60mg tablets,core,prescription_exposure,not applicable,read_v2_drugs_bnf,Mapped BNF code: 02.06.02.00,candidate_requires_pharmacology_review
medication.antihypertensive.read_v2_drug,medication,antihypertensive,read_v2_drug,gp_scripts,read_2,exact,true,bl54.,ADIZEM-SR 120mg m/r tablets,ADIZEM-SR 120mg m/r tablets,core,prescription_exposure,not applicable,read_v2_drugs_bnf,Mapped BNF code: 02.06.02.00,candidate_requires_pharmacology_review
medication.antihypertensive.read_v2_drug,medication,antihypertensive,read_v2_drug,gp_scripts,read_2,exact,true,bl55.,DILTIAZEM HYDROCHLORIDE 120mg m/r tablets,DILTIAZEM HYDROCHLORIDE 120mg m/r tablets,core,prescription_exposure,not applicable,read_v2_drugs_bnf,Mapped BNF code: 02.06.02.00,candidate_requires_pharmacology_review
medication.antihypertensive.read_v2_drug,medication,antihypertensive,read_v2_drug,gp_scripts,read_2,exact,true,bl56.,*ANGIOZEM 60mg tablets,*ANGIOZEM 60mg tablets,core,prescription_exposure,not applicable,read_v2_drugs_bnf,Mapped BNF code: 02.06.02.00,candidate_requires_pharmacology_review
medication.antihypertensive.read_v2_drug,medication,antihypertensive,read_v2_drug,gp_scripts,read_2,exact,true,bl57.,*ADIZEM 60mg tablets,*ADIZEM 60mg tablets,core,prescription_exposure,not applicable,read_v2_drugs_bnf,Mapped BNF code: 02.06.02.00,candidate_requires_pharmacology_review
medication.antihypertensive.read_v2_drug,medication,antihypertensive,read_v2_drug,gp_scripts,read_2,exact,true,bl58.,TILDIEM RETARD 90mg m/r tablets,TILDIEM RETARD 90mg m/r tablets,core,prescription_exposure,not applicable,read_v2_drugs_bnf,Mapped BNF code: 02.06.02.00,candidate_requires_pharmacology_review
medication.antihypertensive.read_v2_drug,medication,antihypertensive,read_v2_drug,gp_scripts,read_2,exact,true,bl59.,TILDIEM RETARD 120mg m/r tablets,TILDIEM RETARD 120mg m/r tablets,core,prescription_exposure,not applicable,read_v2_drugs_bnf,Mapped BNF code: 02.06.02.00,candidate_requires_pharmacology_review
medication.antihypertensive.read_v2_drug,medication,antihypertensive,read_v2_drug,gp_scripts,read_2,exact,true,bl5A.,TILDIEM LA 300mg m/r capsules,TILDIEM LA 300mg m/r capsules,core,prescription_exposure,not applicable,read_v2_drugs_bnf,Mapped BNF code: 02.06.02.00,candidate_requires_pharmacology_review
medication.antihypertensive.read_v2_drug,medication,antihypertensive,read_v2_drug,gp_scripts,read_2,exact,true,bl5B.,ADIZEM-SR 90mg m/r capsules,ADIZEM-SR 90mg m/r capsules,core,prescription_exposure,not applicable,read_v2_drugs_bnf,Mapped BNF code: 02.06.02.00,candidate_requires_pharmacology_review
medication.antihypertensive.read_v2_drug,medication,antihypertensive,read_v2_drug,gp_scripts,read_2,exact,true,bl5C.,ADIZEM-SR 120mg m/r capsules,ADIZEM-SR 120mg m/r capsules,core,prescription_exposure,not applicable,read_v2_drugs_bnf,Mapped BNF code: 02.06.02.00,candidate_requires_pharmacology_review
medication.antihypertensive.read_v2_drug,medication,antihypertensive,read_v2_drug,gp_scripts,read_2,exact,true,bl5D.,ADIZEM-SR 180mg m/r capsules,ADIZEM-SR 180mg m/r capsules,core,prescription_exposure,not applicable,read_v2_drugs_bnf,Mapped BNF code: 02.06.02.00,candidate_requires_pharmacology_review
medication.antihypertensive.read_v2_drug,medication,antihypertensive,read_v2_drug,gp_scripts,read_2,exact,true,bl5E.,ADIZEM-XL 300mg m/r capsules,ADIZEM-XL 300mg m/r capsules,core,prescription_exposure,not applicable,read_v2_drugs_bnf,Mapped BNF code: 02.06.02.00,candidate_requires_pharmacology_review
medication.antihypertensive.read_v2_drug,medication,antihypertensive,read_v2_drug,gp_scripts,read_2,exact,true,bl5F.,DILZEM SR 60mg m/r capsules,DILZEM SR 60mg m/r capsules,core,prescription_exposure,not applicable,read_v2_drugs_bnf,Mapped BNF code: 02.06.02.00,candidate_requires_pharmacology_review
medication.antihypertensive.read_v2_drug,medication,antihypertensive,read_v2_drug,gp_scripts,read_2,exact,true,bl5G.,DILZEM SR 90mg m/r capsules,DILZEM SR 90mg m/r capsules,core,prescription_exposure,not applicable,read_v2_drugs_bnf,Mapped BNF code: 02.06.02.00,candidate_requires_pharmacology_review
medication.antihypertensive.read_v2_drug,medication,antihypertensive,read_v2_drug,gp_scripts,read_2,exact,true,bl5H.,DILZEM SR 120mg m/r capsules,DILZEM SR 120mg m/r capsules,core,prescription_exposure,not applicable,read_v2_drugs_bnf,Mapped BNF code: 02.06.02.00,candidate_requires_pharmacology_review
medication.antihypertensive.read_v2_drug,medication,antihypertensive,read_v2_drug,gp_scripts,read_2,exact,true,bl5I.,ADIZEM-XL 240mg m/r capsules,ADIZEM-XL 240mg m/r capsules,core,prescription_exposure,not applicable,read_v2_drugs_bnf,Mapped BNF code: 02.06.02.00,candidate_requires_pharmacology_review
medication.antihypertensive.read_v2_drug,medication,antihypertensive,read_v2_drug,gp_scripts,read_2,exact,true,bl5J.,ADIZEM-XL 180mg m/r capsules,ADIZEM-XL 180mg m/r capsules,core,prescription_exposure,not applicable,read_v2_drugs_bnf,Mapped BNF code: 02.06.02.00,candidate_requires_pharmacology_review
medication.antihypertensive.read_v2_drug,medication,antihypertensive,read_v2_drug,gp_scripts,read_2,exact,true,bl5K.,ADIZEM-XL 120mg m/r capsules,ADIZEM-XL 120mg m/r capsules,core,prescription_exposure,not applicable,read_v2_drugs_bnf,Mapped BNF code: 02.06.02.00,candidate_requires_pharmacology_review
medication.antihypertensive.read_v2_drug,medication,antihypertensive,read_v2_drug,gp_scripts,read_2,exact,true,bl5L.,DILZEM-XL 120mg m/r capsules,DILZEM-XL 120mg m/r capsules,core,prescription_exposure,not applicable,read_v2_drugs_bnf,Mapped BNF code: 02.06.02.00,candidate_requires_pharmacology_review
medication.antihypertensive.read_v2_drug,medication,antihypertensive,read_v2_drug,gp_scripts,read_2,exact,true,bl5M.,DILZEM-XL 180mg m/r capsules,DILZEM-XL 180mg m/r capsules,core,prescription_exposure,not applicable,read_v2_drugs_bnf,Mapped BNF code: 02.06.02.00,candidate_requires_pharmacology_review
medication.antihypertensive.read_v2_drug,medication,antihypertensive,read_v2_drug,gp_scripts,read_2,exact,true,bl5N.,DILZEM-XL 240mg m/r capsules,DILZEM-XL 240mg m/r capsules,core,prescription_exposure,not applicable,read_v2_drugs_bnf,Mapped BNF code: 02.06.02.00,candidate_requires_pharmacology_review
medication.antihypertensive.read_v2_drug,medication,antihypertensive,read_v2_drug,gp_scripts,read_2,exact,true,bl5O.,SLOZEM 120mg m/r capsules,SLOZEM 120mg m/r capsules,core,prescription_exposure,not applicable,read_v2_drugs_bnf,Mapped BNF code: 02.06.02.00,candidate_requires_pharmacology_review
medication.antihypertensive.read_v2_drug,medication,antihypertensive,read_v2_drug,gp_scripts,read_2,exact,true,bl5P.,SLOZEM 180mg m/r capsules,SLOZEM 180mg m/r capsules,core,prescription_exposure,not applicable,read_v2_drugs_bnf,Mapped BNF code: 02.06.02.00,candidate_requires_pharmacology_review
medication.antihypertensive.read_v2_drug,medication,antihypertensive,read_v2_drug,gp_scripts,read_2,exact,true,bl5Q.,SLOZEM 240mg m/r capsules,SLOZEM 240mg m/r capsules,core,prescription_exposure,not applicable,read_v2_drugs_bnf,Mapped BNF code: 02.06.02.00,candidate_requires_pharmacology_review
medication.antihypertensive.read_v2_drug,medication,antihypertensive,read_v2_drug,gp_scripts,read_2,exact,true,bl5R.,ANGITIL SR 90 m/r capsules,ANGITIL SR 90 m/r capsules,core,prescription_exposure,not applicable,read_v2_drugs_bnf,Mapped BNF code: 02.06.02.00,candidate_requires_pharmacology_review
medication.antihypertensive.read_v2_drug,medication,antihypertensive,read_v2_drug,gp_scripts,read_2,exact,true,bl5S.,ANGITIL SR 120 m/r capsules,ANGITIL SR 120 m/r capsules,core,prescription_exposure,not applicable,read_v2_drugs_bnf,Mapped BNF code: 02.06.02.00,candidate_requires_pharmacology_review
medication.antihypertensive.read_v2_drug,medication,antihypertensive,read_v2_drug,gp_scripts,read_2,exact,true,bl5T.,*METAZEM 60mg tablets,*METAZEM 60mg tablets,core,prescription_exposure,not applicable,read_v2_drugs_bnf,Mapped BNF code: 02.06.02.00,candidate_requires_pharmacology_review
medication.antihypertensive.read_v2_drug,medication,antihypertensive,read_v2_drug,gp_scripts,read_2,exact,true,bl5U.,ANGITIL SR 180 m/r capsules,ANGITIL SR 180 m/r capsules,core,prescription_exposure,not applicable,read_v2_drugs_bnf,Mapped BNF code: 02.06.02.00,candidate_requires_pharmacology_review
medication.antihypertensive.read_v2_drug,medication,antihypertensive,read_v2_drug,gp_scripts,read_2,exact,true,bl5V.,*CALCICARD CR 90mg m/r tablets,*CALCICARD CR 90mg m/r tablets,core,prescription_exposure,not applicable,read_v2_drugs_bnf,Mapped BNF code: 02.06.02.00,candidate_requires_pharmacology_review
medication.antihypertensive.read_v2_drug,medication,antihypertensive,read_v2_drug,gp_scripts,read_2,exact,true,bl5W.,*CALCICARD CR 120mg m/r tabs,*CALCICARD CR 120mg m/r tabs,core,prescription_exposure,not applicable,read_v2_drugs_bnf,Mapped BNF code: 02.06.02.00,candidate_requires_pharmacology_review
medication.antihypertensive.read_v2_drug,medication,antihypertensive,read_v2_drug,gp_scripts,read_2,exact,true,bl5X.,KENTIAZEM 60mg m/r capsules,KENTIAZEM 60mg m/r capsules,core,prescription_exposure,not applicable,read_v2_drugs_bnf,Mapped BNF code: 02.06.02.00,candidate_requires_pharmacology_review
medication.antihypertensive.read_v2_drug,medication,antihypertensive,read_v2_drug,gp_scripts,read_2,exact,true,bl5Y.,*OPTIL 60mg m/r tablets,*OPTIL 60mg m/r tablets,core,prescription_exposure,not applicable,read_v2_drugs_bnf,Mapped BNF code: 02.06.02.00,candidate_requires_pharmacology_review
medication.antihypertensive.read_v2_drug,medication,antihypertensive,read_v2_drug,gp_scripts,read_2,exact,true,bl5Z.,TILDIEM LA 200mg m/r capsules,TILDIEM LA 200mg m/r capsules,core,prescription_exposure,not applicable,read_v2_drugs_bnf,Mapped BNF code: 02.06.02.00,candidate_requires_pharmacology_review
medication.antihypertensive.read_v2_drug,medication,antihypertensive,read_v2_drug,gp_scripts,read_2,exact,true,bl5a.,DILTIAZEM HYDROCHLORIDE 90mg m/r tablets,DILTIAZEM HYDROCHLORIDE 90mg m/r tablets,core,prescription_exposure,not applicable,read_v2_drugs_bnf,Mapped BNF code: 02.06.02.00,candidate_requires_pharmacology_review
medication.antihypertensive.read_v2_drug,medication,antihypertensive,read_v2_drug,gp_scripts,read_2,exact,true,bl5b.,DILTIAZEM HYDROCHLORIDE 300mg m/r capsules,DILTIAZEM HYDROCHLORIDE 300mg m/r capsules,core,prescription_exposure,not applicable,read_v2_drugs_bnf,Mapped BNF code: 02.06.02.00,candidate_requires_pharmacology_review
medication.antihypertensive.read_v2_drug,medication,antihypertensive,read_v2_drug,gp_scripts,read_2,exact,true,bl5c.,DILTIAZEM HYDROCHLORIDE 90mg m/r capsules,DILTIAZEM HYDROCHLORIDE 90mg m/r capsules,core,prescription_exposure,not applicable,read_v2_drugs_bnf,Mapped BNF code: 02.06.02.00,candidate_requires_pharmacology_review
medication.antihypertensive.read_v2_drug,medication,antihypertensive,read_v2_drug,gp_scripts,read_2,exact,true,bl5d.,DILTIAZEM HYDROCHLORIDE 120mg m/r capsules,DILTIAZEM HYDROCHLORIDE 120mg m/r capsules,core,prescription_exposure,not applicable,read_v2_drugs_bnf,Mapped BNF code: 02.06.02.00,candidate_requires_pharmacology_review
medication.antihypertensive.read_v2_drug,medication,antihypertensive,read_v2_drug,gp_scripts,read_2,exact,true,bl5e.,DILTIAZEM HYDROCHLORIDE 180mg m/r capsules,DILTIAZEM HYDROCHLORIDE 180mg m/r capsules,core,prescription_exposure,not applicable,read_v2_drugs_bnf,Mapped BNF code: 02.06.02.00,candidate_requires_pharmacology_review
medication.antihypertensive.read_v2_drug,medication,antihypertensive,read_v2_drug,gp_scripts,read_2,exact,true,bl5f.,DILTIAZEM HYDROCHLORIDE 60mg m/r capsules,DILTIAZEM HYDROCHLORIDE 60mg m/r capsules,core,prescription_exposure,not applicable,read_v2_drugs_bnf,Mapped BNF code: 02.06.02.00,candidate_requires_pharmacology_review
medication.antihypertensive.read_v2_drug,medication,antihypertensive,read_v2_drug,gp_scripts,read_2,exact,true,bl5g.,DILTIAZEM HYDROCHLORIDE 240mg m/r capsules,DILTIAZEM HYDROCHLORIDE 240mg m/r capsules,core,prescription_exposure,not applicable,read_v2_drugs_bnf,Mapped BNF code: 02.06.02.00,candidate_requires_pharmacology_review
medication.antihypertensive.read_v2_drug,medication,antihypertensive,read_v2_drug,gp_scripts,read_2,exact,true,bl5h.,DILTIAZEM HYDROCHLORIDE 200mg m/r capsules,DILTIAZEM HYDROCHLORIDE 200mg m/r capsules,core,prescription_exposure,not applicable,read_v2_drugs_bnf,Mapped BNF code: 02.06.02.00,candidate_requires_pharmacology_review
medication.antihypertensive.read_v2_drug,medication,antihypertensive,read_v2_drug,gp_scripts,read_2,exact,true,bl5i.,DILTIAZEM HYDROCHLORIDE+HYDROCHLOROTHIAZIDE 150mg/12.5mg m/r capsules,DILTIAZEM HYDROCHLORIDE+HYDROCHLOROTHIAZIDE 150mg/12.5mg m/r capsules,core,prescription_exposure,not applicable,read_v2_drugs_bnf,Mapped BNF code: 02.06.02.00,candidate_requires_pharmacology_review
medication.antihypertensive.read_v2_drug,medication,antihypertensive,read_v2_drug,gp_scripts,read_2,exact,true,bl5j.,*ADIZEM-XL PLUS m/r capsules,*ADIZEM-XL PLUS m/r capsules,core,prescription_exposure,not applicable,read_v2_drugs_bnf,Mapped BNF code: 02.06.02.00,candidate_requires_pharmacology_review
medication.antihypertensive.read_v2_drug,medication,antihypertensive,read_v2_drug,gp_scripts,read_2,exact,true,bl5k.,*ANGIOZEM CR 90mg m/r tablets,*ANGIOZEM CR 90mg m/r tablets,core,prescription_exposure,not applicable,read_v2_drugs_bnf,Mapped BNF code: 02.06.02.00,candidate_requires_pharmacology_review
medication.antihypertensive.read_v2_drug,medication,antihypertensive,read_v2_drug,gp_scripts,read_2,exact,true,bl5l.,DILCARDIA SR 60mg m/r capsules,DILCARDIA SR 60mg m/r capsules,core,prescription_exposure,not applicable,read_v2_drugs_bnf,Mapped BNF code: 02.06.02.00,candidate_requires_pharmacology_review
medication.antihypertensive.read_v2_drug,medication,antihypertensive,read_v2_drug,gp_scripts,read_2,exact,true,bl5m.,*ANGIOZEM CR 120mg m/r tablets,*ANGIOZEM CR 120mg m/r tablets,core,prescription_exposure,not applicable,read_v2_drugs_bnf,Mapped BNF code: 02.06.02.00,candidate_requires_pharmacology_review
medication.antihypertensive.read_v2_drug,medication,antihypertensive,read_v2_drug,gp_scripts,read_2,exact,true,bl5n.,ZEMTARD 300 XL m/r capsules,ZEMTARD 300 XL m/r capsules,core,prescription_exposure,not applicable,read_v2_drugs_bnf,Mapped BNF code: 02.06.02.00,candidate_requires_pharmacology_review
medication.antihypertensive.read_v2_drug,medication,antihypertensive,read_v2_drug,gp_scripts,read_2,exact,true,bl5o.,VIAZEM XL 120mg m/r capsules,VIAZEM XL 120mg m/r capsules,core,prescription_exposure,not applicable,read_v2_drugs_bnf,Mapped BNF code: 02.06.02.00,candidate_requires_pharmacology_review
medication.antihypertensive.read_v2_drug,medication,antihypertensive,read_v2_drug,gp_scripts,read_2,exact,true,bl5p.,VIAZEM XL 180mg m/r capsules,VIAZEM XL 180mg m/r capsules,core,prescription_exposure,not applicable,read_v2_drugs_bnf,Mapped BNF code: 02.06.02.00,candidate_requires_pharmacology_review
medication.antihypertensive.read_v2_drug,medication,antihypertensive,read_v2_drug,gp_scripts,read_2,exact,true,bl5q.,VIAZEM XL 240mg m/r capsules,VIAZEM XL 240mg m/r capsules,core,prescription_exposure,not applicable,read_v2_drugs_bnf,Mapped BNF code: 02.06.02.00,candidate_requires_pharmacology_review
medication.antihypertensive.read_v2_drug,medication,antihypertensive,read_v2_drug,gp_scripts,read_2,exact,true,bl5r.,VIAZEM XL 300mg m/r capsules,VIAZEM XL 300mg m/r capsules,core,prescription_exposure,not applicable,read_v2_drugs_bnf,Mapped BNF code: 02.06.02.00,candidate_requires_pharmacology_review
medication.antihypertensive.read_v2_drug,medication,antihypertensive,read_v2_drug,gp_scripts,read_2,exact,true,bl5s.,DILTIAZEM HYDROCHLORIDE 360mg m/r capsules,DILTIAZEM HYDROCHLORIDE 360mg m/r capsules,core,prescription_exposure,not applicable,read_v2_drugs_bnf,Mapped BNF code: 02.06.02.00,candidate_requires_pharmacology_review
medication.antihypertensive.read_v2_drug,medication,antihypertensive,read_v2_drug,gp_scripts,read_2,exact,true,bl5t.,VIAZEM XL 360mg m/r capsules,VIAZEM XL 360mg m/r capsules,core,prescription_exposure,not applicable,read_v2_drugs_bnf,Mapped BNF code: 02.06.02.00,candidate_requires_pharmacology_review
medication.antihypertensive.read_v2_drug,medication,antihypertensive,read_v2_drug,gp_scripts,read_2,exact,true,bl5u.,*CALAZEM 60mg m/r tablets,*CALAZEM 60mg m/r tablets,core,prescription_exposure,not applicable,read_v2_drugs_bnf,Mapped BNF code: 02.06.02.00,candidate_requires_pharmacology_review
medication.antihypertensive.read_v2_drug,medication,antihypertensive,read_v2_drug,gp_scripts,read_2,exact,true,bl5v.,DILCARDIA SR 90mg m/r capsules,DILCARDIA SR 90mg m/r capsules,core,prescription_exposure,not applicable,read_v2_drugs_bnf,Mapped BNF code: 02.06.02.00,candidate_requires_pharmacology_review
medication.antihypertensive.read_v2_drug,medication,antihypertensive,read_v2_drug,gp_scripts,read_2,exact,true,bl5w.,DILCARDIA SR 120mg m/r capsules,DILCARDIA SR 120mg m/r capsules,core,prescription_exposure,not applicable,read_v2_drugs_bnf,Mapped BNF code: 02.06.02.00,candidate_requires_pharmacology_review
medication.antihypertensive.read_v2_drug,medication,antihypertensive,read_v2_drug,gp_scripts,read_2,exact,true,bl5x.,ANGITIL XL 240 m/r capsules,ANGITIL XL 240 m/r capsules,core,prescription_exposure,not applicable,read_v2_drugs_bnf,Mapped BNF code: 02.06.02.00,candidate_requires_pharmacology_review
medication.antihypertensive.read_v2_drug,medication,antihypertensive,read_v2_drug,gp_scripts,read_2,exact,true,bl5y.,ANGITIL XL 300 m/r capsules,ANGITIL XL 300 m/r capsules,core,prescription_exposure,not applicable,read_v2_drugs_bnf,Mapped BNF code: 02.06.02.00,candidate_requires_pharmacology_review
medication.antihypertensive.read_v2_drug,medication,antihypertensive,read_v2_drug,gp_scripts,read_2,exact,true,bl5z.,DILTIAZEM HYDROCHLORIDE 60mg m/r tablets,DILTIAZEM HYDROCHLORIDE 60mg m/r tablets,core,prescription_exposure,not applicable,read_v2_drugs_bnf,Mapped BNF code: 02.06.02.00,candidate_requires_pharmacology_review
medication.antihypertensive.read_v2_drug,medication,antihypertensive,read_v2_drug,gp_scripts,read_2,exact,true,bl7..,NICARDIPINE HYDROCHLORIDE,NICARDIPINE HYDROCHLORIDE,core,prescription_exposure,not applicable,read_v2_drugs_bnf,Mapped BNF code: 02.06.02.00,candidate_requires_pharmacology_review
medication.antihypertensive.read_v2_drug,medication,antihypertensive,read_v2_drug,gp_scripts,read_2,exact,true,bl71.,CARDENE 20mg capsules,CARDENE 20mg capsules,core,prescription_exposure,not applicable,read_v2_drugs_bnf,Mapped BNF code: 02.06.02.00,candidate_requires_pharmacology_review
medication.antihypertensive.read_v2_drug,medication,antihypertensive,read_v2_drug,gp_scripts,read_2,exact,true,bl72.,CARDENE 30mg capsules,CARDENE 30mg capsules,core,prescription_exposure,not applicable,read_v2_drugs_bnf,Mapped BNF code: 02.06.02.00,candidate_requires_pharmacology_review
medication.antihypertensive.read_v2_drug,medication,antihypertensive,read_v2_drug,gp_scripts,read_2,exact,true,bl73.,CARDENE SR 30mg m/r capsules,CARDENE SR 30mg m/r capsules,core,prescription_exposure,not applicable,read_v2_drugs_bnf,Mapped BNF code: 02.06.02.00,candidate_requires_pharmacology_review
medication.antihypertensive.read_v2_drug,medication,antihypertensive,read_v2_drug,gp_scripts,read_2,exact,true,bl74.,CARDENE SR 45mg m/r capsules,CARDENE SR 45mg m/r capsules,core,prescription_exposure,not applicable,read_v2_drugs_bnf,Mapped BNF code: 02.06.02.00,candidate_requires_pharmacology_review
medication.antihypertensive.read_v2_drug,medication,antihypertensive,read_v2_drug,gp_scripts,read_2,exact,true,bl75.,NICARDIPINE 10mg/10mL solution for injection,NICARDIPINE 10mg/10mL solution for injection,core,prescription_exposure,not applicable,read_v2_drugs_bnf,Mapped BNF code: 02.06.02.00,candidate_requires_pharmacology_review
medication.antihypertensive.read_v2_drug,medication,antihypertensive,read_v2_drug,gp_scripts,read_2,exact,true,bl7w.,NICARDIPINE 45mg m/r capsules,NICARDIPINE 45mg m/r capsules,core,prescription_exposure,not applicable,read_v2_drugs_bnf,Mapped BNF code: 02.06.02.00,candidate_requires_pharmacology_review
medication.antihypertensive.read_v2_drug,medication,antihypertensive,read_v2_drug,gp_scripts,read_2,exact,true,bl7x.,NICARDIPINE 30mg m/r capsules,NICARDIPINE 30mg m/r capsules,core,prescription_exposure,not applicable,read_v2_drugs_bnf,Mapped BNF code: 02.06.02.00,candidate_requires_pharmacology_review
medication.antihypertensive.read_v2_drug,medication,antihypertensive,read_v2_drug,gp_scripts,read_2,exact,true,bl7y.,NICARDIPINE 20mg capsules,NICARDIPINE 20mg capsules,core,prescription_exposure,not applicable,read_v2_drugs_bnf,Mapped BNF code: 02.06.02.00,candidate_requires_pharmacology_review
medication.antihypertensive.read_v2_drug,medication,antihypertensive,read_v2_drug,gp_scripts,read_2,exact,true,bl7z.,NICARDIPINE 30mg capsules,NICARDIPINE 30mg capsules,core,prescription_exposure,not applicable,read_v2_drugs_bnf,Mapped BNF code: 02.06.02.00,candidate_requires_pharmacology_review
medication.antihypertensive.read_v2_drug,medication,antihypertensive,read_v2_drug,gp_scripts,read_2,exact,true,bl8..,NIFEDIPINE,NIFEDIPINE,core,prescription_exposure,not applicable,read_v2_drugs_bnf,Mapped BNF code: 02.06.02.00,candidate_requires_pharmacology_review
medication.antihypertensive.read_v2_drug,medication,antihypertensive,read_v2_drug,gp_scripts,read_2,exact,true,bl81.,ADALAT 5mg capsules,ADALAT 5mg capsules,core,prescription_exposure,not applicable,read_v2_drugs_bnf,Mapped BNF code: 02.06.02.00,candidate_requires_pharmacology_review
medication.antihypertensive.read_v2_drug,medication,antihypertensive,read_v2_drug,gp_scripts,read_2,exact,true,bl82.,ADALAT 10mg capsules,ADALAT 10mg capsules,core,prescription_exposure,not applicable,read_v2_drugs_bnf,Mapped BNF code: 02.06.02.00,candidate_requires_pharmacology_review
medication.antihypertensive.read_v2_drug,medication,antihypertensive,read_v2_drug,gp_scripts,read_2,exact,true,bl83.,ADALAT RETARD 20mg m/r tablets,ADALAT RETARD 20mg m/r tablets,core,prescription_exposure,not applicable,read_v2_drugs_bnf,Mapped BNF code: 02.06.02.00,candidate_requires_pharmacology_review
medication.antihypertensive.read_v2_drug,medication,antihypertensive,read_v2_drug,gp_scripts,read_2,exact,true,bl84.,ADALAT RETARD 10mg m/r tablets,ADALAT RETARD 10mg m/r tablets,core,prescription_exposure,not applicable,read_v2_drugs_bnf,Mapped BNF code: 02.06.02.00,candidate_requires_pharmacology_review
medication.antihypertensive.read_v2_drug,medication,antihypertensive,read_v2_drug,gp_scripts,read_2,exact,true,bl85.,NIFEDIPINE 5mg capsules,NIFEDIPINE 5mg capsules,core,prescription_exposure,not applicable,read_v2_drugs_bnf,Mapped BNF code: 02.06.02.00,candidate_requires_pharmacology_review
medication.antihypertensive.read_v2_drug,medication,antihypertensive,read_v2_drug,gp_scripts,read_2,exact,true,bl86.,NIFEDIPINE 10mg capsules,NIFEDIPINE 10mg capsules,core,prescription_exposure,not applicable,read_v2_drugs_bnf,Mapped BNF code: 02.06.02.00,candidate_requires_pharmacology_review
medication.antihypertensive.read_v2_drug,medication,antihypertensive,read_v2_drug,gp_scripts,read_2,exact,true,bl87.,ADALAT-IC 200micrograms/2mL injection,ADALAT-IC 200micrograms/2mL injection,core,prescription_exposure,not applicable,read_v2_drugs_bnf,Mapped BNF code: 02.06.02.00,candidate_requires_pharmacology_review
medication.antihypertensive.read_v2_drug,medication,antihypertensive,read_v2_drug,gp_scripts,read_2,exact,true,bl88.,NIFEDIPINE-IC 200micrograms/2mL injection,NIFEDIPINE-IC 200micrograms/2mL injection,core,prescription_exposure,not applicable,read_v2_drugs_bnf,Mapped BNF code: 02.06.02.00,candidate_requires_pharmacology_review
medication.antihypertensive.read_v2_drug,medication,antihypertensive,read_v2_drug,gp_scripts,read_2,exact,true,bl89.,*VASAD 5mg capsules,*VASAD 5mg capsules,core,prescription_exposure,not applicable,read_v2_drugs_bnf,Mapped BNF code: 02.06.02.00,candidate_requires_pharmacology_review
medication.antihypertensive.read_v2_drug,medication,antihypertensive,read_v2_drug,gp_scripts,read_2,exact,true,bl8A.,ADIPINE MR 20 m/r tablets,ADIPINE MR 20 m/r tablets,core,prescription_exposure,not applicable,read_v2_drugs_bnf,Mapped BNF code: 02.06.02.00,candidate_requires_pharmacology_review
medication.antihypertensive.read_v2_drug,medication,antihypertensive,read_v2_drug,gp_scripts,read_2,exact,true,bl8B.,ADIPINE MR 10 m/r tablets,ADIPINE MR 10 m/r tablets,core,prescription_exposure,not applicable,read_v2_drugs_bnf,Mapped BNF code: 02.06.02.00,candidate_requires_pharmacology_review
medication.antihypertensive.read_v2_drug,medication,antihypertensive,read_v2_drug,gp_scripts,read_2,exact,true,bl8C.,*UNIPINE XL 30mg m/r tablets,*UNIPINE XL 30mg m/r tablets,core,prescription_exposure,not applicable,read_v2_drugs_bnf,Mapped BNF code: 02.06.02.00,candidate_requires_pharmacology_review
medication.antihypertensive.read_v2_drug,medication,antihypertensive,read_v2_drug,gp_scripts,read_2,exact,true,bl8D.,*NIMODREL MR 10 m/r tablets,*NIMODREL MR 10 m/r tablets,core,prescription_exposure,not applicable,read_v2_drugs_bnf,Mapped BNF code: 02.06.02.00,candidate_requires_pharmacology_review
medication.antihypertensive.read_v2_drug,medication,antihypertensive,read_v2_drug,gp_scripts,read_2,exact,true,bl8E.,*NIMODREL MR 20 m/r tablets,*NIMODREL MR 20 m/r tablets,core,prescription_exposure,not applicable,read_v2_drugs_bnf,Mapped BNF code: 02.06.02.00,candidate_requires_pharmacology_review
medication.antihypertensive.read_v2_drug,medication,antihypertensive,read_v2_drug,gp_scripts,read_2,exact,true,bl8F.,NIFEDIPINE 40mg m/r tablets,NIFEDIPINE 40mg m/r tablets,core,prescription_exposure,not applicable,read_v2_drugs_bnf,Mapped BNF code: 02.06.02.00,candidate_requires_pharmacology_review
medication.antihypertensive.read_v2_drug,medication,antihypertensive,read_v2_drug,gp_scripts,read_2,exact,true,bl8G.,*ANGIOPINE 40 LA m/r tablets,*ANGIOPINE 40 LA m/r tablets,core,prescription_exposure,not applicable,read_v2_drugs_bnf,Mapped BNF code: 02.06.02.00,candidate_requires_pharmacology_review
medication.antihypertensive.read_v2_drug,medication,antihypertensive,read_v2_drug,gp_scripts,read_2,exact,true,bl8H.,*CARDILATE MR 10mg m/r tablets,*CARDILATE MR 10mg m/r tablets,core,prescription_exposure,not applicable,read_v2_drugs_bnf,Mapped BNF code: 02.06.02.00,candidate_requires_pharmacology_review
medication.antihypertensive.read_v2_drug,medication,antihypertensive,read_v2_drug,gp_scripts,read_2,exact,true,bl8J.,TENSIPINE MR 10 m/r tablets,TENSIPINE MR 10 m/r tablets,core,prescription_exposure,not applicable,read_v2_drugs_bnf,Mapped BNF code: 02.06.02.00,candidate_requires_pharmacology_review
medication.antihypertensive.read_v2_drug,medication,antihypertensive,read_v2_drug,gp_scripts,read_2,exact,true,bl8K.,TENSIPINE MR 20 m/r tablets,TENSIPINE MR 20 m/r tablets,core,prescription_exposure,not applicable,read_v2_drugs_bnf,Mapped BNF code: 02.06.02.00,candidate_requires_pharmacology_review
medication.antihypertensive.read_v2_drug,medication,antihypertensive,read_v2_drug,gp_scripts,read_2,exact,true,bl8L.,FORTIPINE LA40 m/r tablets,FORTIPINE LA40 m/r tablets,core,prescription_exposure,not applicable,read_v2_drugs_bnf,Mapped BNF code: 02.06.02.00,candidate_requires_pharmacology_review
medication.antihypertensive.read_v2_drug,medication,antihypertensive,read_v2_drug,gp_scripts,read_2,exact,true,bl8M.,ADALAT LA 20mg m/r tablets,ADALAT LA 20mg m/r tablets,core,prescription_exposure,not applicable,read_v2_drugs_bnf,Mapped BNF code: 02.06.02.00,candidate_requires_pharmacology_review
medication.antihypertensive.read_v2_drug,medication,antihypertensive,read_v2_drug,gp_scripts,read_2,exact,true,bl8O.,*SLOFEDIPINE 20mg m/r tablets,*SLOFEDIPINE 20mg m/r tablets,core,prescription_exposure,not applicable,read_v2_drugs_bnf,Mapped BNF code: 02.06.02.00,candidate_requires_pharmacology_review
medication.antihypertensive.read_v2_drug,medication,antihypertensive,read_v2_drug,gp_scripts,read_2,exact,true,bl8P.,*ANGIOPINE MR 10mg m/r tablets,*ANGIOPINE MR 10mg m/r tablets,core,prescription_exposure,not applicable,read_v2_drugs_bnf,Mapped BNF code: 02.06.02.00,candidate_requires_pharmacology_review
medication.antihypertensive.read_v2_drug,medication,antihypertensive,read_v2_drug,gp_scripts,read_2,exact,true,bl8Q.,GENALAT RETARD 10mg m/r tablets,GENALAT RETARD 10mg m/r tablets,core,prescription_exposure,not applicable,read_v2_drugs_bnf,Mapped BNF code: 02.06.02.00,candidate_requires_pharmacology_review
medication.antihypertensive.read_v2_drug,medication,antihypertensive,read_v2_drug,gp_scripts,read_2,exact,true,bl8R.,GENALAT RETARD 20mg m/r tablets,GENALAT RETARD 20mg m/r tablets,core,prescription_exposure,not applicable,read_v2_drugs_bnf,Mapped BNF code: 02.06.02.00,candidate_requires_pharmacology_review
medication.antihypertensive.read_v2_drug,medication,antihypertensive,read_v2_drug,gp_scripts,read_2,exact,true,bl8S.,NIFEDIPRESS MR 10 m/r tablets,NIFEDIPRESS MR 10 m/r tablets,core,prescription_exposure,not applicable,read_v2_drugs_bnf,Mapped BNF code: 02.06.02.00,candidate_requires_pharmacology_review
medication.antihypertensive.read_v2_drug,medication,antihypertensive,read_v2_drug,gp_scripts,read_2,exact,true,bl8T.,NIVATEN RETARD 10mg m/r tablets,NIVATEN RETARD 10mg m/r tablets,core,prescription_exposure,not applicable,read_v2_drugs_bnf,Mapped BNF code: 02.06.02.00,candidate_requires_pharmacology_review
medication.antihypertensive.read_v2_drug,medication,antihypertensive,read_v2_drug,gp_scripts,read_2,exact,true,bl8U.,NIFEDIPRESS MR 20 m/r tablets,NIFEDIPRESS MR 20 m/r tablets,core,prescription_exposure,not applicable,read_v2_drugs_bnf,Mapped BNF code: 02.06.02.00,candidate_requires_pharmacology_review
medication.antihypertensive.read_v2_drug,medication,antihypertensive,read_v2_drug,gp_scripts,read_2,exact,true,bl8V.,NIFEDIPINE 30mg m/r capsules,NIFEDIPINE 30mg m/r capsules,core,prescription_exposure,not applicable,read_v2_drugs_bnf,Mapped BNF code: 02.06.02.00,candidate_requires_pharmacology_review
medication.antihypertensive.read_v2_drug,medication,antihypertensive,read_v2_drug,gp_scripts,read_2,exact,true,bl8W.,NIFEDIPINE 60mg m/r capsules,NIFEDIPINE 60mg m/r capsules,core,prescription_exposure,not applicable,read_v2_drugs_bnf,Mapped BNF code: 02.06.02.00,candidate_requires_pharmacology_review
medication.antihypertensive.read_v2_drug,medication,antihypertensive,read_v2_drug,gp_scripts,read_2,exact,true,bl8X.,CORACTEN XL 30mg m/r capsules,CORACTEN XL 30mg m/r capsules,core,prescription_exposure,not applicable,read_v2_drugs_bnf,Mapped BNF code: 02.06.02.00,candidate_requires_pharmacology_review
medication.antihypertensive.read_v2_drug,medication,antihypertensive,read_v2_drug,gp_scripts,read_2,exact,true,bl8Y.,CORACTEN XL 60mg m/r capsules,CORACTEN XL 60mg m/r capsules,core,prescription_exposure,not applicable,read_v2_drugs_bnf,Mapped BNF code: 02.06.02.00,candidate_requires_pharmacology_review
medication.antihypertensive.read_v2_drug,medication,antihypertensive,read_v2_drug,gp_scripts,read_2,exact,true,bl8Z.,NIVATEN RETARD 20mg m/r tablets,NIVATEN RETARD 20mg m/r tablets,core,prescription_exposure,not applicable,read_v2_drugs_bnf,Mapped BNF code: 02.06.02.00,candidate_requires_pharmacology_review
medication.antihypertensive.read_v2_drug,medication,antihypertensive,read_v2_drug,gp_scripts,read_2,exact,true,bl8a.,*VASAD 10mg capsules,*VASAD 10mg capsules,core,prescription_exposure,not applicable,read_v2_drugs_bnf,Mapped BNF code: 02.06.02.00,candidate_requires_pharmacology_review
medication.antihypertensive.read_v2_drug,medication,antihypertensive,read_v2_drug,gp_scripts,read_2,exact,true,bl8b.,*CALCILAT 10mg capsules,*CALCILAT 10mg capsules,core,prescription_exposure,not applicable,read_v2_drugs_bnf,Mapped BNF code: 02.06.02.00,candidate_requires_pharmacology_review
medication.antihypertensive.read_v2_drug,medication,antihypertensive,read_v2_drug,gp_scripts,read_2,exact,true,bl8e.,CORACTEN SR 20mg m/r capsules,CORACTEN SR 20mg m/r capsules,core,prescription_exposure,not applicable,read_v2_drugs_bnf,Mapped BNF code: 02.06.02.00,candidate_requires_pharmacology_review
medication.antihypertensive.read_v2_drug,medication,antihypertensive,read_v2_drug,gp_scripts,read_2,exact,true,bl8f.,*ANGIOPINE 5mg capsules,*ANGIOPINE 5mg capsules,core,prescription_exposure,not applicable,read_v2_drugs_bnf,Mapped BNF code: 02.06.02.00,candidate_requires_pharmacology_review
medication.antihypertensive.read_v2_drug,medication,antihypertensive,read_v2_drug,gp_scripts,read_2,exact,true,bl8g.,*ANGIOPINE 10mg capsules,*ANGIOPINE 10mg capsules,core,prescription_exposure,not applicable,read_v2_drugs_bnf,Mapped BNF code: 02.06.02.00,candidate_requires_pharmacology_review
medication.antihypertensive.read_v2_drug,medication,antihypertensive,read_v2_drug,gp_scripts,read_2,exact,true,bl8h.,*NIFENSAR XL 20mg m/r tablets,*NIFENSAR XL 20mg m/r tablets,core,prescription_exposure,not applicable,read_v2_drugs_bnf,Mapped BNF code: 02.06.02.00,candidate_requires_pharmacology_review
medication.antihypertensive.read_v2_drug,medication,antihypertensive,read_v2_drug,gp_scripts,read_2,exact,true,bl8i.,ADALAT LA 30mg m/r tablets,ADALAT LA 30mg m/r tablets,core,prescription_exposure,not applicable,read_v2_drugs_bnf,Mapped BNF code: 02.06.02.00,candidate_requires_pharmacology_review
medication.antihypertensive.read_v2_drug,medication,antihypertensive,read_v2_drug,gp_scripts,read_2,exact,true,bl8j.,ADALAT LA 60mg m/r tablets,ADALAT LA 60mg m/r tablets,core,prescription_exposure,not applicable,read_v2_drugs_bnf,Mapped BNF code: 02.06.02.00,candidate_requires_pharmacology_review
medication.antihypertensive.read_v2_drug,medication,antihypertensive,read_v2_drug,gp_scripts,read_2,exact,true,bl8k.,CORACTEN SR 10mg m/r capsules,CORACTEN SR 10mg m/r capsules,core,prescription_exposure,not applicable,read_v2_drugs_bnf,Mapped BNF code: 02.06.02.00,candidate_requires_pharmacology_review
medication.antihypertensive.read_v2_drug,medication,antihypertensive,read_v2_drug,gp_scripts,read_2,exact,true,bl8l.,*CARDILATE MR 20mg m/r tablets,*CARDILATE MR 20mg m/r tablets,core,prescription_exposure,not applicable,read_v2_drugs_bnf,Mapped BNF code: 02.06.02.00,candidate_requires_pharmacology_review
medication.antihypertensive.read_v2_drug,medication,antihypertensive,read_v2_drug,gp_scripts,read_2,exact,true,bl8m.,*ANGIOPINE MR 20mg tablets,*ANGIOPINE MR 20mg tablets,core,prescription_exposure,not applicable,read_v2_drugs_bnf,Mapped BNF code: 02.06.02.00,candidate_requires_pharmacology_review
medication.antihypertensive.read_v2_drug,medication,antihypertensive,read_v2_drug,gp_scripts,read_2,exact,true,bl8n.,*NIFELEASE 20mg m/r tablets,*NIFELEASE 20mg m/r tablets,core,prescription_exposure,not applicable,read_v2_drugs_bnf,Mapped BNF code: 02.06.02.00,candidate_requires_pharmacology_review
medication.antihypertensive.read_v2_drug,medication,antihypertensive,read_v2_drug,gp_scripts,read_2,exact,true,bl8o.,*CALANIF 10mg capsules,*CALANIF 10mg capsules,core,prescription_exposure,not applicable,read_v2_drugs_bnf,Mapped BNF code: 02.06.02.00,candidate_requires_pharmacology_review
medication.antihypertensive.read_v2_drug,medication,antihypertensive,read_v2_drug,gp_scripts,read_2,exact,true,bl8p.,*CALANIF 5mg capsules,*CALANIF 5mg capsules,core,prescription_exposure,not applicable,read_v2_drugs_bnf,Mapped BNF code: 02.06.02.00,candidate_requires_pharmacology_review
medication.antihypertensive.read_v2_drug,medication,antihypertensive,read_v2_drug,gp_scripts,read_2,exact,true,bl8q.,*HYPOLAR RETARD 20 m/r tablets,*HYPOLAR RETARD 20 m/r tablets,core,prescription_exposure,not applicable,read_v2_drugs_bnf,Mapped BNF code: 02.06.02.00,candidate_requires_pharmacology_review
medication.antihypertensive.read_v2_drug,medication,antihypertensive,read_v2_drug,gp_scripts,read_2,exact,true,bl8r.,*NIFEDOTARD 20MR m/r tablets,*NIFEDOTARD 20MR m/r tablets,core,prescription_exposure,not applicable,read_v2_drugs_bnf,Mapped BNF code: 02.06.02.00,candidate_requires_pharmacology_review
medication.antihypertensive.read_v2_drug,medication,antihypertensive,read_v2_drug,gp_scripts,read_2,exact,true,bl8s.,*CORODAY MR 20mg m/r tablets,*CORODAY MR 20mg m/r tablets,core,prescription_exposure,not applicable,read_v2_drugs_bnf,Mapped BNF code: 02.06.02.00,candidate_requires_pharmacology_review
medication.antihypertensive.read_v2_drug,medication,antihypertensive,read_v2_drug,gp_scripts,read_2,exact,true,bl8t.,NIFOPRESS RETARD 20mg m/r tablets,NIFOPRESS RETARD 20mg m/r tablets,core,prescription_exposure,not applicable,read_v2_drugs_bnf,Mapped BNF code: 02.06.02.00,candidate_requires_pharmacology_review
medication.antihypertensive.read_v2_drug,medication,antihypertensive,read_v2_drug,gp_scripts,read_2,exact,true,bl8u.,NIFEDIPINE 10mg m/r capsules,NIFEDIPINE 10mg m/r capsules,core,prescription_exposure,not applicable,read_v2_drugs_bnf,Mapped BNF code: 02.06.02.00,candidate_requires_pharmacology_review
medication.antihypertensive.read_v2_drug,medication,antihypertensive,read_v2_drug,gp_scripts,read_2,exact,true,bl8v.,NIFEDIPINE 20mg m/r capsules,NIFEDIPINE 20mg m/r capsules,core,prescription_exposure,not applicable,read_v2_drugs_bnf,Mapped BNF code: 02.06.02.00,candidate_requires_pharmacology_review
medication.antihypertensive.read_v2_drug,medication,antihypertensive,read_v2_drug,gp_scripts,read_2,exact,true,bl8w.,NIFEDIPINE 10mg m/r tablets,NIFEDIPINE 10mg m/r tablets,core,prescription_exposure,not applicable,read_v2_drugs_bnf,Mapped BNF code: 02.06.02.00,candidate_requires_pharmacology_review
medication.antihypertensive.read_v2_drug,medication,antihypertensive,read_v2_drug,gp_scripts,read_2,exact,true,bl8x.,NIFEDIPINE 30mg m/r tablets,NIFEDIPINE 30mg m/r tablets,core,prescription_exposure,not applicable,read_v2_drugs_bnf,Mapped BNF code: 02.06.02.00,candidate_requires_pharmacology_review
medication.antihypertensive.read_v2_drug,medication,antihypertensive,read_v2_drug,gp_scripts,read_2,exact,true,bl8y.,NIFEDIPINE 60mg m/r tablets,NIFEDIPINE 60mg m/r tablets,core,prescription_exposure,not applicable,read_v2_drugs_bnf,Mapped BNF code: 02.06.02.00,candidate_requires_pharmacology_review
medication.antihypertensive.read_v2_drug,medication,antihypertensive,read_v2_drug,gp_scripts,read_2,exact,true,bl8z.,NIFEDIPINE 20mg m/r tablets,NIFEDIPINE 20mg m/r tablets,core,prescription_exposure,not applicable,read_v2_drugs_bnf,Mapped BNF code: 02.06.02.00,candidate_requires_pharmacology_review
medication.antihypertensive.read_v2_drug,medication,antihypertensive,read_v2_drug,gp_scripts,read_2,exact,true,bla..,ISRADIPINE,ISRADIPINE,core,prescription_exposure,not applicable,read_v2_drugs_bnf,Mapped BNF code: 02.06.02.00,candidate_requires_pharmacology_review
medication.antihypertensive.read_v2_drug,medication,antihypertensive,read_v2_drug,gp_scripts,read_2,exact,true,bla1.,ISRADIPINE 2.5mg tablets,ISRADIPINE 2.5mg tablets,core,prescription_exposure,not applicable,read_v2_drugs_bnf,Mapped BNF code: 02.06.02.00,candidate_requires_pharmacology_review
medication.antihypertensive.read_v2_drug,medication,antihypertensive,read_v2_drug,gp_scripts,read_2,exact,true,bla2.,*PRESCAL 2.5mg tablets,*PRESCAL 2.5mg tablets,core,prescription_exposure,not applicable,read_v2_drugs_bnf,Mapped BNF code: 02.06.02.00,candidate_requires_pharmacology_review
medication.antihypertensive.read_v2_drug,medication,antihypertensive,read_v2_drug,gp_scripts,read_2,exact,true,blb..,AMLODIPINE,AMLODIPINE,core,prescription_exposure,not applicable,read_v2_drugs_bnf,Mapped BNF code: 02.06.02.00,candidate_requires_pharmacology_review
medication.antihypertensive.read_v2_drug,medication,antihypertensive,read_v2_drug,gp_scripts,read_2,exact,true,blb1.,AMLODIPINE 5mg tablets,AMLODIPINE 5mg tablets,core,prescription_exposure,not applicable,read_v2_drugs_bnf,Mapped BNF code: 02.06.02.00,candidate_requires_pharmacology_review
medication.antihypertensive.read_v2_drug,medication,antihypertensive,read_v2_drug,gp_scripts,read_2,exact,true,blb2.,AMLODIPINE 10mg tablets,AMLODIPINE 10mg tablets,core,prescription_exposure,not applicable,read_v2_drugs_bnf,Mapped BNF code: 02.06.02.00,candidate_requires_pharmacology_review
medication.antihypertensive.read_v2_drug,medication,antihypertensive,read_v2_drug,gp_scripts,read_2,exact,true,blb3.,ISTIN 5mg tablets,ISTIN 5mg tablets,core,prescription_exposure,not applicable,read_v2_drugs_bnf,Mapped BNF code: 02.06.02.00,candidate_requires_pharmacology_review
medication.antihypertensive.read_v2_drug,medication,antihypertensive,read_v2_drug,gp_scripts,read_2,exact,true,blb4.,ISTIN 10mg tablets,ISTIN 10mg tablets,core,prescription_exposure,not applicable,read_v2_drugs_bnf,Mapped BNF code: 02.06.02.00,candidate_requires_pharmacology_review
medication.antihypertensive.read_v2_drug,medication,antihypertensive,read_v2_drug,gp_scripts,read_2,exact,true,blb5.,*AMLOSTIN 5mg tablets,*AMLOSTIN 5mg tablets,core,prescription_exposure,not applicable,read_v2_drugs_bnf,Mapped BNF code: 02.06.02.00,candidate_requires_pharmacology_review
medication.antihypertensive.read_v2_drug,medication,antihypertensive,read_v2_drug,gp_scripts,read_2,exact,true,blb6.,*AMLOSTIN 10mg tablets,*AMLOSTIN 10mg tablets,core,prescription_exposure,not applicable,read_v2_drugs_bnf,Mapped BNF code: 02.06.02.00,candidate_requires_pharmacology_review
medication.antihypertensive.read_v2_drug,medication,antihypertensive,read_v2_drug,gp_scripts,read_2,exact,true,blb7.,AMLODIPINE 1mg/mL oral solution,AMLODIPINE 1mg/mL oral solution,core,prescription_exposure,not applicable,read_v2_drugs_bnf,Mapped BNF code: 02.06.02.00,candidate_requires_pharmacology_review
medication.antihypertensive.read_v2_drug,medication,antihypertensive,read_v2_drug,gp_scripts,read_2,exact,true,blb8.,AMLODIPINE 2mg/mL oral solution,AMLODIPINE 2mg/mL oral solution,core,prescription_exposure,not applicable,read_v2_drugs_bnf,Mapped BNF code: 02.06.02.00,candidate_requires_pharmacology_review
medication.antihypertensive.read_v2_drug,medication,antihypertensive,read_v2_drug,gp_scripts,read_2,exact,true,blc..,FELODIPINE,FELODIPINE,core,prescription_exposure,not applicable,read_v2_drugs_bnf,Mapped BNF code: 02.06.02.00,candidate_requires_pharmacology_review
medication.antihypertensive.read_v2_drug,medication,antihypertensive,read_v2_drug,gp_scripts,read_2,exact,true,blc1.,FELODIPINE 5mg m/r tablets,FELODIPINE 5mg m/r tablets,core,prescription_exposure,not applicable,read_v2_drugs_bnf,Mapped BNF code: 02.06.02.00,candidate_requires_pharmacology_review
medication.antihypertensive.read_v2_drug,medication,antihypertensive,read_v2_drug,gp_scripts,read_2,exact,true,blc2.,FELODIPINE 10mg m/r tablets,FELODIPINE 10mg m/r tablets,core,prescription_exposure,not applicable,read_v2_drugs_bnf,Mapped BNF code: 02.06.02.00,candidate_requires_pharmacology_review
medication.antihypertensive.read_v2_drug,medication,antihypertensive,read_v2_drug,gp_scripts,read_2,exact,true,blc3.,PLENDIL 5mg m/r tablets,PLENDIL 5mg m/r tablets,core,prescription_exposure,not applicable,read_v2_drugs_bnf,Mapped BNF code: 02.06.02.00,candidate_requires_pharmacology_review
medication.antihypertensive.read_v2_drug,medication,antihypertensive,read_v2_drug,gp_scripts,read_2,exact,true,blc4.,PLENDIL 10mg m/r tablets,PLENDIL 10mg m/r tablets,core,prescription_exposure,not applicable,read_v2_drugs_bnf,Mapped BNF code: 02.06.02.00,candidate_requires_pharmacology_review
medication.antihypertensive.read_v2_drug,medication,antihypertensive,read_v2_drug,gp_scripts,read_2,exact,true,blc5.,FELODIPINE 2.5mg m/r tablets,FELODIPINE 2.5mg m/r tablets,core,prescription_exposure,not applicable,read_v2_drugs_bnf,Mapped BNF code: 02.06.02.00,candidate_requires_pharmacology_review
medication.antihypertensive.read_v2_drug,medication,antihypertensive,read_v2_drug,gp_scripts,read_2,exact,true,blc6.,PLENDIL 2.5mg m/r tablets,PLENDIL 2.5mg m/r tablets,core,prescription_exposure,not applicable,read_v2_drugs_bnf,Mapped BNF code: 02.06.02.00,candidate_requires_pharmacology_review
medication.antihypertensive.read_v2_drug,medication,antihypertensive,read_v2_drug,gp_scripts,read_2,exact,true,blc7.,CABREN 2.5mg m/r tablets,CABREN 2.5mg m/r tablets,core,prescription_exposure,not applicable,read_v2_drugs_bnf,Mapped BNF code: 02.06.02.00,candidate_requires_pharmacology_review
medication.antihypertensive.read_v2_drug,medication,antihypertensive,read_v2_drug,gp_scripts,read_2,exact,true,blc8.,CABREN 5mg m/r tablets,CABREN 5mg m/r tablets,core,prescription_exposure,not applicable,read_v2_drugs_bnf,Mapped BNF code: 02.06.02.00,candidate_requires_pharmacology_review
medication.antihypertensive.read_v2_drug,medication,antihypertensive,read_v2_drug,gp_scripts,read_2,exact,true,blc9.,CABREN 10mg m/r tablets,CABREN 10mg m/r tablets,core,prescription_exposure,not applicable,read_v2_drugs_bnf,Mapped BNF code: 02.06.02.00,candidate_requires_pharmacology_review
medication.antihypertensive.read_v2_drug,medication,antihypertensive,read_v2_drug,gp_scripts,read_2,exact,true,blca.,FELOTENS XL 5mg m/r tablets,FELOTENS XL 5mg m/r tablets,core,prescription_exposure,not applicable,read_v2_drugs_bnf,Mapped BNF code: 02.06.02.00,candidate_requires_pharmacology_review
medication.antihypertensive.read_v2_drug,medication,antihypertensive,read_v2_drug,gp_scripts,read_2,exact,true,blcb.,FELOTENS XL 10mg m/r tablets,FELOTENS XL 10mg m/r tablets,core,prescription_exposure,not applicable,read_v2_drugs_bnf,Mapped BNF code: 02.06.02.00,candidate_requires_pharmacology_review
medication.antihypertensive.read_v2_drug,medication,antihypertensive,read_v2_drug,gp_scripts,read_2,exact,true,blcc.,FELOGEN XL 5mg m/r tablets,FELOGEN XL 5mg m/r tablets,core,prescription_exposure,not applicable,read_v2_drugs_bnf,Mapped BNF code: 02.06.02.00,candidate_requires_pharmacology_review
medication.antihypertensive.read_v2_drug,medication,antihypertensive,read_v2_drug,gp_scripts,read_2,exact,true,blcd.,FELENDIL XL 5mg m/r tablets,FELENDIL XL 5mg m/r tablets,core,prescription_exposure,not applicable,read_v2_drugs_bnf,Mapped BNF code: 02.06.02.00,candidate_requires_pharmacology_review
medication.antihypertensive.read_v2_drug,medication,antihypertensive,read_v2_drug,gp_scripts,read_2,exact,true,blce.,FELENDIL XL 10mg m/r tablets,FELENDIL XL 10mg m/r tablets,core,prescription_exposure,not applicable,read_v2_drugs_bnf,Mapped BNF code: 02.06.02.00,candidate_requires_pharmacology_review
medication.antihypertensive.read_v2_drug,medication,antihypertensive,read_v2_drug,gp_scripts,read_2,exact,true,blcf.,KELOC SR 5mg m/r tablets,KELOC SR 5mg m/r tablets,core,prescription_exposure,not applicable,read_v2_drugs_bnf,Mapped BNF code: 02.06.02.00,candidate_requires_pharmacology_review
medication.antihypertensive.read_v2_drug,medication,antihypertensive,read_v2_drug,gp_scripts,read_2,exact,true,blcg.,KELOC SR 10mg m/r tablets,KELOC SR 10mg m/r tablets,core,prescription_exposure,not applicable,read_v2_drugs_bnf,Mapped BNF code: 02.06.02.00,candidate_requires_pharmacology_review
medication.antihypertensive.read_v2_drug,medication,antihypertensive,read_v2_drug,gp_scripts,read_2,exact,true,blch.,FELOGEN XL 10mg m/r tablets,FELOGEN XL 10mg m/r tablets,core,prescription_exposure,not applicable,read_v2_drugs_bnf,Mapped BNF code: 02.06.02.00,candidate_requires_pharmacology_review
medication.antihypertensive.read_v2_drug,medication,antihypertensive,read_v2_drug,gp_scripts,read_2,exact,true,blci.,VASCALPHA 5mg m/r tablets,VASCALPHA 5mg m/r tablets,core,prescription_exposure,not applicable,read_v2_drugs_bnf,Mapped BNF code: 02.06.02.00,candidate_requires_pharmacology_review
medication.antihypertensive.read_v2_drug,medication,antihypertensive,read_v2_drug,gp_scripts,read_2,exact,true,blcj.,VASCALPHA 10mg m/r tablets,VASCALPHA 10mg m/r tablets,core,prescription_exposure,not applicable,read_v2_drugs_bnf,Mapped BNF code: 02.06.02.00,candidate_requires_pharmacology_review
medication.antihypertensive.read_v2_drug,medication,antihypertensive,read_v2_drug,gp_scripts,read_2,exact,true,blck.,CARDIOPLEN XL 5mg m/r tablets,CARDIOPLEN XL 5mg m/r tablets,core,prescription_exposure,not applicable,read_v2_drugs_bnf,Mapped BNF code: 02.06.02.00,candidate_requires_pharmacology_review
medication.antihypertensive.read_v2_drug,medication,antihypertensive,read_v2_drug,gp_scripts,read_2,exact,true,blcl.,CARDIOPLEN XL 10mg m/r tablets,CARDIOPLEN XL 10mg m/r tablets,core,prescription_exposure,not applicable,read_v2_drugs_bnf,Mapped BNF code: 02.06.02.00,candidate_requires_pharmacology_review
medication.antihypertensive.read_v2_drug,medication,antihypertensive,read_v2_drug,gp_scripts,read_2,exact,true,blcm.,NEOFEL XL 5mg m/r tablets,NEOFEL XL 5mg m/r tablets,core,prescription_exposure,not applicable,read_v2_drugs_bnf,Mapped BNF code: 02.06.02.00,candidate_requires_pharmacology_review
medication.antihypertensive.read_v2_drug,medication,antihypertensive,read_v2_drug,gp_scripts,read_2,exact,true,blcn.,NEOFEL XL 10mg m/r tablets,NEOFEL XL 10mg m/r tablets,core,prescription_exposure,not applicable,read_v2_drugs_bnf,Mapped BNF code: 02.06.02.00,candidate_requires_pharmacology_review
medication.antihypertensive.read_v2_drug,medication,antihypertensive,read_v2_drug,gp_scripts,read_2,exact,true,blco.,PARMID XL 5mg m/r tablets,PARMID XL 5mg m/r tablets,core,prescription_exposure,not applicable,read_v2_drugs_bnf,Mapped BNF code: 02.06.02.00,candidate_requires_pharmacology_review
medication.antihypertensive.read_v2_drug,medication,antihypertensive,read_v2_drug,gp_scripts,read_2,exact,true,blcp.,PARMID XL 10mg m/r tablets,PARMID XL 10mg m/r tablets,core,prescription_exposure,not applicable,read_v2_drugs_bnf,Mapped BNF code: 02.06.02.00,candidate_requires_pharmacology_review
medication.antihypertensive.read_v2_drug,medication,antihypertensive,read_v2_drug,gp_scripts,read_2,exact,true,blcq.,PINEFELD XL 10mg m/r tablets,PINEFELD XL 10mg m/r tablets,core,prescription_exposure,not applicable,read_v2_drugs_bnf,Mapped BNF code: 02.06.02.00,candidate_requires_pharmacology_review
medication.antihypertensive.read_v2_drug,medication,antihypertensive,read_v2_drug,gp_scripts,read_2,exact,true,blcr.,CARDIOPLEN XL 2.5mg m/r tablets,CARDIOPLEN XL 2.5mg m/r tablets,core,prescription_exposure,not applicable,read_v2_drugs_bnf,Mapped BNF code: 02.06.02.00,candidate_requires_pharmacology_review
medication.antihypertensive.read_v2_drug,medication,antihypertensive,read_v2_drug,gp_scripts,read_2,exact,true,blcs.,NEOFEL XL 2.5mg m/r tablets,NEOFEL XL 2.5mg m/r tablets,core,prescription_exposure,not applicable,read_v2_drugs_bnf,Mapped BNF code: 02.06.02.00,candidate_requires_pharmacology_review
medication.antihypertensive.read_v2_drug,medication,antihypertensive,read_v2_drug,gp_scripts,read_2,exact,true,blct.,FELOTENS XL 2.5mg m/r tablets,FELOTENS XL 2.5mg m/r tablets,core,prescription_exposure,not applicable,read_v2_drugs_bnf,Mapped BNF code: 02.06.02.00,candidate_requires_pharmacology_review
medication.antihypertensive.read_v2_drug,medication,antihypertensive,read_v2_drug,gp_scripts,read_2,exact,true,ble..,LACIDIPINE,LACIDIPINE,core,prescription_exposure,not applicable,read_v2_drugs_bnf,Mapped BNF code: 02.06.02.00,candidate_requires_pharmacology_review
medication.antihypertensive.read_v2_drug,medication,antihypertensive,read_v2_drug,gp_scripts,read_2,exact,true,ble1.,LACIDIPINE 2mg tablets,LACIDIPINE 2mg tablets,core,prescription_exposure,not applicable,read_v2_drugs_bnf,Mapped BNF code: 02.06.02.00,candidate_requires_pharmacology_review
medication.antihypertensive.read_v2_drug,medication,antihypertensive,read_v2_drug,gp_scripts,read_2,exact,true,ble2.,LACIDIPINE 4mg tablets,LACIDIPINE 4mg tablets,core,prescription_exposure,not applicable,read_v2_drugs_bnf,Mapped BNF code: 02.06.02.00,candidate_requires_pharmacology_review
medication.antihypertensive.read_v2_drug,medication,antihypertensive,read_v2_drug,gp_scripts,read_2,exact,true,ble3.,MOTENS 2mg tablets,MOTENS 2mg tablets,core,prescription_exposure,not applicable,read_v2_drugs_bnf,Mapped BNF code: 02.06.02.00,candidate_requires_pharmacology_review
medication.antihypertensive.read_v2_drug,medication,antihypertensive,read_v2_drug,gp_scripts,read_2,exact,true,ble4.,MOTENS 4mg tablets,MOTENS 4mg tablets,core,prescription_exposure,not applicable,read_v2_drugs_bnf,Mapped BNF code: 02.06.02.00,candidate_requires_pharmacology_review
medication.antihypertensive.read_v2_drug,medication,antihypertensive,read_v2_drug,gp_scripts,read_2,exact,true,ble5.,MOLAP 4mg tablets,MOLAP 4mg tablets,core,prescription_exposure,not applicable,read_v2_drugs_bnf,Mapped BNF code: 02.06.02.00,candidate_requires_pharmacology_review
medication.antihypertensive.read_v2_drug,medication,antihypertensive,read_v2_drug,gp_scripts,read_2,exact,true,blg..,NISOLDIPINE,NISOLDIPINE,core,prescription_exposure,not applicable,read_v2_drugs_bnf,Mapped BNF code: 02.06.02.00,candidate_requires_pharmacology_review
medication.antihypertensive.read_v2_drug,medication,antihypertensive,read_v2_drug,gp_scripts,read_2,exact,true,blg1.,*NISOLDIPINE 10mg m/r tablets,*NISOLDIPINE 10mg m/r tablets,core,prescription_exposure,not applicable,read_v2_drugs_bnf,Mapped BNF code: 02.06.02.00,candidate_requires_pharmacology_review
medication.antihypertensive.read_v2_drug,medication,antihypertensive,read_v2_drug,gp_scripts,read_2,exact,true,blg2.,*NISOLDIPINE 20mg m/r tablets,*NISOLDIPINE 20mg m/r tablets,core,prescription_exposure,not applicable,read_v2_drugs_bnf,Mapped BNF code: 02.06.02.00,candidate_requires_pharmacology_review
medication.antihypertensive.read_v2_drug,medication,antihypertensive,read_v2_drug,gp_scripts,read_2,exact,true,blg3.,*NISOLDIPINE 30mg m/r tablets,*NISOLDIPINE 30mg m/r tablets,core,prescription_exposure,not applicable,read_v2_drugs_bnf,Mapped BNF code: 02.06.02.00,candidate_requires_pharmacology_review
medication.antihypertensive.read_v2_drug,medication,antihypertensive,read_v2_drug,gp_scripts,read_2,exact,true,blg4.,*SYSCOR MR 10mg m/r tablets,*SYSCOR MR 10mg m/r tablets,core,prescription_exposure,not applicable,read_v2_drugs_bnf,Mapped BNF code: 02.06.02.00,candidate_requires_pharmacology_review
medication.antihypertensive.read_v2_drug,medication,antihypertensive,read_v2_drug,gp_scripts,read_2,exact,true,blg5.,*SYSCOR MR 20mg m/r tablets,*SYSCOR MR 20mg m/r tablets,core,prescription_exposure,not applicable,read_v2_drugs_bnf,Mapped BNF code: 02.06.02.00,candidate_requires_pharmacology_review
medication.antihypertensive.read_v2_drug,medication,antihypertensive,read_v2_drug,gp_scripts,read_2,exact,true,blg6.,*SYSCOR MR 30mg m/r tablets,*SYSCOR MR 30mg m/r tablets,core,prescription_exposure,not applicable,read_v2_drugs_bnf,Mapped BNF code: 02.06.02.00,candidate_requires_pharmacology_review
medication.antihypertensive.read_v2_drug,medication,antihypertensive,read_v2_drug,gp_scripts,read_2,exact,true,blh..,LERCANIDIPINE HYDROCHLORIDE,LERCANIDIPINE HYDROCHLORIDE,core,prescription_exposure,not applicable,read_v2_drugs_bnf,Mapped BNF code: 02.06.02.00,candidate_requires_pharmacology_review
medication.antihypertensive.read_v2_drug,medication,antihypertensive,read_v2_drug,gp_scripts,read_2,exact,true,blh1.,LERCANIDIPINE HYDROCHLORIDE 10mg tablets,LERCANIDIPINE HYDROCHLORIDE 10mg tablets,core,prescription_exposure,not applicable,read_v2_drugs_bnf,Mapped BNF code: 02.06.02.00,candidate_requires_pharmacology_review
medication.antihypertensive.read_v2_drug,medication,antihypertensive,read_v2_drug,gp_scripts,read_2,exact,true,blh2.,ZANIDIP 10mg tablets,ZANIDIP 10mg tablets,core,prescription_exposure,not applicable,read_v2_drugs_bnf,Mapped BNF code: 02.06.02.00,candidate_requires_pharmacology_review
medication.antihypertensive.read_v2_drug,medication,antihypertensive,read_v2_drug,gp_scripts,read_2,exact,true,blh3.,LERCANIDIPINE HYDROCHLORIDE 20mg tablets,LERCANIDIPINE HYDROCHLORIDE 20mg tablets,core,prescription_exposure,not applicable,read_v2_drugs_bnf,Mapped BNF code: 02.06.02.00,candidate_requires_pharmacology_review
medication.antihypertensive.read_v2_drug,medication,antihypertensive,read_v2_drug,gp_scripts,read_2,exact,true,blh4.,ZANIDIP 20mg tablets,ZANIDIP 20mg tablets,core,prescription_exposure,not applicable,read_v2_drugs_bnf,Mapped BNF code: 02.06.02.00,candidate_requires_pharmacology_review
medication.antihypertensive.read_v2_drug,medication,antihypertensive,read_v2_drug,gp_scripts,read_2,exact,true,bli..,MIBEFRADIL,MIBEFRADIL,core,prescription_exposure,not applicable,read_v2_drugs_bnf,Mapped BNF code: 02.06.02.00,candidate_requires_pharmacology_review
medication.antihypertensive.read_v2_drug,medication,antihypertensive,read_v2_drug,gp_scripts,read_2,exact,true,bli1.,*MIBEFRADIL 50mg tablets,*MIBEFRADIL 50mg tablets,core,prescription_exposure,not applicable,read_v2_drugs_bnf,Mapped BNF code: 02.06.02.00,candidate_requires_pharmacology_review
medication.antihypertensive.read_v2_drug,medication,antihypertensive,read_v2_drug,gp_scripts,read_2,exact,true,bli2.,*MIBEFRADIL 100mg tablets,*MIBEFRADIL 100mg tablets,core,prescription_exposure,not applicable,read_v2_drugs_bnf,Mapped BNF code: 02.06.02.00,candidate_requires_pharmacology_review
medication.antihypertensive.read_v2_drug,medication,antihypertensive,read_v2_drug,gp_scripts,read_2,exact,true,bli3.,*POSICOR 50mg tablets,*POSICOR 50mg tablets,core,prescription_exposure,not applicable,read_v2_drugs_bnf,Mapped BNF code: 02.06.02.00,candidate_requires_pharmacology_review
medication.antihypertensive.read_v2_drug,medication,antihypertensive,read_v2_drug,gp_scripts,read_2,exact,true,bli4.,*POSICOR 100mg tablets,*POSICOR 100mg tablets,core,prescription_exposure,not applicable,read_v2_drugs_bnf,Mapped BNF code: 02.06.02.00,candidate_requires_pharmacology_review
medication.antihypertensive.read_v2_drug,medication,antihypertensive,read_v2_drug,gp_scripts,read_2,exact,true,blj..,DILTIAZEM HYDROCHLORIDE 2,DILTIAZEM HYDROCHLORIDE 2,core,prescription_exposure,not applicable,read_v2_drugs_bnf,Mapped BNF code: 02.06.02.00,candidate_requires_pharmacology_review
medication.antihypertensive.read_v2_drug,medication,antihypertensive,read_v2_drug,gp_scripts,read_2,exact,true,blj1.,ZEMTARD 120 XL m/r capsules,ZEMTARD 120 XL m/r capsules,core,prescription_exposure,not applicable,read_v2_drugs_bnf,Mapped BNF code: 02.06.02.00,candidate_requires_pharmacology_review
medication.antihypertensive.read_v2_drug,medication,antihypertensive,read_v2_drug,gp_scripts,read_2,exact,true,blj2.,ZEMTARD 180 XL m/r capsules,ZEMTARD 180 XL m/r capsules,core,prescription_exposure,not applicable,read_v2_drugs_bnf,Mapped BNF code: 02.06.02.00,candidate_requires_pharmacology_review
medication.antihypertensive.read_v2_drug,medication,antihypertensive,read_v2_drug,gp_scripts,read_2,exact,true,blj3.,ZEMTARD 240 XL m/r capsules,ZEMTARD 240 XL m/r capsules,core,prescription_exposure,not applicable,read_v2_drugs_bnf,Mapped BNF code: 02.06.02.00,candidate_requires_pharmacology_review
medication.antihypertensive.read_v2_drug,medication,antihypertensive,read_v2_drug,gp_scripts,read_2,exact,true,blj4.,*OPTIL SR 90 m/r capsules,*OPTIL SR 90 m/r capsules,core,prescription_exposure,not applicable,read_v2_drugs_bnf,Mapped BNF code: 02.06.02.00,candidate_requires_pharmacology_review
medication.antihypertensive.read_v2_drug,medication,antihypertensive,read_v2_drug,gp_scripts,read_2,exact,true,blj5.,*OPTIL SR 120 m/r capsules,*OPTIL SR 120 m/r capsules,core,prescription_exposure,not applicable,read_v2_drugs_bnf,Mapped BNF code: 02.06.02.00,candidate_requires_pharmacology_review
medication.antihypertensive.read_v2_drug,medication,antihypertensive,read_v2_drug,gp_scripts,read_2,exact,true,blj6.,*OPTIL SR 180 m/r capsules,*OPTIL SR 180 m/r capsules,core,prescription_exposure,not applicable,read_v2_drugs_bnf,Mapped BNF code: 02.06.02.00,candidate_requires_pharmacology_review
medication.antihypertensive.read_v2_drug,medication,antihypertensive,read_v2_drug,gp_scripts,read_2,exact,true,blj7.,*OPTIL XL 240 m/r capsules,*OPTIL XL 240 m/r capsules,core,prescription_exposure,not applicable,read_v2_drugs_bnf,Mapped BNF code: 02.06.02.00,candidate_requires_pharmacology_review
medication.antihypertensive.read_v2_drug,medication,antihypertensive,read_v2_drug,gp_scripts,read_2,exact,true,blj8.,*OPTIL XL 300 m/r capsules,*OPTIL XL 300 m/r capsules,core,prescription_exposure,not applicable,read_v2_drugs_bnf,Mapped BNF code: 02.06.02.00,candidate_requires_pharmacology_review
medication.antihypertensive.read_v2_drug,medication,antihypertensive,read_v2_drug,gp_scripts,read_2,exact,true,blj9.,DILCARDIA XL 120mg m/r capsules,DILCARDIA XL 120mg m/r capsules,core,prescription_exposure,not applicable,read_v2_drugs_bnf,Mapped BNF code: 02.06.02.00,candidate_requires_pharmacology_review
medication.antihypertensive.read_v2_drug,medication,antihypertensive,read_v2_drug,gp_scripts,read_2,exact,true,bljA.,DILCARDIA XL 180mg m/r capsules,DILCARDIA XL 180mg m/r capsules,core,prescription_exposure,not applicable,read_v2_drugs_bnf,Mapped BNF code: 02.06.02.00,candidate_requires_pharmacology_review
medication.antihypertensive.read_v2_drug,medication,antihypertensive,read_v2_drug,gp_scripts,read_2,exact,true,bljB.,DILCARDIA XL 240mg m/r capsules,DILCARDIA XL 240mg m/r capsules,core,prescription_exposure,not applicable,read_v2_drugs_bnf,Mapped BNF code: 02.06.02.00,candidate_requires_pharmacology_review
medication.antihypertensive.read_v2_drug,medication,antihypertensive,read_v2_drug,gp_scripts,read_2,exact,true,bljC.,BI-CARZEM SR 60mg m/r capsules,BI-CARZEM SR 60mg m/r capsules,core,prescription_exposure,not applicable,read_v2_drugs_bnf,Mapped BNF code: 02.06.02.00,candidate_requires_pharmacology_review
medication.antihypertensive.read_v2_drug,medication,antihypertensive,read_v2_drug,gp_scripts,read_2,exact,true,bljD.,BI-CARZEM SR 90mg m/r capsules,BI-CARZEM SR 90mg m/r capsules,core,prescription_exposure,not applicable,read_v2_drugs_bnf,Mapped BNF code: 02.06.02.00,candidate_requires_pharmacology_review
medication.antihypertensive.read_v2_drug,medication,antihypertensive,read_v2_drug,gp_scripts,read_2,exact,true,bljE.,BI-CARZEM SR 120mg m/r capsules,BI-CARZEM SR 120mg m/r capsules,core,prescription_exposure,not applicable,read_v2_drugs_bnf,Mapped BNF code: 02.06.02.00,candidate_requires_pharmacology_review
medication.antihypertensive.read_v2_drug,medication,antihypertensive,read_v2_drug,gp_scripts,read_2,exact,true,bljF.,*ZILDIL SR 60mg m/r capsules,*ZILDIL SR 60mg m/r capsules,core,prescription_exposure,not applicable,read_v2_drugs_bnf,Mapped BNF code: 02.06.02.00,candidate_requires_pharmacology_review
medication.antihypertensive.read_v2_drug,medication,antihypertensive,read_v2_drug,gp_scripts,read_2,exact,true,bljG.,*ZILDIL SR 90mg m/r capsules,*ZILDIL SR 90mg m/r capsules,core,prescription_exposure,not applicable,read_v2_drugs_bnf,Mapped BNF code: 02.06.02.00,candidate_requires_pharmacology_review
medication.antihypertensive.read_v2_drug,medication,antihypertensive,read_v2_drug,gp_scripts,read_2,exact,true,bljH.,*ZILDIL SR 120mg m/r capsules,*ZILDIL SR 120mg m/r capsules,core,prescription_exposure,not applicable,read_v2_drugs_bnf,Mapped BNF code: 02.06.02.00,candidate_requires_pharmacology_review
medication.antihypertensive.read_v2_drug,medication,antihypertensive,read_v2_drug,gp_scripts,read_2,exact,true,bljJ.,SLOZEM 300mg m/r capsules,SLOZEM 300mg m/r capsules,core,prescription_exposure,not applicable,read_v2_drugs_bnf,Mapped BNF code: 02.06.02.00,candidate_requires_pharmacology_review
medication.antihypertensive.read_v2_drug,medication,antihypertensive,read_v2_drug,gp_scripts,read_2,exact,true,bljK.,BI-CARZEM XL 300mg m/r capsules,BI-CARZEM XL 300mg m/r capsules,core,prescription_exposure,not applicable,read_v2_drugs_bnf,Mapped BNF code: 02.06.02.00,candidate_requires_pharmacology_review
medication.antihypertensive.read_v2_drug,medication,antihypertensive,read_v2_drug,gp_scripts,read_2,exact,true,bljL.,BI-CARZEM XL 240mg m/r capsules,BI-CARZEM XL 240mg m/r capsules,core,prescription_exposure,not applicable,read_v2_drugs_bnf,Mapped BNF code: 02.06.02.00,candidate_requires_pharmacology_review
medication.antihypertensive.read_v2_drug,medication,antihypertensive,read_v2_drug,gp_scripts,read_2,exact,true,bljM.,ZEMRET 180 XL m/r capsules,ZEMRET 180 XL m/r capsules,core,prescription_exposure,not applicable,read_v2_drugs_bnf,Mapped BNF code: 02.06.02.00,candidate_requires_pharmacology_review
medication.antihypertensive.read_v2_drug,medication,antihypertensive,read_v2_drug,gp_scripts,read_2,exact,true,bljN.,ZEMRET 240 XL m/r capsules,ZEMRET 240 XL m/r capsules,core,prescription_exposure,not applicable,read_v2_drugs_bnf,Mapped BNF code: 02.06.02.00,candidate_requires_pharmacology_review
medication.antihypertensive.read_v2_drug,medication,antihypertensive,read_v2_drug,gp_scripts,read_2,exact,true,bljO.,ZEMRET 300 XL m/r capsules,ZEMRET 300 XL m/r capsules,core,prescription_exposure,not applicable,read_v2_drugs_bnf,Mapped BNF code: 02.06.02.00,candidate_requires_pharmacology_review
medication.antihypertensive.read_v2_drug,medication,antihypertensive,read_v2_drug,gp_scripts,read_2,exact,true,bljP.,ADIZEM-XL 200mg m/r capsules,ADIZEM-XL 200mg m/r capsules,core,prescription_exposure,not applicable,read_v2_drugs_bnf,Mapped BNF code: 02.06.02.00,candidate_requires_pharmacology_review
medication.antihypertensive.read_v2_drug,medication,antihypertensive,read_v2_drug,gp_scripts,read_2,exact,true,bljQ.,*DISOGRAM SR 60mg m/r capsules,*DISOGRAM SR 60mg m/r capsules,core,prescription_exposure,not applicable,read_v2_drugs_bnf,Mapped BNF code: 02.06.02.00,candidate_requires_pharmacology_review
medication.antihypertensive.read_v2_drug,medication,antihypertensive,read_v2_drug,gp_scripts,read_2,exact,true,bljR.,*DISOGRAM SR 90mg m/r capsules,*DISOGRAM SR 90mg m/r capsules,core,prescription_exposure,not applicable,read_v2_drugs_bnf,Mapped BNF code: 02.06.02.00,candidate_requires_pharmacology_review
medication.antihypertensive.read_v2_drug,medication,antihypertensive,read_v2_drug,gp_scripts,read_2,exact,true,bljS.,DISOGRAM SR 120mg m/r capsules,DISOGRAM SR 120mg m/r capsules,core,prescription_exposure,not applicable,read_v2_drugs_bnf,Mapped BNF code: 02.06.02.00,candidate_requires_pharmacology_review
medication.antihypertensive.read_v2_drug,medication,antihypertensive,read_v2_drug,gp_scripts,read_2,exact,true,bljT.,DISOGRAM SR 180mg m/r capsules,DISOGRAM SR 180mg m/r capsules,core,prescription_exposure,not applicable,read_v2_drugs_bnf,Mapped BNF code: 02.06.02.00,candidate_requires_pharmacology_review
medication.antihypertensive.read_v2_drug,medication,antihypertensive,read_v2_drug,gp_scripts,read_2,exact,true,bljU.,DISOGRAM SR 240mg m/r capsules,DISOGRAM SR 240mg m/r capsules,core,prescription_exposure,not applicable,read_v2_drugs_bnf,Mapped BNF code: 02.06.02.00,candidate_requires_pharmacology_review
medication.antihypertensive.read_v2_drug,medication,antihypertensive,read_v2_drug,gp_scripts,read_2,exact,true,bljV.,DISOGRAM SR 300mg m/r capsules,DISOGRAM SR 300mg m/r capsules,core,prescription_exposure,not applicable,read_v2_drugs_bnf,Mapped BNF code: 02.06.02.00,candidate_requires_pharmacology_review
medication.antihypertensive.read_v2_drug,medication,antihypertensive,read_v2_drug,gp_scripts,read_2,exact,true,bljW.,*HORIZEM SR 90mg m/r capsules,*HORIZEM SR 90mg m/r capsules,core,prescription_exposure,not applicable,read_v2_drugs_bnf,Mapped BNF code: 02.06.02.00,candidate_requires_pharmacology_review
medication.antihypertensive.read_v2_drug,medication,antihypertensive,read_v2_drug,gp_scripts,read_2,exact,true,bljX.,*HORIZEM SR 120mg m/r capsules,*HORIZEM SR 120mg m/r capsules,core,prescription_exposure,not applicable,read_v2_drugs_bnf,Mapped BNF code: 02.06.02.00,candidate_requires_pharmacology_review
medication.antihypertensive.read_v2_drug,medication,antihypertensive,read_v2_drug,gp_scripts,read_2,exact,true,bljY.,DILTIAZEM HYDROCHLORIDE XL 180mg m/r capsules,DILTIAZEM HYDROCHLORIDE XL 180mg m/r capsules,core,prescription_exposure,not applicable,read_v2_drugs_bnf,Mapped BNF code: 02.06.02.00,candidate_requires_pharmacology_review
medication.antihypertensive.read_v2_drug,medication,antihypertensive,read_v2_drug,gp_scripts,read_2,exact,true,bljZ.,DILTIAZEM HYDROCHLORIDE XL 240mg m/r capsules,DILTIAZEM HYDROCHLORIDE XL 240mg m/r capsules,core,prescription_exposure,not applicable,read_v2_drugs_bnf,Mapped BNF code: 02.06.02.00,candidate_requires_pharmacology_review
medication.antihypertensive.read_v2_drug,medication,antihypertensive,read_v2_drug,gp_scripts,read_2,exact,true,blja.,DILTIAZEM HYDROCHLORIDE XL 300mg m/r capsules,DILTIAZEM HYDROCHLORIDE XL 300mg m/r capsules,core,prescription_exposure,not applicable,read_v2_drugs_bnf,Mapped BNF code: 02.06.02.00,candidate_requires_pharmacology_review
medication.antihypertensive.read_v2_drug,medication,antihypertensive,read_v2_drug,gp_scripts,read_2,exact,true,bljb.,RETALZEM MR 60mg m/r tablets,RETALZEM MR 60mg m/r tablets,core,prescription_exposure,not applicable,read_v2_drugs_bnf,Mapped BNF code: 02.06.02.00,candidate_requires_pharmacology_review
medication.antihypertensive.read_v2_drug,medication,antihypertensive,read_v2_drug,gp_scripts,read_2,exact,true,bljc.,UARD 120XL m/r capsules,UARD 120XL m/r capsules,core,prescription_exposure,not applicable,read_v2_drugs_bnf,Mapped BNF code: 02.06.02.00,candidate_requires_pharmacology_review
medication.antihypertensive.read_v2_drug,medication,antihypertensive,read_v2_drug,gp_scripts,read_2,exact,true,bljd.,UARD 180XL m/r capsules,UARD 180XL m/r capsules,core,prescription_exposure,not applicable,read_v2_drugs_bnf,Mapped BNF code: 02.06.02.00,candidate_requires_pharmacology_review
medication.antihypertensive.read_v2_drug,medication,antihypertensive,read_v2_drug,gp_scripts,read_2,exact,true,blje.,UARD 240XL m/r capsules,UARD 240XL m/r capsules,core,prescription_exposure,not applicable,read_v2_drugs_bnf,Mapped BNF code: 02.06.02.00,candidate_requires_pharmacology_review
medication.antihypertensive.read_v2_drug,medication,antihypertensive,read_v2_drug,gp_scripts,read_2,exact,true,bljf.,UARD 300XL m/r capsules,UARD 300XL m/r capsules,core,prescription_exposure,not applicable,read_v2_drugs_bnf,Mapped BNF code: 02.06.02.00,candidate_requires_pharmacology_review
medication.antihypertensive.read_v2_drug,medication,antihypertensive,read_v2_drug,gp_scripts,read_2,exact,true,bll..,NIFEDIPINE [2],NIFEDIPINE [2],core,prescription_exposure,not applicable,read_v2_drugs_bnf,Mapped BNF code: 02.06.02.00,candidate_requires_pharmacology_review
medication.antihypertensive.read_v2_drug,medication,antihypertensive,read_v2_drug,gp_scripts,read_2,exact,true,bll1.,SLOFEDIPINE XL 30mg m/r tablets,SLOFEDIPINE XL 30mg m/r tablets,core,prescription_exposure,not applicable,read_v2_drugs_bnf,Mapped BNF code: 02.06.02.00,candidate_requires_pharmacology_review
medication.antihypertensive.read_v2_drug,medication,antihypertensive,read_v2_drug,gp_scripts,read_2,exact,true,bll2.,SLOFEDIPINE XL 60mg m/r tablets,SLOFEDIPINE XL 60mg m/r tablets,core,prescription_exposure,not applicable,read_v2_drugs_bnf,Mapped BNF code: 02.06.02.00,candidate_requires_pharmacology_review
medication.antihypertensive.read_v2_drug,medication,antihypertensive,read_v2_drug,gp_scripts,read_2,exact,true,bll3.,*ADIPINE LA 30 m/r tablets,*ADIPINE LA 30 m/r tablets,core,prescription_exposure,not applicable,read_v2_drugs_bnf,Mapped BNF code: 02.06.02.00,candidate_requires_pharmacology_review
medication.antihypertensive.read_v2_drug,medication,antihypertensive,read_v2_drug,gp_scripts,read_2,exact,true,bll4.,*ADIPINE LA 60 m/r tablets,*ADIPINE LA 60 m/r tablets,core,prescription_exposure,not applicable,read_v2_drugs_bnf,Mapped BNF code: 02.06.02.00,candidate_requires_pharmacology_review
medication.antihypertensive.read_v2_drug,medication,antihypertensive,read_v2_drug,gp_scripts,read_2,exact,true,bll5.,HYPOLAR XL 30 m/r tablets,HYPOLAR XL 30 m/r tablets,core,prescription_exposure,not applicable,read_v2_drugs_bnf,Mapped BNF code: 02.06.02.00,candidate_requires_pharmacology_review
medication.antihypertensive.read_v2_drug,medication,antihypertensive,read_v2_drug,gp_scripts,read_2,exact,true,bll6.,CALCHAN MR 20mg m/r tablets,CALCHAN MR 20mg m/r tablets,core,prescription_exposure,not applicable,read_v2_drugs_bnf,Mapped BNF code: 02.06.02.00,candidate_requires_pharmacology_review
medication.antihypertensive.read_v2_drug,medication,antihypertensive,read_v2_drug,gp_scripts,read_2,exact,true,bll7.,CALCHAN MR 10mg m/r tablets,CALCHAN MR 10mg m/r tablets,core,prescription_exposure,not applicable,read_v2_drugs_bnf,Mapped BNF code: 02.06.02.00,candidate_requires_pharmacology_review
medication.antihypertensive.read_v2_drug,medication,antihypertensive,read_v2_drug,gp_scripts,read_2,exact,true,bll8.,KENTIPINE MR 10mg m/r tablets,KENTIPINE MR 10mg m/r tablets,core,prescription_exposure,not applicable,read_v2_drugs_bnf,Mapped BNF code: 02.06.02.00,candidate_requires_pharmacology_review
medication.antihypertensive.read_v2_drug,medication,antihypertensive,read_v2_drug,gp_scripts,read_2,exact,true,bll9.,KENTIPINE MR 20mg m/r tablets,KENTIPINE MR 20mg m/r tablets,core,prescription_exposure,not applicable,read_v2_drugs_bnf,Mapped BNF code: 02.06.02.00,candidate_requires_pharmacology_review
medication.antihypertensive.read_v2_drug,medication,antihypertensive,read_v2_drug,gp_scripts,read_2,exact,true,blla.,HYPOLAR RETARD 10mg m/r tablets,HYPOLAR RETARD 10mg m/r tablets,core,prescription_exposure,not applicable,read_v2_drugs_bnf,Mapped BNF code: 02.06.02.00,candidate_requires_pharmacology_review
medication.antihypertensive.read_v2_drug,medication,antihypertensive,read_v2_drug,gp_scripts,read_2,exact,true,bllb.,VALNI 20 RETARD 20mg m/r tablets,VALNI 20 RETARD 20mg m/r tablets,core,prescription_exposure,not applicable,read_v2_drugs_bnf,Mapped BNF code: 02.06.02.00,candidate_requires_pharmacology_review
medication.antihypertensive.read_v2_drug,medication,antihypertensive,read_v2_drug,gp_scripts,read_2,exact,true,bllc.,ADIPINE XL 30mg m/r tablets,ADIPINE XL 30mg m/r tablets,core,prescription_exposure,not applicable,read_v2_drugs_bnf,Mapped BNF code: 02.06.02.00,candidate_requires_pharmacology_review
medication.antihypertensive.read_v2_drug,medication,antihypertensive,read_v2_drug,gp_scripts,read_2,exact,true,blld.,ADIPINE XL 60mg m/r tablets,ADIPINE XL 60mg m/r tablets,core,prescription_exposure,not applicable,read_v2_drugs_bnf,Mapped BNF code: 02.06.02.00,candidate_requires_pharmacology_review
medication.antihypertensive.read_v2_drug,medication,antihypertensive,read_v2_drug,gp_scripts,read_2,exact,true,blle.,NIMODREL XL 60mg tablets,NIMODREL XL 60mg tablets,core,prescription_exposure,not applicable,read_v2_drugs_bnf,Mapped BNF code: 02.06.02.00,candidate_requires_pharmacology_review
medication.antihypertensive.read_v2_drug,medication,antihypertensive,read_v2_drug,gp_scripts,read_2,exact,true,bllf.,NIMODREL XL 30mg tablets,NIMODREL XL 30mg tablets,core,prescription_exposure,not applicable,read_v2_drugs_bnf,Mapped BNF code: 02.06.02.00,candidate_requires_pharmacology_review
medication.antihypertensive.read_v2_drug,medication,antihypertensive,read_v2_drug,gp_scripts,read_2,exact,true,bllg.,VALNI XL 30mg m/r tablets,VALNI XL 30mg m/r tablets,core,prescription_exposure,not applicable,read_v2_drugs_bnf,Mapped BNF code: 02.06.02.00,candidate_requires_pharmacology_review
medication.antihypertensive.read_v2_drug,medication,antihypertensive,read_v2_drug,gp_scripts,read_2,exact,true,bllh.,VALNI XL 60mg m/r tablets,VALNI XL 60mg m/r tablets,core,prescription_exposure,not applicable,read_v2_drugs_bnf,Mapped BNF code: 02.06.02.00,candidate_requires_pharmacology_review
medication.antihypertensive.read_v2_drug,medication,antihypertensive,read_v2_drug,gp_scripts,read_2,exact,true,blli.,NIDEF 30mg m/r tablets,NIDEF 30mg m/r tablets,core,prescription_exposure,not applicable,read_v2_drugs_bnf,Mapped BNF code: 02.06.02.00,candidate_requires_pharmacology_review
medication.antihypertensive.read_v2_drug,medication,antihypertensive,read_v2_drug,gp_scripts,read_2,exact,true,bllj.,NIDEF 60mg m/r tablets,NIDEF 60mg m/r tablets,core,prescription_exposure,not applicable,read_v2_drugs_bnf,Mapped BNF code: 02.06.02.00,candidate_requires_pharmacology_review
medication.antihypertensive.read_v2_drug,medication,antihypertensive,read_v2_drug,gp_scripts,read_2,exact,true,bllk.,ADANIF XL 30mg m/r tablets,ADANIF XL 30mg m/r tablets,core,prescription_exposure,not applicable,read_v2_drugs_bnf,Mapped BNF code: 02.06.02.00,candidate_requires_pharmacology_review
medication.antihypertensive.read_v2_drug,medication,antihypertensive,read_v2_drug,gp_scripts,read_2,exact,true,blll.,ADANIF XL 60mg m/r tablets,ADANIF XL 60mg m/r tablets,core,prescription_exposure,not applicable,read_v2_drugs_bnf,Mapped BNF code: 02.06.02.00,candidate_requires_pharmacology_review
medication.antihypertensive.read_v2_drug,medication,antihypertensive,read_v2_drug,gp_scripts,read_2,exact,true,bn7..,ILOPROST,ILOPROST,core,prescription_exposure,not applicable,read_v2_drugs_bnf,Mapped BNF code: 02.05.01.00,candidate_requires_pharmacology_review
medication.antihypertensive.read_v2_drug,medication,antihypertensive,read_v2_drug,gp_scripts,read_2,exact,true,bn71.,ILOPROST 100micrograms/1mL infusion concentrate,ILOPROST 100micrograms/1mL infusion concentrate,core,prescription_exposure,not applicable,read_v2_drugs_bnf,Mapped BNF code: 02.05.01.00,candidate_requires_pharmacology_review
medication.antihypertensive.read_v2_drug,medication,antihypertensive,read_v2_drug,gp_scripts,read_2,exact,true,bn72.,ILOPROST 10micrograms/mL nebuliser solution 2mL ampoule,ILOPROST 10micrograms/mL nebuliser solution 2mL ampoule,core,prescription_exposure,not applicable,read_v2_drugs_bnf,Mapped BNF code: 02.05.01.00,candidate_requires_pharmacology_review
medication.antihypertensive.read_v2_drug,medication,antihypertensive,read_v2_drug,gp_scripts,read_2,exact,true,bn73.,VENTAVIS 10micrograms/mL nebuliser solution 2mL ampoule,VENTAVIS 10micrograms/mL nebuliser solution 2mL ampoule,core,prescription_exposure,not applicable,read_v2_drugs_bnf,Mapped BNF code: 02.05.01.00,candidate_requires_pharmacology_review
medication.antihypertensive.read_v2_drug,medication,antihypertensive,read_v2_drug,gp_scripts,read_2,exact,true,bn74.,VENTAVIS 10micrograms/mL nebuliser solution 1mL ampoules,VENTAVIS 10micrograms/mL nebuliser solution 1mL ampoules,core,prescription_exposure,not applicable,read_v2_drugs_bnf,Mapped BNF code: 02.05.01.00,candidate_requires_pharmacology_review
medication.antihypertensive.read_v2_drug,medication,antihypertensive,read_v2_drug,gp_scripts,read_2,exact,true,bn75.,ILOPROST 10micrograms/mL nebuliser solution 1mL ampoules,ILOPROST 10micrograms/mL nebuliser solution 1mL ampoules,core,prescription_exposure,not applicable,read_v2_drugs_bnf,Mapped BNF code: 02.05.01.00,candidate_requires_pharmacology_review
medication.antihypertensive.read_v2_drug,medication,antihypertensive,read_v2_drug,gp_scripts,read_2,exact,true,dt1..,NIMODIPINE,NIMODIPINE,core,prescription_exposure,not applicable,read_v2_drugs_bnf,Mapped BNF code: 02.06.02.00,candidate_requires_pharmacology_review
medication.antihypertensive.read_v2_drug,medication,antihypertensive,read_v2_drug,gp_scripts,read_2,exact,true,dt11.,NIMODIPINE 200microgram/mL intravenous infusion 50mL,NIMODIPINE 200microgram/mL intravenous infusion 50mL,core,prescription_exposure,not applicable,read_v2_drugs_bnf,Mapped BNF code: 02.06.02.00,candidate_requires_pharmacology_review
medication.antihypertensive.read_v2_drug,medication,antihypertensive,read_v2_drug,gp_scripts,read_2,exact,true,dt12.,NIMOTOP 200micrograms/mL intravenous infusion 50mL,NIMOTOP 200micrograms/mL intravenous infusion 50mL,core,prescription_exposure,not applicable,read_v2_drugs_bnf,Mapped BNF code: 02.06.02.00,candidate_requires_pharmacology_review
medication.antihypertensive.read_v2_drug,medication,antihypertensive,read_v2_drug,gp_scripts,read_2,exact,true,dt13.,NIMODIPINE 30mg tablets,NIMODIPINE 30mg tablets,core,prescription_exposure,not applicable,read_v2_drugs_bnf,Mapped BNF code: 02.06.02.00,candidate_requires_pharmacology_review
medication.antihypertensive.read_v2_drug,medication,antihypertensive,read_v2_drug,gp_scripts,read_2,exact,true,dt14.,NIMOTOP 30mg tablets,NIMOTOP 30mg tablets,core,prescription_exposure,not applicable,read_v2_drugs_bnf,Mapped BNF code: 02.06.02.00,candidate_requires_pharmacology_review
medication.antihypertensive.read_v2_drug,medication,antihypertensive,read_v2_drug,gp_scripts,read_2,exact,true,dt15.,NIMODIPINE 50mg/250mL intravenous infusion,NIMODIPINE 50mg/250mL intravenous infusion,core,prescription_exposure,not applicable,read_v2_drugs_bnf,Mapped BNF code: 02.06.02.00,candidate_requires_pharmacology_review
medication.antihypertensive.read_v2_drug,medication,antihypertensive,read_v2_drug,gp_scripts,read_2,exact,true,dt16.,NIMOTOP IV 50mg/250mL infusion,NIMOTOP IV 50mg/250mL infusion,core,prescription_exposure,not applicable,read_v2_drugs_bnf,Mapped BNF code: 02.06.02.00,candidate_requires_pharmacology_review
medication.antihypertensive.read_v2_drug,medication,antihypertensive,read_v2_drug,gp_scripts,read_2,exact,true,gh58.,REVATIO 40mg/50mL solution for injection,REVATIO 40mg/50mL solution for injection,core,prescription_exposure,not applicable,read_v2_drugs_bnf,Mapped BNF code: 02.05.01.00,candidate_requires_pharmacology_review
medication.antihypertensive.read_v2_drug,medication,antihypertensive,read_v2_drug,gp_scripts,read_2,exact,true,gh59.,REVATIO 10mg/12.5mL solution for injection,REVATIO 10mg/12.5mL solution for injection,core,prescription_exposure,not applicable,read_v2_drugs_bnf,Mapped BNF code: 02.05.01.00,candidate_requires_pharmacology_review
medication.antihypertensive.read_v2_drug,medication,antihypertensive,read_v2_drug,gp_scripts,read_2,exact,true,gh5A.,REVATIO 10mg/mL oral suspension,REVATIO 10mg/mL oral suspension,core,prescription_exposure,not applicable,read_v2_drugs_bnf,Mapped BNF code: 02.05.01.00,candidate_requires_pharmacology_review
medication.antihypertensive.read_v2_drug,medication,antihypertensive,read_v2_drug,gp_scripts,read_2,exact,true,gh5w.,SILDENAFIL 10mg/mL oral suspension,SILDENAFIL 10mg/mL oral suspension,core,prescription_exposure,not applicable,read_v2_drugs_bnf,Mapped BNF code: 02.05.01.00,candidate_requires_pharmacology_review
medication.antihypertensive.read_v2_drug,medication,antihypertensive,read_v2_drug,gp_scripts,read_2,exact,true,gh5x.,SILDENAFIL 10mg/12.5mL solution for injection,SILDENAFIL 10mg/12.5mL solution for injection,core,prescription_exposure,not applicable,read_v2_drugs_bnf,Mapped BNF code: 02.05.01.00,candidate_requires_pharmacology_review
medication.antihypertensive.read_v2_drug,medication,antihypertensive,read_v2_drug,gp_scripts,read_2,exact,true,gh5y.,SILDENAFIL 40mg/50mL solution for injection,SILDENAFIL 40mg/50mL solution for injection,core,prescription_exposure,not applicable,read_v2_drugs_bnf,Mapped BNF code: 02.05.01.00,candidate_requires_pharmacology_review
medication.glucose_lowering.bnf,medication,glucose_lowering,bnf,gp_scripts,bnf_code,prefix,true,0601011A0,Insulin Aspart,Insulin Aspart,core,prescription_exposure,not applicable,bnf_lkp,Short-Acting Insulins | Insulin | Drugs Used In Diabetes | Endocrine System,candidate_requires_pharmacology_review
medication.glucose_lowering.bnf,medication,glucose_lowering,bnf,gp_scripts,bnf_code,prefix,true,0601011I0,Acid Insulin Injection,Acid Insulin Injection,core,prescription_exposure,not applicable,bnf_lkp,Short-Acting Insulins | Insulin | Drugs Used In Diabetes | Endocrine System,candidate_requires_pharmacology_review
medication.glucose_lowering.bnf,medication,glucose_lowering,bnf,gp_scripts,bnf_code,prefix,true,0601011L0,Insulin Lispro,Insulin Lispro,core,prescription_exposure,not applicable,bnf_lkp,Short-Acting Insulins | Insulin | Drugs Used In Diabetes | Endocrine System,candidate_requires_pharmacology_review
medication.glucose_lowering.bnf,medication,glucose_lowering,bnf,gp_scripts,bnf_code,prefix,true,0601011N0,Soluble Insulin (Neutral Insulin),Soluble Insulin (Neutral Insulin),core,prescription_exposure,not applicable,bnf_lkp,Short-Acting Insulins | Insulin | Drugs Used In Diabetes | Endocrine System,candidate_requires_pharmacology_review
medication.glucose_lowering.bnf,medication,glucose_lowering,bnf,gp_scripts,bnf_code,prefix,true,0601011P0,Insulin Glulisine,Insulin Glulisine,core,prescription_exposure,not applicable,bnf_lkp,Short-Acting Insulins | Insulin | Drugs Used In Diabetes | Endocrine System,candidate_requires_pharmacology_review
medication.glucose_lowering.bnf,medication,glucose_lowering,bnf,gp_scripts,bnf_code,prefix,true,0601011Q0,Insulin Human Inhaled,Insulin Human Inhaled,core,prescription_exposure,not applicable,bnf_lkp,Short-Acting Insulins | Insulin | Drugs Used In Diabetes | Endocrine System,candidate_requires_pharmacology_review
medication.glucose_lowering.bnf,medication,glucose_lowering,bnf,gp_scripts,bnf_code,prefix,true,0601011R0,Insulin Human,Insulin Human,core,prescription_exposure,not applicable,bnf_lkp,Short-Acting Insulins | Insulin | Drugs Used In Diabetes | Endocrine System,candidate_requires_pharmacology_review
medication.glucose_lowering.bnf,medication,glucose_lowering,bnf,gp_scripts,bnf_code,prefix,true,060101200,Other Intermed&Long-Acting Insulin Preps,Other Intermed&Long-Acting Insulin Preps,core,prescription_exposure,not applicable,bnf_lkp,Intermediate And Long-Acting Insulins | Insulin | Drugs Used In Diabetes | Endocrine System,candidate_requires_pharmacology_review
medication.glucose_lowering.bnf,medication,glucose_lowering,bnf,gp_scripts,bnf_code,prefix,true,0601012C0,Biphasic Insulin Injection,Biphasic Insulin Injection,core,prescription_exposure,not applicable,bnf_lkp,Intermediate And Long-Acting Insulins | Insulin | Drugs Used In Diabetes | Endocrine System,candidate_requires_pharmacology_review
medication.glucose_lowering.bnf,medication,glucose_lowering,bnf,gp_scripts,bnf_code,prefix,true,0601012D0,Biphasic Isophane Insulin,Biphasic Isophane Insulin,core,prescription_exposure,not applicable,bnf_lkp,Intermediate And Long-Acting Insulins | Insulin | Drugs Used In Diabetes | Endocrine System,candidate_requires_pharmacology_review
medication.glucose_lowering.bnf,medication,glucose_lowering,bnf,gp_scripts,bnf_code,prefix,true,0601012F0,Biphasic Insulin Lispro,Biphasic Insulin Lispro,core,prescription_exposure,not applicable,bnf_lkp,Intermediate And Long-Acting Insulins | Insulin | Drugs Used In Diabetes | Endocrine System,candidate_requires_pharmacology_review
medication.glucose_lowering.bnf,medication,glucose_lowering,bnf,gp_scripts,bnf_code,prefix,true,0601012G0,Insulin Zinc Suspension,Insulin Zinc Suspension,core,prescription_exposure,not applicable,bnf_lkp,Intermediate And Long-Acting Insulins | Insulin | Drugs Used In Diabetes | Endocrine System,candidate_requires_pharmacology_review
medication.glucose_lowering.bnf,medication,glucose_lowering,bnf,gp_scripts,bnf_code,prefix,true,0601012L0,Insulin Zinc Suspension (Amorphous),Insulin Zinc Suspension (Amorphous),core,prescription_exposure,not applicable,bnf_lkp,Intermediate And Long-Acting Insulins | Insulin | Drugs Used In Diabetes | Endocrine System,candidate_requires_pharmacology_review
medication.glucose_lowering.bnf,medication,glucose_lowering,bnf,gp_scripts,bnf_code,prefix,true,0601012N0,Insulin Zinc Suspension (Crystalline),Insulin Zinc Suspension (Crystalline),core,prescription_exposure,not applicable,bnf_lkp,Intermediate And Long-Acting Insulins | Insulin | Drugs Used In Diabetes | Endocrine System,candidate_requires_pharmacology_review
medication.glucose_lowering.bnf,medication,glucose_lowering,bnf,gp_scripts,bnf_code,prefix,true,0601012S0,Isophane Insulin,Isophane Insulin,core,prescription_exposure,not applicable,bnf_lkp,Intermediate And Long-Acting Insulins | Insulin | Drugs Used In Diabetes | Endocrine System,candidate_requires_pharmacology_review
medication.glucose_lowering.bnf,medication,glucose_lowering,bnf,gp_scripts,bnf_code,prefix,true,0601012U0,Protamine Zinc Insulin,Protamine Zinc Insulin,core,prescription_exposure,not applicable,bnf_lkp,Intermediate And Long-Acting Insulins | Insulin | Drugs Used In Diabetes | Endocrine System,candidate_requires_pharmacology_review
medication.glucose_lowering.bnf,medication,glucose_lowering,bnf,gp_scripts,bnf_code,prefix,true,0601012V0,Insulin Glargine,Insulin Glargine,core,prescription_exposure,not applicable,bnf_lkp,Intermediate And Long-Acting Insulins | Insulin | Drugs Used In Diabetes | Endocrine System,candidate_requires_pharmacology_review
medication.glucose_lowering.bnf,medication,glucose_lowering,bnf,gp_scripts,bnf_code,prefix,true,0601012W0,Biphasic Insulin Aspart,Biphasic Insulin Aspart,core,prescription_exposure,not applicable,bnf_lkp,Intermediate And Long-Acting Insulins | Insulin | Drugs Used In Diabetes | Endocrine System,candidate_requires_pharmacology_review
medication.glucose_lowering.bnf,medication,glucose_lowering,bnf,gp_scripts,bnf_code,prefix,true,0601012X0,Insulin Detemir,Insulin Detemir,core,prescription_exposure,not applicable,bnf_lkp,Intermediate And Long-Acting Insulins | Insulin | Drugs Used In Diabetes | Endocrine System,candidate_requires_pharmacology_review
medication.glucose_lowering.bnf,medication,glucose_lowering,bnf,gp_scripts,bnf_code,prefix,true,0601012Z0,Insulin Degludec,Insulin Degludec,core,prescription_exposure,not applicable,bnf_lkp,Intermediate And Long-Acting Insulins | Insulin | Drugs Used In Diabetes | Endocrine System,candidate_requires_pharmacology_review
medication.glucose_lowering.bnf,medication,glucose_lowering,bnf,gp_scripts,bnf_code,prefix,true,0601021A0,Glimepiride,Glimepiride,core,prescription_exposure,not applicable,bnf_lkp,Sulfonylureas | Antidiabetic Drugs | Drugs Used In Diabetes | Endocrine System,candidate_requires_pharmacology_review
medication.glucose_lowering.bnf,medication,glucose_lowering,bnf,gp_scripts,bnf_code,prefix,true,0601021B0,Acetohexamide,Acetohexamide,core,prescription_exposure,not applicable,bnf_lkp,Sulfonylureas | Antidiabetic Drugs | Drugs Used In Diabetes | Endocrine System,candidate_requires_pharmacology_review
medication.glucose_lowering.bnf,medication,glucose_lowering,bnf,gp_scripts,bnf_code,prefix,true,0601021E0,Chlorpropamide,Chlorpropamide,core,prescription_exposure,not applicable,bnf_lkp,Sulfonylureas | Antidiabetic Drugs | Drugs Used In Diabetes | Endocrine System,candidate_requires_pharmacology_review
medication.glucose_lowering.bnf,medication,glucose_lowering,bnf,gp_scripts,bnf_code,prefix,true,0601021H0,Glibenclamide,Glibenclamide,core,prescription_exposure,not applicable,bnf_lkp,Sulfonylureas | Antidiabetic Drugs | Drugs Used In Diabetes | Endocrine System,candidate_requires_pharmacology_review
medication.glucose_lowering.bnf,medication,glucose_lowering,bnf,gp_scripts,bnf_code,prefix,true,0601021K0,Glibornuride,Glibornuride,core,prescription_exposure,not applicable,bnf_lkp,Sulfonylureas | Antidiabetic Drugs | Drugs Used In Diabetes | Endocrine System,candidate_requires_pharmacology_review
medication.glucose_lowering.bnf,medication,glucose_lowering,bnf,gp_scripts,bnf_code,prefix,true,0601021M0,Gliclazide,Gliclazide,core,prescription_exposure,not applicable,bnf_lkp,Sulfonylureas | Antidiabetic Drugs | Drugs Used In Diabetes | Endocrine System,candidate_requires_pharmacology_review
medication.glucose_lowering.bnf,medication,glucose_lowering,bnf,gp_scripts,bnf_code,prefix,true,0601021P0,Glipizide,Glipizide,core,prescription_exposure,not applicable,bnf_lkp,Sulfonylureas | Antidiabetic Drugs | Drugs Used In Diabetes | Endocrine System,candidate_requires_pharmacology_review
medication.glucose_lowering.bnf,medication,glucose_lowering,bnf,gp_scripts,bnf_code,prefix,true,0601021R0,Gliquidone,Gliquidone,core,prescription_exposure,not applicable,bnf_lkp,Sulfonylureas | Antidiabetic Drugs | Drugs Used In Diabetes | Endocrine System,candidate_requires_pharmacology_review
medication.glucose_lowering.bnf,medication,glucose_lowering,bnf,gp_scripts,bnf_code,prefix,true,0601021T0,Glymidine,Glymidine,core,prescription_exposure,not applicable,bnf_lkp,Sulfonylureas | Antidiabetic Drugs | Drugs Used In Diabetes | Endocrine System,candidate_requires_pharmacology_review
medication.glucose_lowering.bnf,medication,glucose_lowering,bnf,gp_scripts,bnf_code,prefix,true,0601021V0,Tolazamide,Tolazamide,core,prescription_exposure,not applicable,bnf_lkp,Sulfonylureas | Antidiabetic Drugs | Drugs Used In Diabetes | Endocrine System,candidate_requires_pharmacology_review
medication.glucose_lowering.bnf,medication,glucose_lowering,bnf,gp_scripts,bnf_code,prefix,true,0601021X0,Tolbutamide,Tolbutamide,core,prescription_exposure,not applicable,bnf_lkp,Sulfonylureas | Antidiabetic Drugs | Drugs Used In Diabetes | Endocrine System,candidate_requires_pharmacology_review
medication.glucose_lowering.bnf,medication,glucose_lowering,bnf,gp_scripts,bnf_code,prefix,true,0601022B0,Metformin Hydrochloride,Metformin Hydrochloride,core,prescription_exposure,not applicable,bnf_lkp,Biguanides | Antidiabetic Drugs | Drugs Used In Diabetes | Endocrine System,candidate_requires_pharmacology_review
medication.glucose_lowering.bnf,medication,glucose_lowering,bnf,gp_scripts,bnf_code,prefix,true,0601022P0,Phenformin Hydrochloride,Phenformin Hydrochloride,core,prescription_exposure,not applicable,bnf_lkp,Biguanides | Antidiabetic Drugs | Drugs Used In Diabetes | Endocrine System,candidate_requires_pharmacology_review
medication.glucose_lowering.bnf,medication,glucose_lowering,bnf,gp_scripts,bnf_code,prefix,true,0601023A0,Acarbose,Acarbose,core,prescription_exposure,not applicable,bnf_lkp,Other Antidiabetic Drugs | Antidiabetic Drugs | Drugs Used In Diabetes | Endocrine System,candidate_requires_pharmacology_review
medication.glucose_lowering.bnf,medication,glucose_lowering,bnf,gp_scripts,bnf_code,prefix,true,0601023AA,Vildagliptin,Vildagliptin,core,prescription_exposure,not applicable,bnf_lkp,Other Antidiabetic Drugs | Antidiabetic Drugs | Drugs Used In Diabetes | Endocrine System,candidate_requires_pharmacology_review
medication.glucose_lowering.bnf,medication,glucose_lowering,bnf,gp_scripts,bnf_code,prefix,true,0601023AB,Liraglutide,Liraglutide,core,prescription_exposure,not applicable,bnf_lkp,Other Antidiabetic Drugs | Antidiabetic Drugs | Drugs Used In Diabetes | Endocrine System,candidate_requires_pharmacology_review
medication.glucose_lowering.bnf,medication,glucose_lowering,bnf,gp_scripts,bnf_code,prefix,true,0601023AC,Saxagliptin,Saxagliptin,core,prescription_exposure,not applicable,bnf_lkp,Other Antidiabetic Drugs | Antidiabetic Drugs | Drugs Used In Diabetes | Endocrine System,candidate_requires_pharmacology_review
medication.glucose_lowering.bnf,medication,glucose_lowering,bnf,gp_scripts,bnf_code,prefix,true,0601023AD,Metformin Hydrochloride/Sitagliptin,Metformin Hydrochloride/Sitagliptin,core,prescription_exposure,not applicable,bnf_lkp,Other Antidiabetic Drugs | Antidiabetic Drugs | Drugs Used In Diabetes | Endocrine System,candidate_requires_pharmacology_review
medication.glucose_lowering.bnf,medication,glucose_lowering,bnf,gp_scripts,bnf_code,prefix,true,0601023AE,Linagliptin,Linagliptin,core,prescription_exposure,not applicable,bnf_lkp,Other Antidiabetic Drugs | Antidiabetic Drugs | Drugs Used In Diabetes | Endocrine System,candidate_requires_pharmacology_review
medication.glucose_lowering.bnf,medication,glucose_lowering,bnf,gp_scripts,bnf_code,prefix,true,0601023AF,Linagliptin/Metformin,Linagliptin/Metformin,core,prescription_exposure,not applicable,bnf_lkp,Other Antidiabetic Drugs | Antidiabetic Drugs | Drugs Used In Diabetes | Endocrine System,candidate_requires_pharmacology_review
medication.glucose_lowering.bnf,medication,glucose_lowering,bnf,gp_scripts,bnf_code,prefix,true,0601023AG,Dapagliflozin,Dapagliflozin,core,prescription_exposure,not applicable,bnf_lkp,Other Antidiabetic Drugs | Antidiabetic Drugs | Drugs Used In Diabetes | Endocrine System,candidate_requires_pharmacology_review
medication.glucose_lowering.bnf,medication,glucose_lowering,bnf,gp_scripts,bnf_code,prefix,true,0601023AH,Saxagliptin/Metformin,Saxagliptin/Metformin,core,prescription_exposure,not applicable,bnf_lkp,Other Antidiabetic Drugs | Antidiabetic Drugs | Drugs Used In Diabetes | Endocrine System,candidate_requires_pharmacology_review
medication.glucose_lowering.bnf,medication,glucose_lowering,bnf,gp_scripts,bnf_code,prefix,true,0601023AI,Lixisenatide,Lixisenatide,core,prescription_exposure,not applicable,bnf_lkp,Other Antidiabetic Drugs | Antidiabetic Drugs | Drugs Used In Diabetes | Endocrine System,candidate_requires_pharmacology_review
medication.glucose_lowering.bnf,medication,glucose_lowering,bnf,gp_scripts,bnf_code,prefix,true,0601023AJ,Alogliptin/Metformin,Alogliptin/Metformin,core,prescription_exposure,not applicable,bnf_lkp,Other Antidiabetic Drugs | Antidiabetic Drugs | Drugs Used In Diabetes | Endocrine System,candidate_requires_pharmacology_review
medication.glucose_lowering.bnf,medication,glucose_lowering,bnf,gp_scripts,bnf_code,prefix,true,0601023AK,Alogliptin,Alogliptin,core,prescription_exposure,not applicable,bnf_lkp,Other Antidiabetic Drugs | Antidiabetic Drugs | Drugs Used In Diabetes | Endocrine System,candidate_requires_pharmacology_review
medication.glucose_lowering.bnf,medication,glucose_lowering,bnf,gp_scripts,bnf_code,prefix,true,0601023AL,Dapagliflozin/Metformin,Dapagliflozin/Metformin,core,prescription_exposure,not applicable,bnf_lkp,Other Antidiabetic Drugs | Antidiabetic Drugs | Drugs Used In Diabetes | Endocrine System,candidate_requires_pharmacology_review
medication.glucose_lowering.bnf,medication,glucose_lowering,bnf,gp_scripts,bnf_code,prefix,true,0601023AM,Canagliflozin,Canagliflozin,core,prescription_exposure,not applicable,bnf_lkp,Other Antidiabetic Drugs | Antidiabetic Drugs | Drugs Used In Diabetes | Endocrine System,candidate_requires_pharmacology_review
medication.glucose_lowering.bnf,medication,glucose_lowering,bnf,gp_scripts,bnf_code,prefix,true,0601023AN,Empagliflozin,Empagliflozin,core,prescription_exposure,not applicable,bnf_lkp,Other Antidiabetic Drugs | Antidiabetic Drugs | Drugs Used In Diabetes | Endocrine System,candidate_requires_pharmacology_review
medication.glucose_lowering.bnf,medication,glucose_lowering,bnf,gp_scripts,bnf_code,prefix,true,0601023AP,Canagliflozin/Metformin,Canagliflozin/Metformin,core,prescription_exposure,not applicable,bnf_lkp,Other Antidiabetic Drugs | Antidiabetic Drugs | Drugs Used In Diabetes | Endocrine System,candidate_requires_pharmacology_review
medication.glucose_lowering.bnf,medication,glucose_lowering,bnf,gp_scripts,bnf_code,prefix,true,0601023AQ,Dulaglutide,Dulaglutide,core,prescription_exposure,not applicable,bnf_lkp,Other Antidiabetic Drugs | Antidiabetic Drugs | Drugs Used In Diabetes | Endocrine System,candidate_requires_pharmacology_review
medication.glucose_lowering.bnf,medication,glucose_lowering,bnf,gp_scripts,bnf_code,prefix,true,0601023AR,Empagliflozin/Metformin,Empagliflozin/Metformin,core,prescription_exposure,not applicable,bnf_lkp,Other Antidiabetic Drugs | Antidiabetic Drugs | Drugs Used In Diabetes | Endocrine System,candidate_requires_pharmacology_review
medication.glucose_lowering.bnf,medication,glucose_lowering,bnf,gp_scripts,bnf_code,prefix,true,0601023AS,Albiglutide,Albiglutide,core,prescription_exposure,not applicable,bnf_lkp,Other Antidiabetic Drugs | Antidiabetic Drugs | Drugs Used In Diabetes | Endocrine System,candidate_requires_pharmacology_review
medication.glucose_lowering.bnf,medication,glucose_lowering,bnf,gp_scripts,bnf_code,prefix,true,0601023AU,Ins Degludec/Liraglutide,Ins Degludec/Liraglutide,core,prescription_exposure,not applicable,bnf_lkp,Other Antidiabetic Drugs | Antidiabetic Drugs | Drugs Used In Diabetes | Endocrine System,candidate_requires_pharmacology_review
medication.glucose_lowering.bnf,medication,glucose_lowering,bnf,gp_scripts,bnf_code,prefix,true,0601023AV,Saxagliptin/Dapagliflozin,Saxagliptin/Dapagliflozin,core,prescription_exposure,not applicable,bnf_lkp,Other Antidiabetic Drugs | Antidiabetic Drugs | Drugs Used In Diabetes | Endocrine System,candidate_requires_pharmacology_review
medication.glucose_lowering.bnf,medication,glucose_lowering,bnf,gp_scripts,bnf_code,prefix,true,0601023AW,Semaglutide,Semaglutide,core,prescription_exposure,not applicable,bnf_lkp,Other Antidiabetic Drugs | Antidiabetic Drugs | Drugs Used In Diabetes | Endocrine System,candidate_requires_pharmacology_review
medication.glucose_lowering.bnf,medication,glucose_lowering,bnf,gp_scripts,bnf_code,prefix,true,0601023AX,Ertugliflozin,Ertugliflozin,core,prescription_exposure,not applicable,bnf_lkp,Other Antidiabetic Drugs | Antidiabetic Drugs | Drugs Used In Diabetes | Endocrine System,candidate_requires_pharmacology_review
medication.glucose_lowering.bnf,medication,glucose_lowering,bnf,gp_scripts,bnf_code,prefix,true,0601023B0,Pioglitazone Hydrochloride,Pioglitazone Hydrochloride,core,prescription_exposure,not applicable,bnf_lkp,Other Antidiabetic Drugs | Antidiabetic Drugs | Drugs Used In Diabetes | Endocrine System,candidate_requires_pharmacology_review
medication.glucose_lowering.bnf,medication,glucose_lowering,bnf,gp_scripts,bnf_code,prefix,true,0601023I0,Guar Gum,Guar Gum,core,prescription_exposure,not applicable,bnf_lkp,Other Antidiabetic Drugs | Antidiabetic Drugs | Drugs Used In Diabetes | Endocrine System,candidate_requires_pharmacology_review
medication.glucose_lowering.bnf,medication,glucose_lowering,bnf,gp_scripts,bnf_code,prefix,true,0601023M0,Miglitol,Miglitol,core,prescription_exposure,not applicable,bnf_lkp,Other Antidiabetic Drugs | Antidiabetic Drugs | Drugs Used In Diabetes | Endocrine System,candidate_requires_pharmacology_review
medication.glucose_lowering.bnf,medication,glucose_lowering,bnf,gp_scripts,bnf_code,prefix,true,0601023R0,Repaglinide,Repaglinide,core,prescription_exposure,not applicable,bnf_lkp,Other Antidiabetic Drugs | Antidiabetic Drugs | Drugs Used In Diabetes | Endocrine System,candidate_requires_pharmacology_review
medication.glucose_lowering.bnf,medication,glucose_lowering,bnf,gp_scripts,bnf_code,prefix,true,0601023S0,Rosiglitazone,Rosiglitazone,core,prescription_exposure,not applicable,bnf_lkp,Other Antidiabetic Drugs | Antidiabetic Drugs | Drugs Used In Diabetes | Endocrine System,candidate_requires_pharmacology_review
medication.glucose_lowering.bnf,medication,glucose_lowering,bnf,gp_scripts,bnf_code,prefix,true,0601023T0,Troglitazone,Troglitazone,core,prescription_exposure,not applicable,bnf_lkp,Other Antidiabetic Drugs | Antidiabetic Drugs | Drugs Used In Diabetes | Endocrine System,candidate_requires_pharmacology_review
medication.glucose_lowering.bnf,medication,glucose_lowering,bnf,gp_scripts,bnf_code,prefix,true,0601023U0,Nateglinide,Nateglinide,core,prescription_exposure,not applicable,bnf_lkp,Other Antidiabetic Drugs | Antidiabetic Drugs | Drugs Used In Diabetes | Endocrine System,candidate_requires_pharmacology_review
medication.glucose_lowering.bnf,medication,glucose_lowering,bnf,gp_scripts,bnf_code,prefix,true,0601023V0,Metformin Hydrochloride/Rosiglitazone,Metformin Hydrochloride/Rosiglitazone,core,prescription_exposure,not applicable,bnf_lkp,Other Antidiabetic Drugs | Antidiabetic Drugs | Drugs Used In Diabetes | Endocrine System,candidate_requires_pharmacology_review
medication.glucose_lowering.bnf,medication,glucose_lowering,bnf,gp_scripts,bnf_code,prefix,true,0601023W0,Metformin Hydrochloride/Pioglitazone,Metformin Hydrochloride/Pioglitazone,core,prescription_exposure,not applicable,bnf_lkp,Other Antidiabetic Drugs | Antidiabetic Drugs | Drugs Used In Diabetes | Endocrine System,candidate_requires_pharmacology_review
medication.glucose_lowering.bnf,medication,glucose_lowering,bnf,gp_scripts,bnf_code,prefix,true,0601023X0,Sitagliptin,Sitagliptin,core,prescription_exposure,not applicable,bnf_lkp,Other Antidiabetic Drugs | Antidiabetic Drugs | Drugs Used In Diabetes | Endocrine System,candidate_requires_pharmacology_review
medication.glucose_lowering.bnf,medication,glucose_lowering,bnf,gp_scripts,bnf_code,prefix,true,0601023Y0,Exenatide,Exenatide,core,prescription_exposure,not applicable,bnf_lkp,Other Antidiabetic Drugs | Antidiabetic Drugs | Drugs Used In Diabetes | Endocrine System,candidate_requires_pharmacology_review
medication.glucose_lowering.bnf,medication,glucose_lowering,bnf,gp_scripts,bnf_code,prefix,true,0601023Z0,Metformin Hydrochloride/Vildagliptin,Metformin Hydrochloride/Vildagliptin,core,prescription_exposure,not applicable,bnf_lkp,Other Antidiabetic Drugs | Antidiabetic Drugs | Drugs Used In Diabetes | Endocrine System,candidate_requires_pharmacology_review
medication.glucose_lowering.read_v2_drug,medication,glucose_lowering,read_v2_drug,gp_scripts,read_2,exact,true,f1...,SHORT-ACTING INSULIN PREPARATIONS,SHORT-ACTING INSULIN PREPARATIONS,core,prescription_exposure,not applicable,read_v2_drugs_bnf,Mapped BNF code: 06.01.01.01,candidate_requires_pharmacology_review
medication.glucose_lowering.read_v2_drug,medication,glucose_lowering,read_v2_drug,gp_scripts,read_2,exact,true,f11..,*SOLUBLE INSULIN,*SOLUBLE INSULIN,core,prescription_exposure,not applicable,read_v2_drugs_bnf,Mapped BNF code: 06.01.01.01,candidate_requires_pharmacology_review
medication.glucose_lowering.read_v2_drug,medication,glucose_lowering,read_v2_drug,gp_scripts,read_2,exact,true,f12..,SOLUBLE NEUTRAL INSULIN,SOLUBLE NEUTRAL INSULIN,core,prescription_exposure,not applicable,read_v2_drugs_bnf,Mapped BNF code: 06.01.01.01,candidate_requires_pharmacology_review
medication.glucose_lowering.read_v2_drug,medication,glucose_lowering,read_v2_drug,gp_scripts,read_2,exact,true,f121.,NEUTRAL INSULIN 100iu/mL injection 10mL,NEUTRAL INSULIN 100iu/mL injection 10mL,core,prescription_exposure,not applicable,read_v2_drugs_bnf,Mapped BNF code: 06.01.01.01,candidate_requires_pharmacology_review
medication.glucose_lowering.read_v2_drug,medication,glucose_lowering,read_v2_drug,gp_scripts,read_2,exact,true,f122.,HYPURIN NEUTRAL 100iu/mL injection 10mL,HYPURIN NEUTRAL 100iu/mL injection 10mL,core,prescription_exposure,not applicable,read_v2_drugs_bnf,Mapped BNF code: 06.01.01.01,candidate_requires_pharmacology_review
medication.glucose_lowering.read_v2_drug,medication,glucose_lowering,read_v2_drug,gp_scripts,read_2,exact,true,f125.,VELOSULIN 100iu/mL injection 10mL,VELOSULIN 100iu/mL injection 10mL,core,prescription_exposure,not applicable,read_v2_drugs_bnf,Mapped BNF code: 06.01.01.01,candidate_requires_pharmacology_review
medication.glucose_lowering.read_v2_drug,medication,glucose_lowering,read_v2_drug,gp_scripts,read_2,exact,true,f126.,VELOSULIN CARTRIDGE 100iu/mL injection 5.7mL,VELOSULIN CARTRIDGE 100iu/mL injection 5.7mL,core,prescription_exposure,not applicable,read_v2_drugs_bnf,Mapped BNF code: 06.01.01.01,candidate_requires_pharmacology_review
medication.glucose_lowering.read_v2_drug,medication,glucose_lowering,read_v2_drug,gp_scripts,read_2,exact,true,f127.,HUMAN ACTRAPID 100iu/mL injection 10mL,HUMAN ACTRAPID 100iu/mL injection 10mL,core,prescription_exposure,not applicable,read_v2_drugs_bnf,Mapped BNF code: 06.01.01.01,candidate_requires_pharmacology_review
medication.glucose_lowering.read_v2_drug,medication,glucose_lowering,read_v2_drug,gp_scripts,read_2,exact,true,f128.,HUMAN ACTRAPID 100iu/mL penfill cartridges,HUMAN ACTRAPID 100iu/mL penfill cartridges,core,prescription_exposure,not applicable,read_v2_drugs_bnf,Mapped BNF code: 06.01.01.01,candidate_requires_pharmacology_review
medication.glucose_lowering.read_v2_drug,medication,glucose_lowering,read_v2_drug,gp_scripts,read_2,exact,true,f129.,HUMAN VELOSULIN 100iu/mL injection 10mL,HUMAN VELOSULIN 100iu/mL injection 10mL,core,prescription_exposure,not applicable,read_v2_drugs_bnf,Mapped BNF code: 06.01.01.01,candidate_requires_pharmacology_review
medication.glucose_lowering.read_v2_drug,medication,glucose_lowering,read_v2_drug,gp_scripts,read_2,exact,true,f12A.,HUMAN ACTRAPID 100iu/mL penfill cartridges 1.5mL,HUMAN ACTRAPID 100iu/mL penfill cartridges 1.5mL,core,prescription_exposure,not applicable,read_v2_drugs_bnf,Mapped BNF code: 06.01.01.01,candidate_requires_pharmacology_review
medication.glucose_lowering.read_v2_drug,medication,glucose_lowering,read_v2_drug,gp_scripts,read_2,exact,true,f12B.,HUMAN ACTRAPID 100iu/mL preloaded injection pen 3mL,HUMAN ACTRAPID 100iu/mL preloaded injection pen 3mL,core,prescription_exposure,not applicable,read_v2_drugs_bnf,Mapped BNF code: 06.01.01.01,candidate_requires_pharmacology_review
medication.glucose_lowering.read_v2_drug,medication,glucose_lowering,read_v2_drug,gp_scripts,read_2,exact,true,f12C.,HUMAJECT S 100iu/mL prefilled pen,HUMAJECT S 100iu/mL prefilled pen,core,prescription_exposure,not applicable,read_v2_drugs_bnf,Mapped BNF code: 06.01.01.01,candidate_requires_pharmacology_review
medication.glucose_lowering.read_v2_drug,medication,glucose_lowering,read_v2_drug,gp_scripts,read_2,exact,true,f12D.,PORK VELOSULIN 100units/mL injection 10mL,PORK VELOSULIN 100units/mL injection 10mL,core,prescription_exposure,not applicable,read_v2_drugs_bnf,Mapped BNF code: 06.01.01.01,candidate_requires_pharmacology_review
medication.glucose_lowering.read_v2_drug,medication,glucose_lowering,read_v2_drug,gp_scripts,read_2,exact,true,f12E.,NEUTRAL INSULIN 100iu/mL injection cartridge,NEUTRAL INSULIN 100iu/mL injection cartridge,core,prescription_exposure,not applicable,read_v2_drugs_bnf,Mapped BNF code: 06.01.01.01,candidate_requires_pharmacology_review
medication.glucose_lowering.read_v2_drug,medication,glucose_lowering,read_v2_drug,gp_scripts,read_2,exact,true,f12F.,HYPURIN BOVINE NEUTRAL 100iu/mL injection cartridge 1.5mL,HYPURIN BOVINE NEUTRAL 100iu/mL injection cartridge 1.5mL,core,prescription_exposure,not applicable,read_v2_drugs_bnf,Mapped BNF code: 06.01.01.01,candidate_requires_pharmacology_review
medication.glucose_lowering.read_v2_drug,medication,glucose_lowering,read_v2_drug,gp_scripts,read_2,exact,true,f12G.,HYPURIN PORCINE NEUTRAL 100iu/mL injection cartridge 1.5mL,HYPURIN PORCINE NEUTRAL 100iu/mL injection cartridge 1.5mL,core,prescription_exposure,not applicable,read_v2_drugs_bnf,Mapped BNF code: 06.01.01.01,candidate_requires_pharmacology_review
medication.glucose_lowering.read_v2_drug,medication,glucose_lowering,read_v2_drug,gp_scripts,read_2,exact,true,f12H.,HYPURIN BOVINE NEUTRAL 100iu/mL injection 10mL,HYPURIN BOVINE NEUTRAL 100iu/mL injection 10mL,core,prescription_exposure,not applicable,read_v2_drugs_bnf,Mapped BNF code: 06.01.01.01,candidate_requires_pharmacology_review
medication.glucose_lowering.read_v2_drug,medication,glucose_lowering,read_v2_drug,gp_scripts,read_2,exact,true,f12I.,HYPURIN PORCINE NEUTRAL 100iu/mL injection 10mL,HYPURIN PORCINE NEUTRAL 100iu/mL injection 10mL,core,prescription_exposure,not applicable,read_v2_drugs_bnf,Mapped BNF code: 06.01.01.01,candidate_requires_pharmacology_review
medication.glucose_lowering.read_v2_drug,medication,glucose_lowering,read_v2_drug,gp_scripts,read_2,exact,true,f12J.,ACTRAPID (HUMAN) PENFILL 100iu/mL cartridges 3mL,ACTRAPID (HUMAN) PENFILL 100iu/mL cartridges 3mL,core,prescription_exposure,not applicable,read_v2_drugs_bnf,Mapped BNF code: 06.01.01.01,candidate_requires_pharmacology_review
medication.glucose_lowering.read_v2_drug,medication,glucose_lowering,read_v2_drug,gp_scripts,read_2,exact,true,f12K.,PORK ACTRAPID 100iu/mL injection 10mL,PORK ACTRAPID 100iu/mL injection 10mL,core,prescription_exposure,not applicable,read_v2_drugs_bnf,Mapped BNF code: 06.01.01.01,candidate_requires_pharmacology_review
medication.glucose_lowering.read_v2_drug,medication,glucose_lowering,read_v2_drug,gp_scripts,read_2,exact,true,f12L.,INSUMAN RAPID 100iu/mL injection vials 5mL,INSUMAN RAPID 100iu/mL injection vials 5mL,core,prescription_exposure,not applicable,read_v2_drugs_bnf,Mapped BNF code: 06.01.01.01,candidate_requires_pharmacology_review
medication.glucose_lowering.read_v2_drug,medication,glucose_lowering,read_v2_drug,gp_scripts,read_2,exact,true,f12M.,INSUMAN RAPID 100iu/mL injection cartridge 3mL,INSUMAN RAPID 100iu/mL injection cartridge 3mL,core,prescription_exposure,not applicable,read_v2_drugs_bnf,Mapped BNF code: 06.01.01.01,candidate_requires_pharmacology_review
medication.glucose_lowering.read_v2_drug,medication,glucose_lowering,read_v2_drug,gp_scripts,read_2,exact,true,f12Q.,INSUMAN RAPID OPTISET 100iu/mL prefilled pen 3mL,INSUMAN RAPID OPTISET 100iu/mL prefilled pen 3mL,core,prescription_exposure,not applicable,read_v2_drugs_bnf,Mapped BNF code: 06.01.01.01,candidate_requires_pharmacology_review
medication.glucose_lowering.read_v2_drug,medication,glucose_lowering,read_v2_drug,gp_scripts,read_2,exact,true,f12R.,HUMAN VELOSULIN (PYR) 100iu/mL injection 10mL,HUMAN VELOSULIN (PYR) 100iu/mL injection 10mL,core,prescription_exposure,not applicable,read_v2_drugs_bnf,Mapped BNF code: 06.01.01.01,candidate_requires_pharmacology_review
medication.glucose_lowering.read_v2_drug,medication,glucose_lowering,read_v2_drug,gp_scripts,read_2,exact,true,f12S.,HYPURIN BOVINE NEUTRAL 100iu/mL injection cartridge 3mL,HYPURIN BOVINE NEUTRAL 100iu/mL injection cartridge 3mL,core,prescription_exposure,not applicable,read_v2_drugs_bnf,Mapped BNF code: 06.01.01.01,candidate_requires_pharmacology_review
medication.glucose_lowering.read_v2_drug,medication,glucose_lowering,read_v2_drug,gp_scripts,read_2,exact,true,f12T.,HYPURIN PORCINE NEUTRAL 100iu/mL injection cartridge 3mL,HYPURIN PORCINE NEUTRAL 100iu/mL injection cartridge 3mL,core,prescription_exposure,not applicable,read_v2_drugs_bnf,Mapped BNF code: 06.01.01.01,candidate_requires_pharmacology_review
medication.glucose_lowering.read_v2_drug,medication,glucose_lowering,read_v2_drug,gp_scripts,read_2,exact,true,f12U.,EXUBERA 1mg powder for inhalation,EXUBERA 1mg powder for inhalation,core,prescription_exposure,not applicable,read_v2_drugs_bnf,Mapped BNF code: 06.01.01.01,candidate_requires_pharmacology_review
medication.glucose_lowering.read_v2_drug,medication,glucose_lowering,read_v2_drug,gp_scripts,read_2,exact,true,f12V.,EXUBERA 3mg powder for inhalation,EXUBERA 3mg powder for inhalation,core,prescription_exposure,not applicable,read_v2_drugs_bnf,Mapped BNF code: 06.01.01.01,candidate_requires_pharmacology_review
medication.glucose_lowering.read_v2_drug,medication,glucose_lowering,read_v2_drug,gp_scripts,read_2,exact,true,f12W.,HUMAN INSULIN 1mg powder for inhalation,HUMAN INSULIN 1mg powder for inhalation,core,prescription_exposure,not applicable,read_v2_drugs_bnf,Mapped BNF code: 06.01.01.01,candidate_requires_pharmacology_review
medication.glucose_lowering.read_v2_drug,medication,glucose_lowering,read_v2_drug,gp_scripts,read_2,exact,true,f12X.,HUMAN INSULIN 3mg powder for inhalation,HUMAN INSULIN 3mg powder for inhalation,core,prescription_exposure,not applicable,read_v2_drugs_bnf,Mapped BNF code: 06.01.01.01,candidate_requires_pharmacology_review
medication.glucose_lowering.read_v2_drug,medication,glucose_lowering,read_v2_drug,gp_scripts,read_2,exact,true,f12Y.,INSUMAN INFUSAT 100iu/mL soln for inj cartridges 3.15mL,INSUMAN INFUSAT 100iu/mL soln for inj cartridges 3.15mL,core,prescription_exposure,not applicable,read_v2_drugs_bnf,Mapped BNF code: 06.01.01.01,candidate_requires_pharmacology_review
medication.glucose_lowering.read_v2_drug,medication,glucose_lowering,read_v2_drug,gp_scripts,read_2,exact,true,f12Z.,INSUMAN INFUSAT 100iu/mL solution for injection vials 10mL,INSUMAN INFUSAT 100iu/mL solution for injection vials 10mL,core,prescription_exposure,not applicable,read_v2_drugs_bnf,Mapped BNF code: 06.01.01.01,candidate_requires_pharmacology_review
medication.glucose_lowering.read_v2_drug,medication,glucose_lowering,read_v2_drug,gp_scripts,read_2,exact,true,f12a.,HUMULIN S 100iu/mL injection 10mL,HUMULIN S 100iu/mL injection 10mL,core,prescription_exposure,not applicable,read_v2_drugs_bnf,Mapped BNF code: 06.01.01.01,candidate_requires_pharmacology_review
medication.glucose_lowering.read_v2_drug,medication,glucose_lowering,read_v2_drug,gp_scripts,read_2,exact,true,f12d.,PUR-IN NEUTRAL 100iu/mL vials 10mL,PUR-IN NEUTRAL 100iu/mL vials 10mL,core,prescription_exposure,not applicable,read_v2_drugs_bnf,Mapped BNF code: 06.01.01.01,candidate_requires_pharmacology_review
medication.glucose_lowering.read_v2_drug,medication,glucose_lowering,read_v2_drug,gp_scripts,read_2,exact,true,f12e.,PUR-IN NEUTRAL 100iu/mL cartridges 3mL,PUR-IN NEUTRAL 100iu/mL cartridges 3mL,core,prescription_exposure,not applicable,read_v2_drugs_bnf,Mapped BNF code: 06.01.01.01,candidate_requires_pharmacology_review
medication.glucose_lowering.read_v2_drug,medication,glucose_lowering,read_v2_drug,gp_scripts,read_2,exact,true,f12g.,HUMULIN S 100iu/mL cartridges 1.5mL,HUMULIN S 100iu/mL cartridges 1.5mL,core,prescription_exposure,not applicable,read_v2_drugs_bnf,Mapped BNF code: 06.01.01.01,candidate_requires_pharmacology_review
medication.glucose_lowering.read_v2_drug,medication,glucose_lowering,read_v2_drug,gp_scripts,read_2,exact,true,f12s.,HUMULIN S 100iu/mL cartridges 3mL,HUMULIN S 100iu/mL cartridges 3mL,core,prescription_exposure,not applicable,read_v2_drugs_bnf,Mapped BNF code: 06.01.01.01,candidate_requires_pharmacology_review
medication.glucose_lowering.read_v2_drug,medication,glucose_lowering,read_v2_drug,gp_scripts,read_2,exact,true,f12y.,HUMAN INSULIN 100units/mL injection cartridge,HUMAN INSULIN 100units/mL injection cartridge,core,prescription_exposure,not applicable,read_v2_drugs_bnf,Mapped BNF code: 06.01.01.01,candidate_requires_pharmacology_review
medication.glucose_lowering.read_v2_drug,medication,glucose_lowering,read_v2_drug,gp_scripts,read_2,exact,true,f12z.,HUMAN INSULIN 100iu/mL injection vials,HUMAN INSULIN 100iu/mL injection vials,core,prescription_exposure,not applicable,read_v2_drugs_bnf,Mapped BNF code: 06.01.01.01,candidate_requires_pharmacology_review
medication.glucose_lowering.read_v2_drug,medication,glucose_lowering,read_v2_drug,gp_scripts,read_2,exact,true,f13..,INSULIN LISPRO,INSULIN LISPRO,core,prescription_exposure,not applicable,read_v2_drugs_bnf,Mapped BNF code: 06.01.01.01,candidate_requires_pharmacology_review
medication.glucose_lowering.read_v2_drug,medication,glucose_lowering,read_v2_drug,gp_scripts,read_2,exact,true,f131.,INSULIN LISPRO 100iu/mL vials,INSULIN LISPRO 100iu/mL vials,core,prescription_exposure,not applicable,read_v2_drugs_bnf,Mapped BNF code: 06.01.01.01,candidate_requires_pharmacology_review
medication.glucose_lowering.read_v2_drug,medication,glucose_lowering,read_v2_drug,gp_scripts,read_2,exact,true,f132.,HUMALOG 100iu/mL injection 10mL,HUMALOG 100iu/mL injection 10mL,core,prescription_exposure,not applicable,read_v2_drugs_bnf,Mapped BNF code: 06.01.01.01,candidate_requires_pharmacology_review
medication.glucose_lowering.read_v2_drug,medication,glucose_lowering,read_v2_drug,gp_scripts,read_2,exact,true,f133.,INSULIN LISPRO 100iu/mL cartridges,INSULIN LISPRO 100iu/mL cartridges,core,prescription_exposure,not applicable,read_v2_drugs_bnf,Mapped BNF code: 06.01.01.01,candidate_requires_pharmacology_review
medication.glucose_lowering.read_v2_drug,medication,glucose_lowering,read_v2_drug,gp_scripts,read_2,exact,true,f134.,HUMALOG 100iu/mL cartridges 1.5mL,HUMALOG 100iu/mL cartridges 1.5mL,core,prescription_exposure,not applicable,read_v2_drugs_bnf,Mapped BNF code: 06.01.01.01,candidate_requires_pharmacology_review
medication.glucose_lowering.read_v2_drug,medication,glucose_lowering,read_v2_drug,gp_scripts,read_2,exact,true,f135.,HUMALOG 100iu/mL cartridges 3mL,HUMALOG 100iu/mL cartridges 3mL,core,prescription_exposure,not applicable,read_v2_drugs_bnf,Mapped BNF code: 06.01.01.01,candidate_requires_pharmacology_review
medication.glucose_lowering.read_v2_drug,medication,glucose_lowering,read_v2_drug,gp_scripts,read_2,exact,true,f136.,INSULIN LISPRO 100iu/mL prefilled pen,INSULIN LISPRO 100iu/mL prefilled pen,core,prescription_exposure,not applicable,read_v2_drugs_bnf,Mapped BNF code: 06.01.01.01,candidate_requires_pharmacology_review
medication.glucose_lowering.read_v2_drug,medication,glucose_lowering,read_v2_drug,gp_scripts,read_2,exact,true,f137.,HUMALOG-PEN 100iu/mL prefilled pen 3mL,HUMALOG-PEN 100iu/mL prefilled pen 3mL,core,prescription_exposure,not applicable,read_v2_drugs_bnf,Mapped BNF code: 06.01.01.01,candidate_requires_pharmacology_review
medication.glucose_lowering.read_v2_drug,medication,glucose_lowering,read_v2_drug,gp_scripts,read_2,exact,true,f138.,HUMALOG KWIKPEN 100iu/mL prefilled pen 3mL,HUMALOG KWIKPEN 100iu/mL prefilled pen 3mL,core,prescription_exposure,not applicable,read_v2_drugs_bnf,Mapped BNF code: 06.01.01.01,candidate_requires_pharmacology_review
medication.glucose_lowering.read_v2_drug,medication,glucose_lowering,read_v2_drug,gp_scripts,read_2,exact,true,f139.,HUMALOG KWIKPEN 200iu/mL prefilled pen 3mL,HUMALOG KWIKPEN 200iu/mL prefilled pen 3mL,core,prescription_exposure,not applicable,read_v2_drugs_bnf,Mapped BNF code: 06.01.01.01,candidate_requires_pharmacology_review
medication.glucose_lowering.read_v2_drug,medication,glucose_lowering,read_v2_drug,gp_scripts,read_2,exact,true,f13A.,INSULIN LISPRO 200iu/mL prefilled pen,INSULIN LISPRO 200iu/mL prefilled pen,core,prescription_exposure,not applicable,read_v2_drugs_bnf,Mapped BNF code: 06.01.01.01,candidate_requires_pharmacology_review
medication.glucose_lowering.read_v2_drug,medication,glucose_lowering,read_v2_drug,gp_scripts,read_2,exact,true,f14..,INSULIN ASPART,INSULIN ASPART,core,prescription_exposure,not applicable,read_v2_drugs_bnf,Mapped BNF code: 06.01.01.01,candidate_requires_pharmacology_review
medication.glucose_lowering.read_v2_drug,medication,glucose_lowering,read_v2_drug,gp_scripts,read_2,exact,true,f141.,NOVORAPID 100units/mL injection vial,NOVORAPID 100units/mL injection vial,core,prescription_exposure,not applicable,read_v2_drugs_bnf,Mapped BNF code: 06.01.01.01,candidate_requires_pharmacology_review
medication.glucose_lowering.read_v2_drug,medication,glucose_lowering,read_v2_drug,gp_scripts,read_2,exact,true,f142.,NOVORAPID NOVOLET 100units/mL prefilled syringe 3mL,NOVORAPID NOVOLET 100units/mL prefilled syringe 3mL,core,prescription_exposure,not applicable,read_v2_drugs_bnf,Mapped BNF code: 06.01.01.01,candidate_requires_pharmacology_review
medication.glucose_lowering.read_v2_drug,medication,glucose_lowering,read_v2_drug,gp_scripts,read_2,exact,true,f143.,NOVORAPID PENFILL 100units/mL cartridges 3mL,NOVORAPID PENFILL 100units/mL cartridges 3mL,core,prescription_exposure,not applicable,read_v2_drugs_bnf,Mapped BNF code: 06.01.01.01,candidate_requires_pharmacology_review
medication.glucose_lowering.read_v2_drug,medication,glucose_lowering,read_v2_drug,gp_scripts,read_2,exact,true,f144.,NOVORAPID FLEXPEN 100units/mL prefilled pen 3mL,NOVORAPID FLEXPEN 100units/mL prefilled pen 3mL,core,prescription_exposure,not applicable,read_v2_drugs_bnf,Mapped BNF code: 06.01.01.01,candidate_requires_pharmacology_review
medication.glucose_lowering.read_v2_drug,medication,glucose_lowering,read_v2_drug,gp_scripts,read_2,exact,true,f145.,NOVORAPID FLEXTOUCH 100units/mL soln for injection pen 3mL,NOVORAPID FLEXTOUCH 100units/mL soln for injection pen 3mL,core,prescription_exposure,not applicable,read_v2_drugs_bnf,Mapped BNF code: 06.01.01.01,candidate_requires_pharmacology_review
medication.glucose_lowering.read_v2_drug,medication,glucose_lowering,read_v2_drug,gp_scripts,read_2,exact,true,f146.,NOVORAPID PUMPCART 100units/mL soln for inj cartridges 1.6mL,NOVORAPID PUMPCART 100units/mL soln for inj cartridges 1.6mL,core,prescription_exposure,not applicable,read_v2_drugs_bnf,Mapped BNF code: 06.01.01.01,candidate_requires_pharmacology_review
medication.glucose_lowering.read_v2_drug,medication,glucose_lowering,read_v2_drug,gp_scripts,read_2,exact,true,f14w.,INSULIN ASPART 100units/mL prefilled pen,INSULIN ASPART 100units/mL prefilled pen,core,prescription_exposure,not applicable,read_v2_drugs_bnf,Mapped BNF code: 06.01.01.01,candidate_requires_pharmacology_review
medication.glucose_lowering.read_v2_drug,medication,glucose_lowering,read_v2_drug,gp_scripts,read_2,exact,true,f14x.,INSULIN ASPART 100units/mL injection vial,INSULIN ASPART 100units/mL injection vial,core,prescription_exposure,not applicable,read_v2_drugs_bnf,Mapped BNF code: 06.01.01.01,candidate_requires_pharmacology_review
medication.glucose_lowering.read_v2_drug,medication,glucose_lowering,read_v2_drug,gp_scripts,read_2,exact,true,f14y.,INSULIN ASPART 100units/mL prefilled syringe,INSULIN ASPART 100units/mL prefilled syringe,core,prescription_exposure,not applicable,read_v2_drugs_bnf,Mapped BNF code: 06.01.01.01,candidate_requires_pharmacology_review
medication.glucose_lowering.read_v2_drug,medication,glucose_lowering,read_v2_drug,gp_scripts,read_2,exact,true,f14z.,INSULIN ASPART 100units/mL cartridges,INSULIN ASPART 100units/mL cartridges,core,prescription_exposure,not applicable,read_v2_drugs_bnf,Mapped BNF code: 06.01.01.01,candidate_requires_pharmacology_review
medication.glucose_lowering.read_v2_drug,medication,glucose_lowering,read_v2_drug,gp_scripts,read_2,exact,true,f15..,INSULIN GLULISINE,INSULIN GLULISINE,core,prescription_exposure,not applicable,read_v2_drugs_bnf,Mapped BNF code: 06.01.01.01,candidate_requires_pharmacology_review
medication.glucose_lowering.read_v2_drug,medication,glucose_lowering,read_v2_drug,gp_scripts,read_2,exact,true,f151.,APIDRA 100iu/mL injection vials 10mL,APIDRA 100iu/mL injection vials 10mL,core,prescription_exposure,not applicable,read_v2_drugs_bnf,Mapped BNF code: 06.01.01.01,candidate_requires_pharmacology_review
medication.glucose_lowering.read_v2_drug,medication,glucose_lowering,read_v2_drug,gp_scripts,read_2,exact,true,f152.,APIDRA 100iu/mL injection cartridges 3mL,APIDRA 100iu/mL injection cartridges 3mL,core,prescription_exposure,not applicable,read_v2_drugs_bnf,Mapped BNF code: 06.01.01.01,candidate_requires_pharmacology_review
medication.glucose_lowering.read_v2_drug,medication,glucose_lowering,read_v2_drug,gp_scripts,read_2,exact,true,f153.,APIDRA 100iu/mL OptiSet prefilled pen 3mL,APIDRA 100iu/mL OptiSet prefilled pen 3mL,core,prescription_exposure,not applicable,read_v2_drugs_bnf,Mapped BNF code: 06.01.01.01,candidate_requires_pharmacology_review
medication.glucose_lowering.read_v2_drug,medication,glucose_lowering,read_v2_drug,gp_scripts,read_2,exact,true,f154.,APIDRA 100iu/mL OptiClik cartridges 3mL,APIDRA 100iu/mL OptiClik cartridges 3mL,core,prescription_exposure,not applicable,read_v2_drugs_bnf,Mapped BNF code: 06.01.01.01,candidate_requires_pharmacology_review
medication.glucose_lowering.read_v2_drug,medication,glucose_lowering,read_v2_drug,gp_scripts,read_2,exact,true,f155.,APIDRA 100iu/mL SoloStar prefilled pen 3mL,APIDRA 100iu/mL SoloStar prefilled pen 3mL,core,prescription_exposure,not applicable,read_v2_drugs_bnf,Mapped BNF code: 06.01.01.01,candidate_requires_pharmacology_review
medication.glucose_lowering.read_v2_drug,medication,glucose_lowering,read_v2_drug,gp_scripts,read_2,exact,true,f15x.,INSULIN GLULISINE 100iu/mL prefilled pen,INSULIN GLULISINE 100iu/mL prefilled pen,core,prescription_exposure,not applicable,read_v2_drugs_bnf,Mapped BNF code: 06.01.01.01,candidate_requires_pharmacology_review
medication.glucose_lowering.read_v2_drug,medication,glucose_lowering,read_v2_drug,gp_scripts,read_2,exact,true,f15y.,INSULIN GLULISINE 100iu/mL injection cartridges,INSULIN GLULISINE 100iu/mL injection cartridges,core,prescription_exposure,not applicable,read_v2_drugs_bnf,Mapped BNF code: 06.01.01.01,candidate_requires_pharmacology_review
medication.glucose_lowering.read_v2_drug,medication,glucose_lowering,read_v2_drug,gp_scripts,read_2,exact,true,f15z.,INSULIN GLULISINE 100iu/mL injection vials,INSULIN GLULISINE 100iu/mL injection vials,core,prescription_exposure,not applicable,read_v2_drugs_bnf,Mapped BNF code: 06.01.01.01,candidate_requires_pharmacology_review
medication.glucose_lowering.read_v2_drug,medication,glucose_lowering,read_v2_drug,gp_scripts,read_2,exact,true,f2...,MEDIUM/LONG-ACTING INSULINS,MEDIUM/LONG-ACTING INSULINS,core,prescription_exposure,not applicable,read_v2_drugs_bnf,Mapped BNF code: 06.01.01.02,candidate_requires_pharmacology_review
medication.glucose_lowering.read_v2_drug,medication,glucose_lowering,read_v2_drug,gp_scripts,read_2,exact,true,f21..,BIPHASIC INSULIN,BIPHASIC INSULIN,core,prescription_exposure,not applicable,read_v2_drugs_bnf,Mapped BNF code: 06.01.01.02,candidate_requires_pharmacology_review
medication.glucose_lowering.read_v2_drug,medication,glucose_lowering,read_v2_drug,gp_scripts,read_2,exact,true,f211.,RAPITARD MC 100iu/mL injection 10mL,RAPITARD MC 100iu/mL injection 10mL,core,prescription_exposure,not applicable,read_v2_drugs_bnf,Mapped BNF code: 06.01.01.02,candidate_requires_pharmacology_review
medication.glucose_lowering.read_v2_drug,medication,glucose_lowering,read_v2_drug,gp_scripts,read_2,exact,true,f22..,INSULIN ZINC SUSPENSION,INSULIN ZINC SUSPENSION,core,prescription_exposure,not applicable,read_v2_drugs_bnf,Mapped BNF code: 06.01.01.02,candidate_requires_pharmacology_review
medication.glucose_lowering.read_v2_drug,medication,glucose_lowering,read_v2_drug,gp_scripts,read_2,exact,true,f221.,INSULIN ZINC LENTE 100iu/mL injection 10mL,INSULIN ZINC LENTE 100iu/mL injection 10mL,core,prescription_exposure,not applicable,read_v2_drugs_bnf,Mapped BNF code: 06.01.01.02,candidate_requires_pharmacology_review
medication.glucose_lowering.read_v2_drug,medication,glucose_lowering,read_v2_drug,gp_scripts,read_2,exact,true,f222.,HYPURIN LENTE 100iu/mL injection 10mL,HYPURIN LENTE 100iu/mL injection 10mL,core,prescription_exposure,not applicable,read_v2_drugs_bnf,Mapped BNF code: 06.01.01.02,candidate_requires_pharmacology_review
medication.glucose_lowering.read_v2_drug,medication,glucose_lowering,read_v2_drug,gp_scripts,read_2,exact,true,f223.,LENTARD MC 100iu/mL injection 10mL,LENTARD MC 100iu/mL injection 10mL,core,prescription_exposure,not applicable,read_v2_drugs_bnf,Mapped BNF code: 06.01.01.02,candidate_requires_pharmacology_review
medication.glucose_lowering.read_v2_drug,medication,glucose_lowering,read_v2_drug,gp_scripts,read_2,exact,true,f226.,HUMAN MONOTARD 100iu/mL injection 10mL,HUMAN MONOTARD 100iu/mL injection 10mL,core,prescription_exposure,not applicable,read_v2_drugs_bnf,Mapped BNF code: 06.01.01.02,candidate_requires_pharmacology_review
medication.glucose_lowering.read_v2_drug,medication,glucose_lowering,read_v2_drug,gp_scripts,read_2,exact,true,f227.,HUMULIN LENTE 100iu/mL injection 10mL,HUMULIN LENTE 100iu/mL injection 10mL,core,prescription_exposure,not applicable,read_v2_drugs_bnf,Mapped BNF code: 06.01.01.02,candidate_requires_pharmacology_review
medication.glucose_lowering.read_v2_drug,medication,glucose_lowering,read_v2_drug,gp_scripts,read_2,exact,true,f228.,HYPURIN BOVINE LENTE 100iu/mL injection 10mL,HYPURIN BOVINE LENTE 100iu/mL injection 10mL,core,prescription_exposure,not applicable,read_v2_drugs_bnf,Mapped BNF code: 06.01.01.02,candidate_requires_pharmacology_review
medication.glucose_lowering.read_v2_drug,medication,glucose_lowering,read_v2_drug,gp_scripts,read_2,exact,true,f23..,INSULIN ZINC SUSPENSION - AMORPHOUS,INSULIN ZINC SUSPENSION - AMORPHOUS,core,prescription_exposure,not applicable,read_v2_drugs_bnf,Mapped BNF code: 06.01.01.02,candidate_requires_pharmacology_review
medication.glucose_lowering.read_v2_drug,medication,glucose_lowering,read_v2_drug,gp_scripts,read_2,exact,true,f231.,SEMITARD MC 100iu/mL injection 10mL,SEMITARD MC 100iu/mL injection 10mL,core,prescription_exposure,not applicable,read_v2_drugs_bnf,Mapped BNF code: 06.01.01.02,candidate_requires_pharmacology_review
medication.glucose_lowering.read_v2_drug,medication,glucose_lowering,read_v2_drug,gp_scripts,read_2,exact,true,f24..,INSULIN ZINC SUSPENSION - CRYSTALLINE,INSULIN ZINC SUSPENSION - CRYSTALLINE,core,prescription_exposure,not applicable,read_v2_drugs_bnf,Mapped BNF code: 06.01.01.02,candidate_requires_pharmacology_review
medication.glucose_lowering.read_v2_drug,medication,glucose_lowering,read_v2_drug,gp_scripts,read_2,exact,true,f241.,HUMAN ULTRATARD 100iu/mL injection 10mL,HUMAN ULTRATARD 100iu/mL injection 10mL,core,prescription_exposure,not applicable,read_v2_drugs_bnf,Mapped BNF code: 06.01.01.02,candidate_requires_pharmacology_review
medication.glucose_lowering.read_v2_drug,medication,glucose_lowering,read_v2_drug,gp_scripts,read_2,exact,true,f242.,HUMULIN ZN 100iu/mL injection 10mL,HUMULIN ZN 100iu/mL injection 10mL,core,prescription_exposure,not applicable,read_v2_drugs_bnf,Mapped BNF code: 06.01.01.02,candidate_requires_pharmacology_review
medication.glucose_lowering.read_v2_drug,medication,glucose_lowering,read_v2_drug,gp_scripts,read_2,exact,true,f25..,ISOPHANE INSULIN,ISOPHANE INSULIN,core,prescription_exposure,not applicable,read_v2_drugs_bnf,Mapped BNF code: 06.01.01.02,candidate_requires_pharmacology_review
medication.glucose_lowering.read_v2_drug,medication,glucose_lowering,read_v2_drug,gp_scripts,read_2,exact,true,f251.,ISOPHANE INSULIN 100iu/mL injection 10mL,ISOPHANE INSULIN 100iu/mL injection 10mL,core,prescription_exposure,not applicable,read_v2_drugs_bnf,Mapped BNF code: 06.01.01.02,candidate_requires_pharmacology_review
medication.glucose_lowering.read_v2_drug,medication,glucose_lowering,read_v2_drug,gp_scripts,read_2,exact,true,f252.,HYPURIN ISOPHANE 100iu/mL injection 10mL,HYPURIN ISOPHANE 100iu/mL injection 10mL,core,prescription_exposure,not applicable,read_v2_drugs_bnf,Mapped BNF code: 06.01.01.02,candidate_requires_pharmacology_review
medication.glucose_lowering.read_v2_drug,medication,glucose_lowering,read_v2_drug,gp_scripts,read_2,exact,true,f253.,INSULATARD 100iu/mL injection 10mL,INSULATARD 100iu/mL injection 10mL,core,prescription_exposure,not applicable,read_v2_drugs_bnf,Mapped BNF code: 06.01.01.02,candidate_requires_pharmacology_review
medication.glucose_lowering.read_v2_drug,medication,glucose_lowering,read_v2_drug,gp_scripts,read_2,exact,true,f258.,HUMAN INSULATARD 100iu/mL injection 10mL,HUMAN INSULATARD 100iu/mL injection 10mL,core,prescription_exposure,not applicable,read_v2_drugs_bnf,Mapped BNF code: 06.01.01.02,candidate_requires_pharmacology_review
medication.glucose_lowering.read_v2_drug,medication,glucose_lowering,read_v2_drug,gp_scripts,read_2,exact,true,f259.,HUMAN PROTAPHANE 100iu/mL injection 10mL,HUMAN PROTAPHANE 100iu/mL injection 10mL,core,prescription_exposure,not applicable,read_v2_drugs_bnf,Mapped BNF code: 06.01.01.02,candidate_requires_pharmacology_review
medication.glucose_lowering.read_v2_drug,medication,glucose_lowering,read_v2_drug,gp_scripts,read_2,exact,true,f25A.,HUMULIN I 100iu/mL prefilled pen 3mL,HUMULIN I 100iu/mL prefilled pen 3mL,core,prescription_exposure,not applicable,read_v2_drugs_bnf,Mapped BNF code: 06.01.01.02,candidate_requires_pharmacology_review
medication.glucose_lowering.read_v2_drug,medication,glucose_lowering,read_v2_drug,gp_scripts,read_2,exact,true,f25B.,INSUMAN BASAL OPTISET 100iu/mL prefilled pen 3mL,INSUMAN BASAL OPTISET 100iu/mL prefilled pen 3mL,core,prescription_exposure,not applicable,read_v2_drugs_bnf,Mapped BNF code: 06.01.01.02,candidate_requires_pharmacology_review
medication.glucose_lowering.read_v2_drug,medication,glucose_lowering,read_v2_drug,gp_scripts,read_2,exact,true,f25C.,INSULATARD INNOLET 100units/mL prefilled syringe 3mL,INSULATARD INNOLET 100units/mL prefilled syringe 3mL,core,prescription_exposure,not applicable,read_v2_drugs_bnf,Mapped BNF code: 06.01.01.02,candidate_requires_pharmacology_review
medication.glucose_lowering.read_v2_drug,medication,glucose_lowering,read_v2_drug,gp_scripts,read_2,exact,true,f25D.,INSULATARD FLEXPEN 100iu/mL prefilled pen 3mL,INSULATARD FLEXPEN 100iu/mL prefilled pen 3mL,core,prescription_exposure,not applicable,read_v2_drugs_bnf,Mapped BNF code: 06.01.01.02,candidate_requires_pharmacology_review
medication.glucose_lowering.read_v2_drug,medication,glucose_lowering,read_v2_drug,gp_scripts,read_2,exact,true,f25E.,HYPURIN BOVINE ISOPHANE 100iu/mL injection cartridge 3mL,HYPURIN BOVINE ISOPHANE 100iu/mL injection cartridge 3mL,core,prescription_exposure,not applicable,read_v2_drugs_bnf,Mapped BNF code: 06.01.01.02,candidate_requires_pharmacology_review
medication.glucose_lowering.read_v2_drug,medication,glucose_lowering,read_v2_drug,gp_scripts,read_2,exact,true,f25F.,HYPURIN PORCINE ISOPHANE 100iu/mL injection cartridge 3mL,HYPURIN PORCINE ISOPHANE 100iu/mL injection cartridge 3mL,core,prescription_exposure,not applicable,read_v2_drugs_bnf,Mapped BNF code: 06.01.01.02,candidate_requires_pharmacology_review
medication.glucose_lowering.read_v2_drug,medication,glucose_lowering,read_v2_drug,gp_scripts,read_2,exact,true,f25G.,HUMULIN I KWIKPEN 100iu/mL prefilled pen 3mL,HUMULIN I KWIKPEN 100iu/mL prefilled pen 3mL,core,prescription_exposure,not applicable,read_v2_drugs_bnf,Mapped BNF code: 06.01.01.02,candidate_requires_pharmacology_review
medication.glucose_lowering.read_v2_drug,medication,glucose_lowering,read_v2_drug,gp_scripts,read_2,exact,true,f25H.,INSUMAN BASAL SOLOSTAR 100iu/mL prefilled pen 3mL,INSUMAN BASAL SOLOSTAR 100iu/mL prefilled pen 3mL,core,prescription_exposure,not applicable,read_v2_drugs_bnf,Mapped BNF code: 06.01.01.02,candidate_requires_pharmacology_review
medication.glucose_lowering.read_v2_drug,medication,glucose_lowering,read_v2_drug,gp_scripts,read_2,exact,true,f25W.,HUMAN ISOPHANE INSULIN 100units/mL prefilled syringe,HUMAN ISOPHANE INSULIN 100units/mL prefilled syringe,core,prescription_exposure,not applicable,read_v2_drugs_bnf,Mapped BNF code: 06.01.01.02,candidate_requires_pharmacology_review
medication.glucose_lowering.read_v2_drug,medication,glucose_lowering,read_v2_drug,gp_scripts,read_2,exact,true,f25X.,HUMAN ISOPHANE INSULIN 100units/mL injection cartridge,HUMAN ISOPHANE INSULIN 100units/mL injection cartridge,core,prescription_exposure,not applicable,read_v2_drugs_bnf,Mapped BNF code: 06.01.01.02,candidate_requires_pharmacology_review
medication.glucose_lowering.read_v2_drug,medication,glucose_lowering,read_v2_drug,gp_scripts,read_2,exact,true,f25Y.,HUMAN ISOPHANE INSULIN 100units/mL injection vials,HUMAN ISOPHANE INSULIN 100units/mL injection vials,core,prescription_exposure,not applicable,read_v2_drugs_bnf,Mapped BNF code: 06.01.01.02,candidate_requires_pharmacology_review
medication.glucose_lowering.read_v2_drug,medication,glucose_lowering,read_v2_drug,gp_scripts,read_2,exact,true,f25a.,HUMULIN I 100iu/mL injection 10mL,HUMULIN I 100iu/mL injection 10mL,core,prescription_exposure,not applicable,read_v2_drugs_bnf,Mapped BNF code: 06.01.01.02,candidate_requires_pharmacology_review
medication.glucose_lowering.read_v2_drug,medication,glucose_lowering,read_v2_drug,gp_scripts,read_2,exact,true,f25i.,HUMAN PROTAPHANE penfill 1.5mL,HUMAN PROTAPHANE penfill 1.5mL,core,prescription_exposure,not applicable,read_v2_drugs_bnf,Mapped BNF code: 06.01.01.02,candidate_requires_pharmacology_review
medication.glucose_lowering.read_v2_drug,medication,glucose_lowering,read_v2_drug,gp_scripts,read_2,exact,true,f25j.,PUR-IN ISOPHANE 100iu/mL vials 10mL,PUR-IN ISOPHANE 100iu/mL vials 10mL,core,prescription_exposure,not applicable,read_v2_drugs_bnf,Mapped BNF code: 06.01.01.02,candidate_requires_pharmacology_review
medication.glucose_lowering.read_v2_drug,medication,glucose_lowering,read_v2_drug,gp_scripts,read_2,exact,true,f25k.,PUR-IN ISOPHANE 100iu/mL cartridges 3mL,PUR-IN ISOPHANE 100iu/mL cartridges 3mL,core,prescription_exposure,not applicable,read_v2_drugs_bnf,Mapped BNF code: 06.01.01.02,candidate_requires_pharmacology_review
medication.glucose_lowering.read_v2_drug,medication,glucose_lowering,read_v2_drug,gp_scripts,read_2,exact,true,f25l.,HUMULIN I 100iu/mL cartridges 1.5mL,HUMULIN I 100iu/mL cartridges 1.5mL,core,prescription_exposure,not applicable,read_v2_drugs_bnf,Mapped BNF code: 06.01.01.02,candidate_requires_pharmacology_review
medication.glucose_lowering.read_v2_drug,medication,glucose_lowering,read_v2_drug,gp_scripts,read_2,exact,true,f25m.,HUMAN INSULATARD 100iu/mL preloaded injection pen 3mL,HUMAN INSULATARD 100iu/mL preloaded injection pen 3mL,core,prescription_exposure,not applicable,read_v2_drugs_bnf,Mapped BNF code: 06.01.01.02,candidate_requires_pharmacology_review
medication.glucose_lowering.read_v2_drug,medication,glucose_lowering,read_v2_drug,gp_scripts,read_2,exact,true,f25n.,HUMAJECT I 100iu/mL prefilled pen,HUMAJECT I 100iu/mL prefilled pen,core,prescription_exposure,not applicable,read_v2_drugs_bnf,Mapped BNF code: 06.01.01.02,candidate_requires_pharmacology_review
medication.glucose_lowering.read_v2_drug,medication,glucose_lowering,read_v2_drug,gp_scripts,read_2,exact,true,f25o.,HUMULIN I 100iu/mL cartridges 3mL,HUMULIN I 100iu/mL cartridges 3mL,core,prescription_exposure,not applicable,read_v2_drugs_bnf,Mapped BNF code: 06.01.01.02,candidate_requires_pharmacology_review
medication.glucose_lowering.read_v2_drug,medication,glucose_lowering,read_v2_drug,gp_scripts,read_2,exact,true,f25p.,HUMAN INSULATARD ge injection 10mL,HUMAN INSULATARD ge injection 10mL,core,prescription_exposure,not applicable,read_v2_drugs_bnf,Mapped BNF code: 06.01.01.02,candidate_requires_pharmacology_review
medication.glucose_lowering.read_v2_drug,medication,glucose_lowering,read_v2_drug,gp_scripts,read_2,exact,true,f25q.,HUMAN INSULATARD PENFILL cartridges 1.5mL,HUMAN INSULATARD PENFILL cartridges 1.5mL,core,prescription_exposure,not applicable,read_v2_drugs_bnf,Mapped BNF code: 06.01.01.02,candidate_requires_pharmacology_review
medication.glucose_lowering.read_v2_drug,medication,glucose_lowering,read_v2_drug,gp_scripts,read_2,exact,true,f25r.,PORK INSULATARD 100units/mL injection 10mL,PORK INSULATARD 100units/mL injection 10mL,core,prescription_exposure,not applicable,read_v2_drugs_bnf,Mapped BNF code: 06.01.01.02,candidate_requires_pharmacology_review
medication.glucose_lowering.read_v2_drug,medication,glucose_lowering,read_v2_drug,gp_scripts,read_2,exact,true,f25s.,ISOPHANE INSULIN 100iu/mL injection cartridge,ISOPHANE INSULIN 100iu/mL injection cartridge,core,prescription_exposure,not applicable,read_v2_drugs_bnf,Mapped BNF code: 06.01.01.02,candidate_requires_pharmacology_review
medication.glucose_lowering.read_v2_drug,medication,glucose_lowering,read_v2_drug,gp_scripts,read_2,exact,true,f25t.,HYPURIN BOVINE ISOPHANE 100iu/mL injection cartridge 1.5mL,HYPURIN BOVINE ISOPHANE 100iu/mL injection cartridge 1.5mL,core,prescription_exposure,not applicable,read_v2_drugs_bnf,Mapped BNF code: 06.01.01.02,candidate_requires_pharmacology_review
medication.glucose_lowering.read_v2_drug,medication,glucose_lowering,read_v2_drug,gp_scripts,read_2,exact,true,f25u.,HYPURIN PORCINE ISOPHANE 100iu/mL injection cartridge 1.5mL,HYPURIN PORCINE ISOPHANE 100iu/mL injection cartridge 1.5mL,core,prescription_exposure,not applicable,read_v2_drugs_bnf,Mapped BNF code: 06.01.01.02,candidate_requires_pharmacology_review
medication.glucose_lowering.read_v2_drug,medication,glucose_lowering,read_v2_drug,gp_scripts,read_2,exact,true,f25v.,HYPURIN BOVINE ISOPHANE 100iu/mL injection 10mL,HYPURIN BOVINE ISOPHANE 100iu/mL injection 10mL,core,prescription_exposure,not applicable,read_v2_drugs_bnf,Mapped BNF code: 06.01.01.02,candidate_requires_pharmacology_review
medication.glucose_lowering.read_v2_drug,medication,glucose_lowering,read_v2_drug,gp_scripts,read_2,exact,true,f25w.,HYPURIN PORCINE ISOPHANE 100iu/mL injection 10mL,HYPURIN PORCINE ISOPHANE 100iu/mL injection 10mL,core,prescription_exposure,not applicable,read_v2_drugs_bnf,Mapped BNF code: 06.01.01.02,candidate_requires_pharmacology_review
medication.glucose_lowering.read_v2_drug,medication,glucose_lowering,read_v2_drug,gp_scripts,read_2,exact,true,f25x.,INSULATARD (HUMAN) PENFILL cartridges 3mL,INSULATARD (HUMAN) PENFILL cartridges 3mL,core,prescription_exposure,not applicable,read_v2_drugs_bnf,Mapped BNF code: 06.01.01.01,candidate_requires_pharmacology_review
medication.glucose_lowering.read_v2_drug,medication,glucose_lowering,read_v2_drug,gp_scripts,read_2,exact,true,f25y.,INSUMAN BASAL 100iu/mL injection vials 5mL,INSUMAN BASAL 100iu/mL injection vials 5mL,core,prescription_exposure,not applicable,read_v2_drugs_bnf,Mapped BNF code: 06.01.01.02,candidate_requires_pharmacology_review
medication.glucose_lowering.read_v2_drug,medication,glucose_lowering,read_v2_drug,gp_scripts,read_2,exact,true,f25z.,INSUMAN BASAL 100iu/mL injection cartridge 3mL,INSUMAN BASAL 100iu/mL injection cartridge 3mL,core,prescription_exposure,not applicable,read_v2_drugs_bnf,Mapped BNF code: 06.01.01.02,candidate_requires_pharmacology_review
medication.glucose_lowering.read_v2_drug,medication,glucose_lowering,read_v2_drug,gp_scripts,read_2,exact,true,f26..,PROTAMINE ZINC INSULIN,PROTAMINE ZINC INSULIN,core,prescription_exposure,not applicable,read_v2_drugs_bnf,Mapped BNF code: 06.01.01.02,candidate_requires_pharmacology_review
medication.glucose_lowering.read_v2_drug,medication,glucose_lowering,read_v2_drug,gp_scripts,read_2,exact,true,f261.,HYPURIN PROTAMINE ZINC injection 10mL,HYPURIN PROTAMINE ZINC injection 10mL,core,prescription_exposure,not applicable,read_v2_drugs_bnf,Mapped BNF code: 06.01.01.02,candidate_requires_pharmacology_review
medication.glucose_lowering.read_v2_drug,medication,glucose_lowering,read_v2_drug,gp_scripts,read_2,exact,true,f262.,HYPURIN BOVINE PROTAMINE ZINC 100iu/mL injection 10mL,HYPURIN BOVINE PROTAMINE ZINC 100iu/mL injection 10mL,core,prescription_exposure,not applicable,read_v2_drugs_bnf,Mapped BNF code: 06.01.01.02,candidate_requires_pharmacology_review
medication.glucose_lowering.read_v2_drug,medication,glucose_lowering,read_v2_drug,gp_scripts,read_2,exact,true,f27..,BIPHASIC ISOPHANE INSULIN,BIPHASIC ISOPHANE INSULIN,core,prescription_exposure,not applicable,read_v2_drugs_bnf,Mapped BNF code: 06.01.01.02,candidate_requires_pharmacology_review
medication.glucose_lowering.read_v2_drug,medication,glucose_lowering,read_v2_drug,gp_scripts,read_2,exact,true,f271.,*MIXTARD 30/70 injection 10mL,*MIXTARD 30/70 injection 10mL,core,prescription_exposure,not applicable,read_v2_drugs_bnf,Mapped BNF code: 06.01.01.02,candidate_requires_pharmacology_review
medication.glucose_lowering.read_v2_drug,medication,glucose_lowering,read_v2_drug,gp_scripts,read_2,exact,true,f272.,*PENMIX 30/70 cartridges 1.5mL,*PENMIX 30/70 cartridges 1.5mL,core,prescription_exposure,not applicable,read_v2_drugs_bnf,Mapped BNF code: 06.01.01.02,candidate_requires_pharmacology_review
medication.glucose_lowering.read_v2_drug,medication,glucose_lowering,read_v2_drug,gp_scripts,read_2,exact,true,f273.,*PUR-IN MIX 15/85 vials 10mL,*PUR-IN MIX 15/85 vials 10mL,core,prescription_exposure,not applicable,read_v2_drugs_bnf,Mapped BNF code: 06.01.01.02,candidate_requires_pharmacology_review
medication.glucose_lowering.read_v2_drug,medication,glucose_lowering,read_v2_drug,gp_scripts,read_2,exact,true,f274.,PUR-IN MIX 15/85 cartridges 3mL,PUR-IN MIX 15/85 cartridges 3mL,core,prescription_exposure,not applicable,read_v2_drugs_bnf,Mapped BNF code: 06.01.01.02,candidate_requires_pharmacology_review
medication.glucose_lowering.read_v2_drug,medication,glucose_lowering,read_v2_drug,gp_scripts,read_2,exact,true,f275.,*PUR-IN MIX 25/75 vials 10mL,*PUR-IN MIX 25/75 vials 10mL,core,prescription_exposure,not applicable,read_v2_drugs_bnf,Mapped BNF code: 06.01.01.02,candidate_requires_pharmacology_review
medication.glucose_lowering.read_v2_drug,medication,glucose_lowering,read_v2_drug,gp_scripts,read_2,exact,true,f276.,PUR-IN MIX 25/75 cartridges 3mL,PUR-IN MIX 25/75 cartridges 3mL,core,prescription_exposure,not applicable,read_v2_drugs_bnf,Mapped BNF code: 06.01.01.02,candidate_requires_pharmacology_review
medication.glucose_lowering.read_v2_drug,medication,glucose_lowering,read_v2_drug,gp_scripts,read_2,exact,true,f277.,*PUR-IN MIX 50/50 vials 10mL,*PUR-IN MIX 50/50 vials 10mL,core,prescription_exposure,not applicable,read_v2_drugs_bnf,Mapped BNF code: 06.01.01.02,candidate_requires_pharmacology_review
medication.glucose_lowering.read_v2_drug,medication,glucose_lowering,read_v2_drug,gp_scripts,read_2,exact,true,f278.,PUR-IN MIX 50/50 cartridges 3mL,PUR-IN MIX 50/50 cartridges 3mL,core,prescription_exposure,not applicable,read_v2_drugs_bnf,Mapped BNF code: 06.01.01.02,candidate_requires_pharmacology_review
medication.glucose_lowering.read_v2_drug,medication,glucose_lowering,read_v2_drug,gp_scripts,read_2,exact,true,f279.,*HUMULIN M1 10/90 vials 10mL,*HUMULIN M1 10/90 vials 10mL,core,prescription_exposure,not applicable,read_v2_drugs_bnf,Mapped BNF code: 06.01.01.02,candidate_requires_pharmacology_review
medication.glucose_lowering.read_v2_drug,medication,glucose_lowering,read_v2_drug,gp_scripts,read_2,exact,true,f27A.,HUMAJECT M1 100iu/mL prefilled pen,HUMAJECT M1 100iu/mL prefilled pen,core,prescription_exposure,not applicable,read_v2_drugs_bnf,Mapped BNF code: 06.01.01.02,candidate_requires_pharmacology_review
medication.glucose_lowering.read_v2_drug,medication,glucose_lowering,read_v2_drug,gp_scripts,read_2,exact,true,f27B.,HUMAJECT M2 100iu/mL prefilled pen,HUMAJECT M2 100iu/mL prefilled pen,core,prescription_exposure,not applicable,read_v2_drugs_bnf,Mapped BNF code: 06.01.01.02,candidate_requires_pharmacology_review
medication.glucose_lowering.read_v2_drug,medication,glucose_lowering,read_v2_drug,gp_scripts,read_2,exact,true,f27C.,HUMAJECT M3 100iu/mL prefilled pen,HUMAJECT M3 100iu/mL prefilled pen,core,prescription_exposure,not applicable,read_v2_drugs_bnf,Mapped BNF code: 06.01.01.02,candidate_requires_pharmacology_review
medication.glucose_lowering.read_v2_drug,medication,glucose_lowering,read_v2_drug,gp_scripts,read_2,exact,true,f27D.,HUMAJECT M4 100iu/mL prefilled pen,HUMAJECT M4 100iu/mL prefilled pen,core,prescription_exposure,not applicable,read_v2_drugs_bnf,Mapped BNF code: 06.01.01.02,candidate_requires_pharmacology_review
medication.glucose_lowering.read_v2_drug,medication,glucose_lowering,read_v2_drug,gp_scripts,read_2,exact,true,f27E.,HUMAJECT M5 100iu/mL prefilled pen,HUMAJECT M5 100iu/mL prefilled pen,core,prescription_exposure,not applicable,read_v2_drugs_bnf,Mapped BNF code: 06.01.01.02,candidate_requires_pharmacology_review
medication.glucose_lowering.read_v2_drug,medication,glucose_lowering,read_v2_drug,gp_scripts,read_2,exact,true,f27F.,HUMULIN M4 40/60 cartridges 3mL,HUMULIN M4 40/60 cartridges 3mL,core,prescription_exposure,not applicable,read_v2_drugs_bnf,Mapped BNF code: 06.01.01.02,candidate_requires_pharmacology_review
medication.glucose_lowering.read_v2_drug,medication,glucose_lowering,read_v2_drug,gp_scripts,read_2,exact,true,f27G.,HUMULIN M5 50/50 cartridges 3mL,HUMULIN M5 50/50 cartridges 3mL,core,prescription_exposure,not applicable,read_v2_drugs_bnf,Mapped BNF code: 06.01.01.02,candidate_requires_pharmacology_review
medication.glucose_lowering.read_v2_drug,medication,glucose_lowering,read_v2_drug,gp_scripts,read_2,exact,true,f27H.,HUMAN MIXTARD 30 ge injection 10mL,HUMAN MIXTARD 30 ge injection 10mL,core,prescription_exposure,not applicable,read_v2_drugs_bnf,Mapped BNF code: 06.01.01.02,candidate_requires_pharmacology_review
medication.glucose_lowering.read_v2_drug,medication,glucose_lowering,read_v2_drug,gp_scripts,read_2,exact,true,f27I.,HYPURIN PORCINE BIPHASIC ISOPHANE 30/70 injection cartridge 3mL,HYPURIN PORCINE BIPHASIC ISOPHANE 30/70 injection cartridge 3mL,core,prescription_exposure,not applicable,read_v2_drugs_bnf,Mapped BNF code: 06.01.01.02,candidate_requires_pharmacology_review
medication.glucose_lowering.read_v2_drug,medication,glucose_lowering,read_v2_drug,gp_scripts,read_2,exact,true,f27J.,HUMAN MIXTARD 10 PENFILL cartridges 1.5mL,HUMAN MIXTARD 10 PENFILL cartridges 1.5mL,core,prescription_exposure,not applicable,read_v2_drugs_bnf,Mapped BNF code: 06.01.01.02,candidate_requires_pharmacology_review
medication.glucose_lowering.read_v2_drug,medication,glucose_lowering,read_v2_drug,gp_scripts,read_2,exact,true,f27K.,HUMAN MIXTARD 20 PENFILL cartridges 1.5mL,HUMAN MIXTARD 20 PENFILL cartridges 1.5mL,core,prescription_exposure,not applicable,read_v2_drugs_bnf,Mapped BNF code: 06.01.01.02,candidate_requires_pharmacology_review
medication.glucose_lowering.read_v2_drug,medication,glucose_lowering,read_v2_drug,gp_scripts,read_2,exact,true,f27L.,HUMAN MIXTARD 30 PENFILL cartridges 1.5mL,HUMAN MIXTARD 30 PENFILL cartridges 1.5mL,core,prescription_exposure,not applicable,read_v2_drugs_bnf,Mapped BNF code: 06.01.01.02,candidate_requires_pharmacology_review
medication.glucose_lowering.read_v2_drug,medication,glucose_lowering,read_v2_drug,gp_scripts,read_2,exact,true,f27M.,HUMAN MIXTARD 40 PENFILL cartridges 1.5mL,HUMAN MIXTARD 40 PENFILL cartridges 1.5mL,core,prescription_exposure,not applicable,read_v2_drugs_bnf,Mapped BNF code: 06.01.01.02,candidate_requires_pharmacology_review
medication.glucose_lowering.read_v2_drug,medication,glucose_lowering,read_v2_drug,gp_scripts,read_2,exact,true,f27N.,HUMAN MIXTARD 50 PENFILL cartridges 1.5mL,HUMAN MIXTARD 50 PENFILL cartridges 1.5mL,core,prescription_exposure,not applicable,read_v2_drugs_bnf,Mapped BNF code: 06.01.01.02,candidate_requires_pharmacology_review
medication.glucose_lowering.read_v2_drug,medication,glucose_lowering,read_v2_drug,gp_scripts,read_2,exact,true,f27O.,MIXTARD 30 INNOLET 100units/mL prefilled syringe 3mL,MIXTARD 30 INNOLET 100units/mL prefilled syringe 3mL,core,prescription_exposure,not applicable,read_v2_drugs_bnf,Mapped BNF code: 06.01.01.02,candidate_requires_pharmacology_review
medication.glucose_lowering.read_v2_drug,medication,glucose_lowering,read_v2_drug,gp_scripts,read_2,exact,true,f27P.,HUMAN MIXTARD 10 prefilled pen,HUMAN MIXTARD 10 prefilled pen,core,prescription_exposure,not applicable,read_v2_drugs_bnf,Mapped BNF code: 06.01.01.02,candidate_requires_pharmacology_review
medication.glucose_lowering.read_v2_drug,medication,glucose_lowering,read_v2_drug,gp_scripts,read_2,exact,true,f27Q.,HUMAN MIXTARD 20 prefilled pen,HUMAN MIXTARD 20 prefilled pen,core,prescription_exposure,not applicable,read_v2_drugs_bnf,Mapped BNF code: 06.01.01.02,candidate_requires_pharmacology_review
medication.glucose_lowering.read_v2_drug,medication,glucose_lowering,read_v2_drug,gp_scripts,read_2,exact,true,f27R.,HUMAN MIXTARD 30 prefilled pen,HUMAN MIXTARD 30 prefilled pen,core,prescription_exposure,not applicable,read_v2_drugs_bnf,Mapped BNF code: 06.01.01.02,candidate_requires_pharmacology_review
medication.glucose_lowering.read_v2_drug,medication,glucose_lowering,read_v2_drug,gp_scripts,read_2,exact,true,f27S.,HUMAN MIXTARD 40 prefilled pen,HUMAN MIXTARD 40 prefilled pen,core,prescription_exposure,not applicable,read_v2_drugs_bnf,Mapped BNF code: 06.01.01.02,candidate_requires_pharmacology_review
medication.glucose_lowering.read_v2_drug,medication,glucose_lowering,read_v2_drug,gp_scripts,read_2,exact,true,f27T.,HUMAN MIXTARD 50 prefilled pen,HUMAN MIXTARD 50 prefilled pen,core,prescription_exposure,not applicable,read_v2_drugs_bnf,Mapped BNF code: 06.01.01.02,candidate_requires_pharmacology_review
medication.glucose_lowering.read_v2_drug,medication,glucose_lowering,read_v2_drug,gp_scripts,read_2,exact,true,f27V.,PORK MIXTARD 30 100units/mL injection 10mL,PORK MIXTARD 30 100units/mL injection 10mL,core,prescription_exposure,not applicable,read_v2_drugs_bnf,Mapped BNF code: 06.01.01.02,candidate_requires_pharmacology_review
medication.glucose_lowering.read_v2_drug,medication,glucose_lowering,read_v2_drug,gp_scripts,read_2,exact,true,f27W.,*HUMAN MIXTARD 50 vials 10mL,*HUMAN MIXTARD 50 vials 10mL,core,prescription_exposure,not applicable,read_v2_drugs_bnf,Mapped BNF code: 06.01.01.02,candidate_requires_pharmacology_review
medication.glucose_lowering.read_v2_drug,medication,glucose_lowering,read_v2_drug,gp_scripts,read_2,exact,true,f27X.,HYPURIN PORCINE BIPHASIC ISOPHANE 30/70 injection 10mL,HYPURIN PORCINE BIPHASIC ISOPHANE 30/70 injection 10mL,core,prescription_exposure,not applicable,read_v2_drugs_bnf,Mapped BNF code: 06.01.01.02,candidate_requires_pharmacology_review
medication.glucose_lowering.read_v2_drug,medication,glucose_lowering,read_v2_drug,gp_scripts,read_2,exact,true,f27Y.,HYPURIN PORCINE BIPHASIC ISOPHANE 30/70 injection cartridge 1.5mL,HYPURIN PORCINE BIPHASIC ISOPHANE 30/70 injection cartridge 1.5mL,core,prescription_exposure,not applicable,read_v2_drugs_bnf,Mapped BNF code: 06.01.01.02,candidate_requires_pharmacology_review
medication.glucose_lowering.read_v2_drug,medication,glucose_lowering,read_v2_drug,gp_scripts,read_2,exact,true,f27Z.,INSUMAN COMB 25 100iu/mL injection vials 5mL,INSUMAN COMB 25 100iu/mL injection vials 5mL,core,prescription_exposure,not applicable,read_v2_drugs_bnf,Mapped BNF code: 06.01.01.02,candidate_requires_pharmacology_review
medication.glucose_lowering.read_v2_drug,medication,glucose_lowering,read_v2_drug,gp_scripts,read_2,exact,true,f27a.,HUMULIN M1 10/90 cartridges 1.5mL,HUMULIN M1 10/90 cartridges 1.5mL,core,prescription_exposure,not applicable,read_v2_drugs_bnf,Mapped BNF code: 06.01.01.02,candidate_requires_pharmacology_review
medication.glucose_lowering.read_v2_drug,medication,glucose_lowering,read_v2_drug,gp_scripts,read_2,exact,true,f27b.,*HUMULIN M2 20/80 vials 10mL,*HUMULIN M2 20/80 vials 10mL,core,prescription_exposure,not applicable,read_v2_drugs_bnf,Mapped BNF code: 06.01.01.02,candidate_requires_pharmacology_review
medication.glucose_lowering.read_v2_drug,medication,glucose_lowering,read_v2_drug,gp_scripts,read_2,exact,true,f27c.,HUMULIN M2 20/80 cartridges 1.5mL,HUMULIN M2 20/80 cartridges 1.5mL,core,prescription_exposure,not applicable,read_v2_drugs_bnf,Mapped BNF code: 06.01.01.02,candidate_requires_pharmacology_review
medication.glucose_lowering.read_v2_drug,medication,glucose_lowering,read_v2_drug,gp_scripts,read_2,exact,true,f27d.,HUMULIN M3 30/70 vials 10mL,HUMULIN M3 30/70 vials 10mL,core,prescription_exposure,not applicable,read_v2_drugs_bnf,Mapped BNF code: 06.01.01.02,candidate_requires_pharmacology_review
medication.glucose_lowering.read_v2_drug,medication,glucose_lowering,read_v2_drug,gp_scripts,read_2,exact,true,f27e.,HUMULIN M3 30/70 cartridges 1.5mL,HUMULIN M3 30/70 cartridges 1.5mL,core,prescription_exposure,not applicable,read_v2_drugs_bnf,Mapped BNF code: 06.01.01.02,candidate_requires_pharmacology_review
medication.glucose_lowering.read_v2_drug,medication,glucose_lowering,read_v2_drug,gp_scripts,read_2,exact,true,f27f.,*HUMULIN M4 40/60 vials 10mL,*HUMULIN M4 40/60 vials 10mL,core,prescription_exposure,not applicable,read_v2_drugs_bnf,Mapped BNF code: 06.01.01.02,candidate_requires_pharmacology_review
medication.glucose_lowering.read_v2_drug,medication,glucose_lowering,read_v2_drug,gp_scripts,read_2,exact,true,f27g.,HUMULIN M4 40/60 cartridges 1.5mL,HUMULIN M4 40/60 cartridges 1.5mL,core,prescription_exposure,not applicable,read_v2_drugs_bnf,Mapped BNF code: 06.01.01.02,candidate_requires_pharmacology_review
medication.glucose_lowering.read_v2_drug,medication,glucose_lowering,read_v2_drug,gp_scripts,read_2,exact,true,f27h.,*INITARD 50/50 injection 10mL,*INITARD 50/50 injection 10mL,core,prescription_exposure,not applicable,read_v2_drugs_bnf,Mapped BNF code: 06.01.01.02,candidate_requires_pharmacology_review
medication.glucose_lowering.read_v2_drug,medication,glucose_lowering,read_v2_drug,gp_scripts,read_2,exact,true,f27i.,HUMAN ACTRAPHANE 30/70 injection 10mL,HUMAN ACTRAPHANE 30/70 injection 10mL,core,prescription_exposure,not applicable,read_v2_drugs_bnf,Mapped BNF code: 06.01.01.02,candidate_requires_pharmacology_review
medication.glucose_lowering.read_v2_drug,medication,glucose_lowering,read_v2_drug,gp_scripts,read_2,exact,true,f27j.,HUMAN MIXTARD 30/70 injection 10mL,HUMAN MIXTARD 30/70 injection 10mL,core,prescription_exposure,not applicable,read_v2_drugs_bnf,Mapped BNF code: 06.01.01.02,candidate_requires_pharmacology_review
medication.glucose_lowering.read_v2_drug,medication,glucose_lowering,read_v2_drug,gp_scripts,read_2,exact,true,f27k.,HUMAN INITARD 50/50 injection 10mL,HUMAN INITARD 50/50 injection 10mL,core,prescription_exposure,not applicable,read_v2_drugs_bnf,Mapped BNF code: 06.01.01.02,candidate_requires_pharmacology_review
medication.glucose_lowering.read_v2_drug,medication,glucose_lowering,read_v2_drug,gp_scripts,read_2,exact,true,f27l.,*PENMIX 10/90 cartridges 1.5mL,*PENMIX 10/90 cartridges 1.5mL,core,prescription_exposure,not applicable,read_v2_drugs_bnf,Mapped BNF code: 06.01.01.02,candidate_requires_pharmacology_review
medication.glucose_lowering.read_v2_drug,medication,glucose_lowering,read_v2_drug,gp_scripts,read_2,exact,true,f27m.,*PENMIX 20/80 cartridges 1.5mL,*PENMIX 20/80 cartridges 1.5mL,core,prescription_exposure,not applicable,read_v2_drugs_bnf,Mapped BNF code: 06.01.01.02,candidate_requires_pharmacology_review
medication.glucose_lowering.read_v2_drug,medication,glucose_lowering,read_v2_drug,gp_scripts,read_2,exact,true,f27n.,*PENMIX 40/60 cartridges 1.5mL,*PENMIX 40/60 cartridges 1.5mL,core,prescription_exposure,not applicable,read_v2_drugs_bnf,Mapped BNF code: 06.01.01.02,candidate_requires_pharmacology_review
medication.glucose_lowering.read_v2_drug,medication,glucose_lowering,read_v2_drug,gp_scripts,read_2,exact,true,f27o.,*PENMIX 50/50 cartridges 1.5mL,*PENMIX 50/50 cartridges 1.5mL,core,prescription_exposure,not applicable,read_v2_drugs_bnf,Mapped BNF code: 06.01.01.02,candidate_requires_pharmacology_review
medication.glucose_lowering.read_v2_drug,medication,glucose_lowering,read_v2_drug,gp_scripts,read_2,exact,true,f27p.,PENMIX 30/70 preloaded injection pen,PENMIX 30/70 preloaded injection pen,core,prescription_exposure,not applicable,read_v2_drugs_bnf,Mapped BNF code: 06.01.01.02,candidate_requires_pharmacology_review
medication.glucose_lowering.read_v2_drug,medication,glucose_lowering,read_v2_drug,gp_scripts,read_2,exact,true,f27q.,PENMIX 10/90 preloaded injection pen,PENMIX 10/90 preloaded injection pen,core,prescription_exposure,not applicable,read_v2_drugs_bnf,Mapped BNF code: 06.01.01.02,candidate_requires_pharmacology_review
medication.glucose_lowering.read_v2_drug,medication,glucose_lowering,read_v2_drug,gp_scripts,read_2,exact,true,f27r.,PENMIX 20/80 preloaded injection pen,PENMIX 20/80 preloaded injection pen,core,prescription_exposure,not applicable,read_v2_drugs_bnf,Mapped BNF code: 06.01.01.02,candidate_requires_pharmacology_review
medication.glucose_lowering.read_v2_drug,medication,glucose_lowering,read_v2_drug,gp_scripts,read_2,exact,true,f27s.,PENMIX 40/60 preloaded injection pen,PENMIX 40/60 preloaded injection pen,core,prescription_exposure,not applicable,read_v2_drugs_bnf,Mapped BNF code: 06.01.01.02,candidate_requires_pharmacology_review
medication.glucose_lowering.read_v2_drug,medication,glucose_lowering,read_v2_drug,gp_scripts,read_2,exact,true,f27t.,PENMIX 50/50 preloaded injection pen,PENMIX 50/50 preloaded injection pen,core,prescription_exposure,not applicable,read_v2_drugs_bnf,Mapped BNF code: 06.01.01.02,candidate_requires_pharmacology_review
medication.glucose_lowering.read_v2_drug,medication,glucose_lowering,read_v2_drug,gp_scripts,read_2,exact,true,f27u.,*HUMULIN M5 50/50 vials 10mL,*HUMULIN M5 50/50 vials 10mL,core,prescription_exposure,not applicable,read_v2_drugs_bnf,Mapped BNF code: 06.01.01.02,candidate_requires_pharmacology_review
medication.glucose_lowering.read_v2_drug,medication,glucose_lowering,read_v2_drug,gp_scripts,read_2,exact,true,f27v.,HUMULIN M5 50/50 cartridges 1.5mL,HUMULIN M5 50/50 cartridges 1.5mL,core,prescription_exposure,not applicable,read_v2_drugs_bnf,Mapped BNF code: 06.01.01.02,candidate_requires_pharmacology_review
medication.glucose_lowering.read_v2_drug,medication,glucose_lowering,read_v2_drug,gp_scripts,read_2,exact,true,f27w.,HUMULIN M1 10/90 cartridges 3mL,HUMULIN M1 10/90 cartridges 3mL,core,prescription_exposure,not applicable,read_v2_drugs_bnf,Mapped BNF code: 06.01.01.02,candidate_requires_pharmacology_review
medication.glucose_lowering.read_v2_drug,medication,glucose_lowering,read_v2_drug,gp_scripts,read_2,exact,true,f27x.,HUMULIN M2 20/80 cartridges 3mL,HUMULIN M2 20/80 cartridges 3mL,core,prescription_exposure,not applicable,read_v2_drugs_bnf,Mapped BNF code: 06.01.01.02,candidate_requires_pharmacology_review
medication.glucose_lowering.read_v2_drug,medication,glucose_lowering,read_v2_drug,gp_scripts,read_2,exact,true,f27y.,INSUMAN COMB 25 100iu/mL injection cartridge 3mL,INSUMAN COMB 25 100iu/mL injection cartridge 3mL,core,prescription_exposure,not applicable,read_v2_drugs_bnf,Mapped BNF code: 06.01.01.02,candidate_requires_pharmacology_review
medication.glucose_lowering.read_v2_drug,medication,glucose_lowering,read_v2_drug,gp_scripts,read_2,exact,true,f27z.,HUMULIN M3 30/70 cartridges 3mL,HUMULIN M3 30/70 cartridges 3mL,core,prescription_exposure,not applicable,read_v2_drugs_bnf,Mapped BNF code: 06.01.01.02,candidate_requires_pharmacology_review
medication.glucose_lowering.read_v2_drug,medication,glucose_lowering,read_v2_drug,gp_scripts,read_2,exact,true,f28..,BIPHASIC ISOPHANE INSULIN 2,BIPHASIC ISOPHANE INSULIN 2,core,prescription_exposure,not applicable,read_v2_drugs_bnf,Mapped BNF code: 06.01.01.02,candidate_requires_pharmacology_review
medication.glucose_lowering.read_v2_drug,medication,glucose_lowering,read_v2_drug,gp_scripts,read_2,exact,true,f281.,MIXTARD 10 (HUMAN) PENFILL cartridges 3mL,MIXTARD 10 (HUMAN) PENFILL cartridges 3mL,core,prescription_exposure,not applicable,read_v2_drugs_bnf,Mapped BNF code: 06.01.01.02,candidate_requires_pharmacology_review
medication.glucose_lowering.read_v2_drug,medication,glucose_lowering,read_v2_drug,gp_scripts,read_2,exact,true,f282.,MIXTARD 20 (HUMAN) PENFILL cartridges 3mL,MIXTARD 20 (HUMAN) PENFILL cartridges 3mL,core,prescription_exposure,not applicable,read_v2_drugs_bnf,Mapped BNF code: 06.01.01.02,candidate_requires_pharmacology_review
medication.glucose_lowering.read_v2_drug,medication,glucose_lowering,read_v2_drug,gp_scripts,read_2,exact,true,f283.,MIXTARD 30 (HUMAN) PENFILL cartridges 3mL,MIXTARD 30 (HUMAN) PENFILL cartridges 3mL,core,prescription_exposure,not applicable,read_v2_drugs_bnf,Mapped BNF code: 06.01.01.02,candidate_requires_pharmacology_review
medication.glucose_lowering.read_v2_drug,medication,glucose_lowering,read_v2_drug,gp_scripts,read_2,exact,true,f284.,MIXTARD 40 (HUMAN) PENFILL cartridges 3mL,MIXTARD 40 (HUMAN) PENFILL cartridges 3mL,core,prescription_exposure,not applicable,read_v2_drugs_bnf,Mapped BNF code: 06.01.01.02,candidate_requires_pharmacology_review
medication.glucose_lowering.read_v2_drug,medication,glucose_lowering,read_v2_drug,gp_scripts,read_2,exact,true,f285.,MIXTARD 50 (HUMAN) PENFILL cartridges 3mL,MIXTARD 50 (HUMAN) PENFILL cartridges 3mL,core,prescription_exposure,not applicable,read_v2_drugs_bnf,Mapped BNF code: 06.01.01.02,candidate_requires_pharmacology_review
medication.glucose_lowering.read_v2_drug,medication,glucose_lowering,read_v2_drug,gp_scripts,read_2,exact,true,f286.,INSUMAN COMB 15 100iu/mL injection cartridge 3mL,INSUMAN COMB 15 100iu/mL injection cartridge 3mL,core,prescription_exposure,not applicable,read_v2_drugs_bnf,Mapped BNF code: 06.01.01.02,candidate_requires_pharmacology_review
medication.glucose_lowering.read_v2_drug,medication,glucose_lowering,read_v2_drug,gp_scripts,read_2,exact,true,f287.,INSUMAN COMB 50 100iu/mL injection vials 5mL,INSUMAN COMB 50 100iu/mL injection vials 5mL,core,prescription_exposure,not applicable,read_v2_drugs_bnf,Mapped BNF code: 06.01.01.02,candidate_requires_pharmacology_review
medication.glucose_lowering.read_v2_drug,medication,glucose_lowering,read_v2_drug,gp_scripts,read_2,exact,true,f288.,INSUMAN COMB 15 OPTISET 100iu/mL prefilled pen 3mL,INSUMAN COMB 15 OPTISET 100iu/mL prefilled pen 3mL,core,prescription_exposure,not applicable,read_v2_drugs_bnf,Mapped BNF code: 06.01.01.02,candidate_requires_pharmacology_review
medication.glucose_lowering.read_v2_drug,medication,glucose_lowering,read_v2_drug,gp_scripts,read_2,exact,true,f289.,INSUMAN COMB 25 OPTISET 100iu/mL prefilled pen 3mL,INSUMAN COMB 25 OPTISET 100iu/mL prefilled pen 3mL,core,prescription_exposure,not applicable,read_v2_drugs_bnf,Mapped BNF code: 06.01.01.02,candidate_requires_pharmacology_review
medication.glucose_lowering.read_v2_drug,medication,glucose_lowering,read_v2_drug,gp_scripts,read_2,exact,true,f28A.,INSUMAN COMB 50 OPTISET 100iu/mL prefilled pen 3mL,INSUMAN COMB 50 OPTISET 100iu/mL prefilled pen 3mL,core,prescription_exposure,not applicable,read_v2_drugs_bnf,Mapped BNF code: 06.01.01.02,candidate_requires_pharmacology_review
medication.glucose_lowering.read_v2_drug,medication,glucose_lowering,read_v2_drug,gp_scripts,read_2,exact,true,f28B.,INSUMAN COMB 15 100iu/mL injection vials 5mL,INSUMAN COMB 15 100iu/mL injection vials 5mL,core,prescription_exposure,not applicable,read_v2_drugs_bnf,Mapped BNF code: 06.01.01.02,candidate_requires_pharmacology_review
medication.glucose_lowering.read_v2_drug,medication,glucose_lowering,read_v2_drug,gp_scripts,read_2,exact,true,f28C.,INSUMAN COMB 50 100iu/mL injection cartridge 3mL,INSUMAN COMB 50 100iu/mL injection cartridge 3mL,core,prescription_exposure,not applicable,read_v2_drugs_bnf,Mapped BNF code: 06.01.01.02,candidate_requires_pharmacology_review
medication.glucose_lowering.read_v2_drug,medication,glucose_lowering,read_v2_drug,gp_scripts,read_2,exact,true,f28D.,HUMULIN M3 100iu/mL prefilled pen 3mL,HUMULIN M3 100iu/mL prefilled pen 3mL,core,prescription_exposure,not applicable,read_v2_drugs_bnf,Mapped BNF code: 06.01.01.02,candidate_requires_pharmacology_review
medication.glucose_lowering.read_v2_drug,medication,glucose_lowering,read_v2_drug,gp_scripts,read_2,exact,true,f28E.,HUMULIN M3 KWIKPEN 100iu/mL prefilled pen 3mL,HUMULIN M3 KWIKPEN 100iu/mL prefilled pen 3mL,core,prescription_exposure,not applicable,read_v2_drugs_bnf,Mapped BNF code: 06.01.01.02,candidate_requires_pharmacology_review
medication.glucose_lowering.read_v2_drug,medication,glucose_lowering,read_v2_drug,gp_scripts,read_2,exact,true,f28F.,INSUMAN COMB 25 SOLOSTAR 100iu/mL prefilled pen 3mL,INSUMAN COMB 25 SOLOSTAR 100iu/mL prefilled pen 3mL,core,prescription_exposure,not applicable,read_v2_drugs_bnf,Mapped BNF code: 06.01.01.02,candidate_requires_pharmacology_review
medication.glucose_lowering.read_v2_drug,medication,glucose_lowering,read_v2_drug,gp_scripts,read_2,exact,true,f29..,INSULIN GLARGINE,INSULIN GLARGINE,core,prescription_exposure,not applicable,read_v2_drugs_bnf,Mapped BNF code: 06.01.01.02,candidate_requires_pharmacology_review
medication.glucose_lowering.read_v2_drug,medication,glucose_lowering,read_v2_drug,gp_scripts,read_2,exact,true,f291.,INSULIN GLARGINE 100iu/mL injection cartridges,INSULIN GLARGINE 100iu/mL injection cartridges,core,prescription_exposure,not applicable,read_v2_drugs_bnf,Mapped BNF code: 06.01.01.02,candidate_requires_pharmacology_review
medication.glucose_lowering.read_v2_drug,medication,glucose_lowering,read_v2_drug,gp_scripts,read_2,exact,true,f292.,INSULIN GLARGINE 100iu/mL injection vials,INSULIN GLARGINE 100iu/mL injection vials,core,prescription_exposure,not applicable,read_v2_drugs_bnf,Mapped BNF code: 06.01.01.02,candidate_requires_pharmacology_review
medication.glucose_lowering.read_v2_drug,medication,glucose_lowering,read_v2_drug,gp_scripts,read_2,exact,true,f293.,INSULIN GLARGINE 100iu/mL prefilled pen,INSULIN GLARGINE 100iu/mL prefilled pen,core,prescription_exposure,not applicable,read_v2_drugs_bnf,Mapped BNF code: 06.01.01.02,candidate_requires_pharmacology_review
medication.glucose_lowering.read_v2_drug,medication,glucose_lowering,read_v2_drug,gp_scripts,read_2,exact,true,f294.,LANTUS 100iu/mL injection cartridges 3mL,LANTUS 100iu/mL injection cartridges 3mL,core,prescription_exposure,not applicable,read_v2_drugs_bnf,Mapped BNF code: 06.01.01.02,candidate_requires_pharmacology_review
medication.glucose_lowering.read_v2_drug,medication,glucose_lowering,read_v2_drug,gp_scripts,read_2,exact,true,f295.,LANTUS 100iu/mL injection vials 10mL,LANTUS 100iu/mL injection vials 10mL,core,prescription_exposure,not applicable,read_v2_drugs_bnf,Mapped BNF code: 06.01.01.02,candidate_requires_pharmacology_review
medication.glucose_lowering.read_v2_drug,medication,glucose_lowering,read_v2_drug,gp_scripts,read_2,exact,true,f296.,LANTUS 100iu/mL OptiSet prefilled pen 3mL,LANTUS 100iu/mL OptiSet prefilled pen 3mL,core,prescription_exposure,not applicable,read_v2_drugs_bnf,Mapped BNF code: 06.01.01.02,candidate_requires_pharmacology_review
medication.glucose_lowering.read_v2_drug,medication,glucose_lowering,read_v2_drug,gp_scripts,read_2,exact,true,f297.,LANTUS 100iu/mL OptiClik cartridges 3mL,LANTUS 100iu/mL OptiClik cartridges 3mL,core,prescription_exposure,not applicable,read_v2_drugs_bnf,Mapped BNF code: 06.01.01.02,candidate_requires_pharmacology_review
medication.glucose_lowering.read_v2_drug,medication,glucose_lowering,read_v2_drug,gp_scripts,read_2,exact,true,f298.,LANTUS 100iu/mL SoloStar prefilled pen 3mL,LANTUS 100iu/mL SoloStar prefilled pen 3mL,core,prescription_exposure,not applicable,read_v2_drugs_bnf,Mapped BNF code: 06.01.01.02,candidate_requires_pharmacology_review
medication.glucose_lowering.read_v2_drug,medication,glucose_lowering,read_v2_drug,gp_scripts,read_2,exact,true,f299.,TOUJEO 300iu/mL SoloStar prefilled pen 1.5mL,TOUJEO 300iu/mL SoloStar prefilled pen 1.5mL,core,prescription_exposure,not applicable,read_v2_drugs_bnf,Mapped BNF code: 06.01.01.02,candidate_requires_pharmacology_review
medication.glucose_lowering.read_v2_drug,medication,glucose_lowering,read_v2_drug,gp_scripts,read_2,exact,true,f29A.,INSULIN GLARGINE 300iu/mL prefilled pen,INSULIN GLARGINE 300iu/mL prefilled pen,core,prescription_exposure,not applicable,read_v2_drugs_bnf,Mapped BNF code: 06.01.01.02,candidate_requires_pharmacology_review
medication.glucose_lowering.read_v2_drug,medication,glucose_lowering,read_v2_drug,gp_scripts,read_2,exact,true,f29B.,ABASAGLAR 100iu/mL solution for injection cartridges 3mL,ABASAGLAR 100iu/mL solution for injection cartridges 3mL,core,prescription_exposure,not applicable,read_v2_drugs_bnf,Mapped BNF code: 06.01.01.02,candidate_requires_pharmacology_review
medication.glucose_lowering.read_v2_drug,medication,glucose_lowering,read_v2_drug,gp_scripts,read_2,exact,true,f29C.,ABASAGLAR KWIKPEN 100iu/mL soln for inj prefilled pen 3mL,ABASAGLAR KWIKPEN 100iu/mL soln for inj prefilled pen 3mL,core,prescription_exposure,not applicable,read_v2_drugs_bnf,Mapped BNF code: 06.01.01.02,candidate_requires_pharmacology_review
medication.glucose_lowering.read_v2_drug,medication,glucose_lowering,read_v2_drug,gp_scripts,read_2,exact,true,f2A..,INSULIN DETEMIR,INSULIN DETEMIR,core,prescription_exposure,not applicable,read_v2_drugs_bnf,Mapped BNF code: 06.01.01.02,candidate_requires_pharmacology_review
medication.glucose_lowering.read_v2_drug,medication,glucose_lowering,read_v2_drug,gp_scripts,read_2,exact,true,f2A1.,LEVEMIR PENFILL 100iu/mL injection cartridges 3mL,LEVEMIR PENFILL 100iu/mL injection cartridges 3mL,core,prescription_exposure,not applicable,read_v2_drugs_bnf,Mapped BNF code: 06.01.01.02,candidate_requires_pharmacology_review
medication.glucose_lowering.read_v2_drug,medication,glucose_lowering,read_v2_drug,gp_scripts,read_2,exact,true,f2A2.,LEVEMIR FLEXPEN 100iu/mL prefilled pen 3mL,LEVEMIR FLEXPEN 100iu/mL prefilled pen 3mL,core,prescription_exposure,not applicable,read_v2_drugs_bnf,Mapped BNF code: 06.01.01.02,candidate_requires_pharmacology_review
medication.glucose_lowering.read_v2_drug,medication,glucose_lowering,read_v2_drug,gp_scripts,read_2,exact,true,f2A3.,LEVEMIR INNOLET 100iu/mL prefilled syringe 3mL,LEVEMIR INNOLET 100iu/mL prefilled syringe 3mL,core,prescription_exposure,not applicable,read_v2_drugs_bnf,Mapped BNF code: 06.01.01.02,candidate_requires_pharmacology_review
medication.glucose_lowering.read_v2_drug,medication,glucose_lowering,read_v2_drug,gp_scripts,read_2,exact,true,f2Ax.,INSULIN DETEMIR 100iu/mL prefilled syringe,INSULIN DETEMIR 100iu/mL prefilled syringe,core,prescription_exposure,not applicable,read_v2_drugs_bnf,Mapped BNF code: 06.01.01.02,candidate_requires_pharmacology_review
medication.glucose_lowering.read_v2_drug,medication,glucose_lowering,read_v2_drug,gp_scripts,read_2,exact,true,f2Ay.,INSULIN DETEMIR 100iu/mL prefilled pen,INSULIN DETEMIR 100iu/mL prefilled pen,core,prescription_exposure,not applicable,read_v2_drugs_bnf,Mapped BNF code: 06.01.01.02,candidate_requires_pharmacology_review
medication.glucose_lowering.read_v2_drug,medication,glucose_lowering,read_v2_drug,gp_scripts,read_2,exact,true,f2Az.,INSULIN DETEMIR 100iu/mL injection cartridges,INSULIN DETEMIR 100iu/mL injection cartridges,core,prescription_exposure,not applicable,read_v2_drugs_bnf,Mapped BNF code: 06.01.01.02,candidate_requires_pharmacology_review
medication.glucose_lowering.read_v2_drug,medication,glucose_lowering,read_v2_drug,gp_scripts,read_2,exact,true,f2B..,INSULIN DEGLUDEC,INSULIN DEGLUDEC,core,prescription_exposure,not applicable,read_v2_drugs_bnf,Mapped BNF code: 06.01.01.02,candidate_requires_pharmacology_review
medication.glucose_lowering.read_v2_drug,medication,glucose_lowering,read_v2_drug,gp_scripts,read_2,exact,true,f2B1.,TRESIBA FLEXTOUCH 100iu/mL prefilled pen 3mL,TRESIBA FLEXTOUCH 100iu/mL prefilled pen 3mL,core,prescription_exposure,not applicable,read_v2_drugs_bnf,Mapped BNF code: 06.01.01.02,candidate_requires_pharmacology_review
medication.glucose_lowering.read_v2_drug,medication,glucose_lowering,read_v2_drug,gp_scripts,read_2,exact,true,f2B2.,INSULIN DEGLUDEC 100iu/mL prefilled pen,INSULIN DEGLUDEC 100iu/mL prefilled pen,core,prescription_exposure,not applicable,read_v2_drugs_bnf,Mapped BNF code: 06.01.01.02,candidate_requires_pharmacology_review
medication.glucose_lowering.read_v2_drug,medication,glucose_lowering,read_v2_drug,gp_scripts,read_2,exact,true,f2B3.,TRESIBA FLEXTOUCH 200iu/mL prefilled pen 3mL,TRESIBA FLEXTOUCH 200iu/mL prefilled pen 3mL,core,prescription_exposure,not applicable,read_v2_drugs_bnf,Mapped BNF code: 06.01.01.02,candidate_requires_pharmacology_review
medication.glucose_lowering.read_v2_drug,medication,glucose_lowering,read_v2_drug,gp_scripts,read_2,exact,true,f2B4.,INSULIN DEGLUDEC 200iu/mL prefilled pen,INSULIN DEGLUDEC 200iu/mL prefilled pen,core,prescription_exposure,not applicable,read_v2_drugs_bnf,Mapped BNF code: 06.01.01.02,candidate_requires_pharmacology_review
medication.glucose_lowering.read_v2_drug,medication,glucose_lowering,read_v2_drug,gp_scripts,read_2,exact,true,f2B5.,TRESIBA PENFILL 100iu/mL injection cartridges,TRESIBA PENFILL 100iu/mL injection cartridges,core,prescription_exposure,not applicable,read_v2_drugs_bnf,Mapped BNF code: 06.01.01.02,candidate_requires_pharmacology_review
medication.glucose_lowering.read_v2_drug,medication,glucose_lowering,read_v2_drug,gp_scripts,read_2,exact,true,f2B6.,INSULIN DEGLUDEC 100iu/mL injection cartridges,INSULIN DEGLUDEC 100iu/mL injection cartridges,core,prescription_exposure,not applicable,read_v2_drugs_bnf,Mapped BNF code: 06.01.01.02,candidate_requires_pharmacology_review
medication.glucose_lowering.read_v2_drug,medication,glucose_lowering,read_v2_drug,gp_scripts,read_2,exact,true,f2C..,INSULIN DEGLUDEC + LIRAGLUTIDE,INSULIN DEGLUDEC + LIRAGLUTIDE,core,prescription_exposure,not applicable,read_v2_drugs_bnf,Mapped BNF code: 06.01.02.03,candidate_requires_pharmacology_review
medication.glucose_lowering.read_v2_drug,medication,glucose_lowering,read_v2_drug,gp_scripts,read_2,exact,true,f2C1.,XULTOPHY 100iu/mL/3.6mg/mL soln for inj prefilled pen 3mL,XULTOPHY 100iu/mL/3.6mg/mL soln for inj prefilled pen 3mL,core,prescription_exposure,not applicable,read_v2_drugs_bnf,Mapped BNF code: 06.01.02.03,candidate_requires_pharmacology_review
medication.glucose_lowering.read_v2_drug,medication,glucose_lowering,read_v2_drug,gp_scripts,read_2,exact,true,f2C2.,INSULIN DEGLUDEC+LIRAGLUTIDE 100iu/mL/3.6mg/mL soln inj pen,INSULIN DEGLUDEC+LIRAGLUTIDE 100iu/mL/3.6mg/mL soln inj pen,core,prescription_exposure,not applicable,read_v2_drugs_bnf,Mapped BNF code: 06.01.02.03,candidate_requires_pharmacology_review
medication.glucose_lowering.read_v2_drug,medication,glucose_lowering,read_v2_drug,gp_scripts,read_2,exact,true,f3...,SULFONYLUREAS,SULFONYLUREAS,core,prescription_exposure,not applicable,read_v2_drugs_bnf,Mapped BNF code: 06.01.02.01,candidate_requires_pharmacology_review
medication.glucose_lowering.read_v2_drug,medication,glucose_lowering,read_v2_drug,gp_scripts,read_2,exact,true,f32..,CHLORPROPAMIDE,CHLORPROPAMIDE,core,prescription_exposure,not applicable,read_v2_drugs_bnf,Mapped BNF code: 06.01.02.01,candidate_requires_pharmacology_review
medication.glucose_lowering.read_v2_drug,medication,glucose_lowering,read_v2_drug,gp_scripts,read_2,exact,true,f321.,CHLORPROPAMIDE 100mg tablets,CHLORPROPAMIDE 100mg tablets,core,prescription_exposure,not applicable,read_v2_drugs_bnf,Mapped BNF code: 06.01.02.01,candidate_requires_pharmacology_review
medication.glucose_lowering.read_v2_drug,medication,glucose_lowering,read_v2_drug,gp_scripts,read_2,exact,true,f322.,CHLORPROPAMIDE 250mg tablets,CHLORPROPAMIDE 250mg tablets,core,prescription_exposure,not applicable,read_v2_drugs_bnf,Mapped BNF code: 06.01.02.01,candidate_requires_pharmacology_review
medication.glucose_lowering.read_v2_drug,medication,glucose_lowering,read_v2_drug,gp_scripts,read_2,exact,true,f323.,*DIABINESE 100mg tablets,*DIABINESE 100mg tablets,core,prescription_exposure,not applicable,read_v2_drugs_bnf,Mapped BNF code: 06.01.02.01,candidate_requires_pharmacology_review
medication.glucose_lowering.read_v2_drug,medication,glucose_lowering,read_v2_drug,gp_scripts,read_2,exact,true,f324.,*DIABINESE 250mg tablets,*DIABINESE 250mg tablets,core,prescription_exposure,not applicable,read_v2_drugs_bnf,Mapped BNF code: 06.01.02.01,candidate_requires_pharmacology_review
medication.glucose_lowering.read_v2_drug,medication,glucose_lowering,read_v2_drug,gp_scripts,read_2,exact,true,f325.,GLYMESE 250mg tablets,GLYMESE 250mg tablets,core,prescription_exposure,not applicable,read_v2_drugs_bnf,Mapped BNF code: 06.01.02.01,candidate_requires_pharmacology_review
medication.glucose_lowering.read_v2_drug,medication,glucose_lowering,read_v2_drug,gp_scripts,read_2,exact,true,f33..,GLIBENCLAMIDE,GLIBENCLAMIDE,core,prescription_exposure,not applicable,read_v2_drugs_bnf,Mapped BNF code: 06.01.02.01,candidate_requires_pharmacology_review
medication.glucose_lowering.read_v2_drug,medication,glucose_lowering,read_v2_drug,gp_scripts,read_2,exact,true,f331.,GLIBENCLAMIDE 2.5mg tablets,GLIBENCLAMIDE 2.5mg tablets,core,prescription_exposure,not applicable,read_v2_drugs_bnf,Mapped BNF code: 06.01.02.01,candidate_requires_pharmacology_review
medication.glucose_lowering.read_v2_drug,medication,glucose_lowering,read_v2_drug,gp_scripts,read_2,exact,true,f332.,GLIBENCLAMIDE 5mg tablets,GLIBENCLAMIDE 5mg tablets,core,prescription_exposure,not applicable,read_v2_drugs_bnf,Mapped BNF code: 06.01.02.01,candidate_requires_pharmacology_review
medication.glucose_lowering.read_v2_drug,medication,glucose_lowering,read_v2_drug,gp_scripts,read_2,exact,true,f333.,*DAONIL 5mg tablets,*DAONIL 5mg tablets,core,prescription_exposure,not applicable,read_v2_drugs_bnf,Mapped BNF code: 06.01.02.01,candidate_requires_pharmacology_review
medication.glucose_lowering.read_v2_drug,medication,glucose_lowering,read_v2_drug,gp_scripts,read_2,exact,true,f334.,*SEMI-DAONIL 2.5mg tablets,*SEMI-DAONIL 2.5mg tablets,core,prescription_exposure,not applicable,read_v2_drugs_bnf,Mapped BNF code: 06.01.02.01,candidate_requires_pharmacology_review
medication.glucose_lowering.read_v2_drug,medication,glucose_lowering,read_v2_drug,gp_scripts,read_2,exact,true,f335.,*EUGLUCON 2.5mg tablets,*EUGLUCON 2.5mg tablets,core,prescription_exposure,not applicable,read_v2_drugs_bnf,Mapped BNF code: 06.01.02.01,candidate_requires_pharmacology_review
medication.glucose_lowering.read_v2_drug,medication,glucose_lowering,read_v2_drug,gp_scripts,read_2,exact,true,f336.,*EUGLUCON 5mg tablets,*EUGLUCON 5mg tablets,core,prescription_exposure,not applicable,read_v2_drugs_bnf,Mapped BNF code: 06.01.02.01,candidate_requires_pharmacology_review
medication.glucose_lowering.read_v2_drug,medication,glucose_lowering,read_v2_drug,gp_scripts,read_2,exact,true,f337.,*LIBANIL 2.5mg tablets,*LIBANIL 2.5mg tablets,core,prescription_exposure,not applicable,read_v2_drugs_bnf,Mapped BNF code: 06.01.02.01,candidate_requires_pharmacology_review
medication.glucose_lowering.read_v2_drug,medication,glucose_lowering,read_v2_drug,gp_scripts,read_2,exact,true,f338.,*LIBANIL 5mg tablets,*LIBANIL 5mg tablets,core,prescription_exposure,not applicable,read_v2_drugs_bnf,Mapped BNF code: 06.01.02.01,candidate_requires_pharmacology_review
medication.glucose_lowering.read_v2_drug,medication,glucose_lowering,read_v2_drug,gp_scripts,read_2,exact,true,f339.,*MALIX 2.5mg tablets,*MALIX 2.5mg tablets,core,prescription_exposure,not applicable,read_v2_drugs_bnf,Mapped BNF code: 06.01.02.01,candidate_requires_pharmacology_review
medication.glucose_lowering.read_v2_drug,medication,glucose_lowering,read_v2_drug,gp_scripts,read_2,exact,true,f33a.,*MALIX 5mg tablets,*MALIX 5mg tablets,core,prescription_exposure,not applicable,read_v2_drugs_bnf,Mapped BNF code: 06.01.02.01,candidate_requires_pharmacology_review
medication.glucose_lowering.read_v2_drug,medication,glucose_lowering,read_v2_drug,gp_scripts,read_2,exact,true,f33b.,*DAONIL CP 5mg tablets,*DAONIL CP 5mg tablets,core,prescription_exposure,not applicable,read_v2_drugs_bnf,Mapped BNF code: 06.01.02.01,candidate_requires_pharmacology_review
medication.glucose_lowering.read_v2_drug,medication,glucose_lowering,read_v2_drug,gp_scripts,read_2,exact,true,f33c.,*SEMI-DAONIL CP 2.5mg tablets,*SEMI-DAONIL CP 2.5mg tablets,core,prescription_exposure,not applicable,read_v2_drugs_bnf,Mapped BNF code: 06.01.02.01,candidate_requires_pharmacology_review
medication.glucose_lowering.read_v2_drug,medication,glucose_lowering,read_v2_drug,gp_scripts,read_2,exact,true,f33d.,*DIABETAMIDE 2.5mg tablets,*DIABETAMIDE 2.5mg tablets,core,prescription_exposure,not applicable,read_v2_drugs_bnf,Mapped BNF code: 06.01.02.01,candidate_requires_pharmacology_review
medication.glucose_lowering.read_v2_drug,medication,glucose_lowering,read_v2_drug,gp_scripts,read_2,exact,true,f33e.,*DIABETAMIDE 5mg tablets,*DIABETAMIDE 5mg tablets,core,prescription_exposure,not applicable,read_v2_drugs_bnf,Mapped BNF code: 06.01.02.01,candidate_requires_pharmacology_review
medication.glucose_lowering.read_v2_drug,medication,glucose_lowering,read_v2_drug,gp_scripts,read_2,exact,true,f33f.,*CALABREN 2.5mg tablets,*CALABREN 2.5mg tablets,core,prescription_exposure,not applicable,read_v2_drugs_bnf,Mapped BNF code: 06.01.02.01,candidate_requires_pharmacology_review
medication.glucose_lowering.read_v2_drug,medication,glucose_lowering,read_v2_drug,gp_scripts,read_2,exact,true,f33g.,*CALABREN 5mg tablets,*CALABREN 5mg tablets,core,prescription_exposure,not applicable,read_v2_drugs_bnf,Mapped BNF code: 06.01.02.01,candidate_requires_pharmacology_review
medication.glucose_lowering.read_v2_drug,medication,glucose_lowering,read_v2_drug,gp_scripts,read_2,exact,true,f35..,GLICLAZIDE,GLICLAZIDE,core,prescription_exposure,not applicable,read_v2_drugs_bnf,Mapped BNF code: 06.01.02.01,candidate_requires_pharmacology_review
medication.glucose_lowering.read_v2_drug,medication,glucose_lowering,read_v2_drug,gp_scripts,read_2,exact,true,f351.,DIAMICRON 80mg tablets,DIAMICRON 80mg tablets,core,prescription_exposure,not applicable,read_v2_drugs_bnf,Mapped BNF code: 06.01.02.01,candidate_requires_pharmacology_review
medication.glucose_lowering.read_v2_drug,medication,glucose_lowering,read_v2_drug,gp_scripts,read_2,exact,true,f352.,DIAGLYK 80mg tablets,DIAGLYK 80mg tablets,core,prescription_exposure,not applicable,read_v2_drugs_bnf,Mapped BNF code: 06.01.02.01,candidate_requires_pharmacology_review
medication.glucose_lowering.read_v2_drug,medication,glucose_lowering,read_v2_drug,gp_scripts,read_2,exact,true,f353.,VIVAZIDE 80mg tablets,VIVAZIDE 80mg tablets,core,prescription_exposure,not applicable,read_v2_drugs_bnf,Mapped BNF code: 06.01.02.01,candidate_requires_pharmacology_review
medication.glucose_lowering.read_v2_drug,medication,glucose_lowering,read_v2_drug,gp_scripts,read_2,exact,true,f354.,DIAMICRON MR 30mg m/r tablets,DIAMICRON MR 30mg m/r tablets,core,prescription_exposure,not applicable,read_v2_drugs_bnf,Mapped BNF code: 06.01.02.01,candidate_requires_pharmacology_review
medication.glucose_lowering.read_v2_drug,medication,glucose_lowering,read_v2_drug,gp_scripts,read_2,exact,true,f355.,NAZDOL MR 30mg m/r tablets,NAZDOL MR 30mg m/r tablets,core,prescription_exposure,not applicable,read_v2_drugs_bnf,Mapped BNF code: 06.01.02.01,candidate_requires_pharmacology_review
medication.glucose_lowering.read_v2_drug,medication,glucose_lowering,read_v2_drug,gp_scripts,read_2,exact,true,f356.,EDICIL MR 30mg m/r tablets,EDICIL MR 30mg m/r tablets,core,prescription_exposure,not applicable,read_v2_drugs_bnf,Mapped BNF code: 06.01.02.01,candidate_requires_pharmacology_review
medication.glucose_lowering.read_v2_drug,medication,glucose_lowering,read_v2_drug,gp_scripts,read_2,exact,true,f357.,ZICRON 40mg tablets,ZICRON 40mg tablets,core,prescription_exposure,not applicable,read_v2_drugs_bnf,Mapped BNF code: 06.01.02.01,candidate_requires_pharmacology_review
medication.glucose_lowering.read_v2_drug,medication,glucose_lowering,read_v2_drug,gp_scripts,read_2,exact,true,f358.,VITILE XL 30mg m/r tablets,VITILE XL 30mg m/r tablets,core,prescription_exposure,not applicable,read_v2_drugs_bnf,Mapped BNF code: 06.01.02.01,candidate_requires_pharmacology_review
medication.glucose_lowering.read_v2_drug,medication,glucose_lowering,read_v2_drug,gp_scripts,read_2,exact,true,f359.,LAAGLYDA MR 60mg m/r tablets,LAAGLYDA MR 60mg m/r tablets,core,prescription_exposure,not applicable,read_v2_drugs_bnf,Mapped BNF code: 06.01.02.01,candidate_requires_pharmacology_review
medication.glucose_lowering.read_v2_drug,medication,glucose_lowering,read_v2_drug,gp_scripts,read_2,exact,true,f35A.,VAMJU 30mg m/r tablets,VAMJU 30mg m/r tablets,core,prescription_exposure,not applicable,read_v2_drugs_bnf,Mapped BNF code: 06.01.02.01,candidate_requires_pharmacology_review
medication.glucose_lowering.read_v2_drug,medication,glucose_lowering,read_v2_drug,gp_scripts,read_2,exact,true,f35B.,VAMJU 60mg m/r tablets,VAMJU 60mg m/r tablets,core,prescription_exposure,not applicable,read_v2_drugs_bnf,Mapped BNF code: 06.01.02.01,candidate_requires_pharmacology_review
medication.glucose_lowering.read_v2_drug,medication,glucose_lowering,read_v2_drug,gp_scripts,read_2,exact,true,f35C.,BILXONA 30mg m/r tablets,BILXONA 30mg m/r tablets,core,prescription_exposure,not applicable,read_v2_drugs_bnf,Mapped BNF code: 06.01.02.01,candidate_requires_pharmacology_review
medication.glucose_lowering.read_v2_drug,medication,glucose_lowering,read_v2_drug,gp_scripts,read_2,exact,true,f35D.,BILXONA 60mg m/r tablets,BILXONA 60mg m/r tablets,core,prescription_exposure,not applicable,read_v2_drugs_bnf,Mapped BNF code: 06.01.02.01,candidate_requires_pharmacology_review
medication.glucose_lowering.read_v2_drug,medication,glucose_lowering,read_v2_drug,gp_scripts,read_2,exact,true,f35w.,GLICLAZIDE 60mg m/r tablets,GLICLAZIDE 60mg m/r tablets,core,prescription_exposure,not applicable,read_v2_drugs_bnf,Mapped BNF code: 06.01.02.01,candidate_requires_pharmacology_review
medication.glucose_lowering.read_v2_drug,medication,glucose_lowering,read_v2_drug,gp_scripts,read_2,exact,true,f35x.,GLICLAZIDE 40mg tablets,GLICLAZIDE 40mg tablets,core,prescription_exposure,not applicable,read_v2_drugs_bnf,Mapped BNF code: 06.01.02.01,candidate_requires_pharmacology_review
medication.glucose_lowering.read_v2_drug,medication,glucose_lowering,read_v2_drug,gp_scripts,read_2,exact,true,f35y.,GLICLAZIDE 30mg m/r tablets,GLICLAZIDE 30mg m/r tablets,core,prescription_exposure,not applicable,read_v2_drugs_bnf,Mapped BNF code: 06.01.02.01,candidate_requires_pharmacology_review
medication.glucose_lowering.read_v2_drug,medication,glucose_lowering,read_v2_drug,gp_scripts,read_2,exact,true,f35z.,GLICLAZIDE 80mg tablets,GLICLAZIDE 80mg tablets,core,prescription_exposure,not applicable,read_v2_drugs_bnf,Mapped BNF code: 06.01.02.01,candidate_requires_pharmacology_review
medication.glucose_lowering.read_v2_drug,medication,glucose_lowering,read_v2_drug,gp_scripts,read_2,exact,true,f36..,GLIPIZIDE,GLIPIZIDE,core,prescription_exposure,not applicable,read_v2_drugs_bnf,Mapped BNF code: 06.01.02.01,candidate_requires_pharmacology_review
medication.glucose_lowering.read_v2_drug,medication,glucose_lowering,read_v2_drug,gp_scripts,read_2,exact,true,f361.,GLIPIZIDE 5mg tablets,GLIPIZIDE 5mg tablets,core,prescription_exposure,not applicable,read_v2_drugs_bnf,Mapped BNF code: 06.01.02.01,candidate_requires_pharmacology_review
medication.glucose_lowering.read_v2_drug,medication,glucose_lowering,read_v2_drug,gp_scripts,read_2,exact,true,f362.,*GLIBENESE 5mg tablets,*GLIBENESE 5mg tablets,core,prescription_exposure,not applicable,read_v2_drugs_bnf,Mapped BNF code: 06.01.02.01,candidate_requires_pharmacology_review
medication.glucose_lowering.read_v2_drug,medication,glucose_lowering,read_v2_drug,gp_scripts,read_2,exact,true,f363.,*MINODIAB 2.5mg tablets,*MINODIAB 2.5mg tablets,core,prescription_exposure,not applicable,read_v2_drugs_bnf,Mapped BNF code: 06.01.02.01,candidate_requires_pharmacology_review
medication.glucose_lowering.read_v2_drug,medication,glucose_lowering,read_v2_drug,gp_scripts,read_2,exact,true,f364.,MINODIAB 5mg tablets,MINODIAB 5mg tablets,core,prescription_exposure,not applicable,read_v2_drugs_bnf,Mapped BNF code: 06.01.02.01,candidate_requires_pharmacology_review
medication.glucose_lowering.read_v2_drug,medication,glucose_lowering,read_v2_drug,gp_scripts,read_2,exact,true,f36y.,*GLIPIZIDE 5mg tablets,*GLIPIZIDE 5mg tablets,core,prescription_exposure,not applicable,read_v2_drugs_bnf,Mapped BNF code: 06.01.02.01,candidate_requires_pharmacology_review
medication.glucose_lowering.read_v2_drug,medication,glucose_lowering,read_v2_drug,gp_scripts,read_2,exact,true,f36z.,GLIPIZIDE 2.5mg tablets,GLIPIZIDE 2.5mg tablets,core,prescription_exposure,not applicable,read_v2_drugs_bnf,Mapped BNF code: 06.01.02.01,candidate_requires_pharmacology_review
medication.glucose_lowering.read_v2_drug,medication,glucose_lowering,read_v2_drug,gp_scripts,read_2,exact,true,f37..,GLIQUIDONE,GLIQUIDONE,core,prescription_exposure,not applicable,read_v2_drugs_bnf,Mapped BNF code: 06.01.02.01,candidate_requires_pharmacology_review
medication.glucose_lowering.read_v2_drug,medication,glucose_lowering,read_v2_drug,gp_scripts,read_2,exact,true,f371.,*GLURENORM 30mg tablets,*GLURENORM 30mg tablets,core,prescription_exposure,not applicable,read_v2_drugs_bnf,Mapped BNF code: 06.01.02.01,candidate_requires_pharmacology_review
medication.glucose_lowering.read_v2_drug,medication,glucose_lowering,read_v2_drug,gp_scripts,read_2,exact,true,f37z.,*GLIQUIDONE 30mg tablets,*GLIQUIDONE 30mg tablets,core,prescription_exposure,not applicable,read_v2_drugs_bnf,Mapped BNF code: 06.01.02.01,candidate_requires_pharmacology_review
medication.glucose_lowering.read_v2_drug,medication,glucose_lowering,read_v2_drug,gp_scripts,read_2,exact,true,f39..,TOLAZAMIDE,TOLAZAMIDE,core,prescription_exposure,not applicable,read_v2_drugs_bnf,Mapped BNF code: 06.01.02.01,candidate_requires_pharmacology_review
medication.glucose_lowering.read_v2_drug,medication,glucose_lowering,read_v2_drug,gp_scripts,read_2,exact,true,f391.,TOLANASE 100mg tablets,TOLANASE 100mg tablets,core,prescription_exposure,not applicable,read_v2_drugs_bnf,Mapped BNF code: 06.01.02.01,candidate_requires_pharmacology_review
medication.glucose_lowering.read_v2_drug,medication,glucose_lowering,read_v2_drug,gp_scripts,read_2,exact,true,f392.,TOLANASE 250mg tablets,TOLANASE 250mg tablets,core,prescription_exposure,not applicable,read_v2_drugs_bnf,Mapped BNF code: 06.01.02.01,candidate_requires_pharmacology_review
medication.glucose_lowering.read_v2_drug,medication,glucose_lowering,read_v2_drug,gp_scripts,read_2,exact,true,f39y.,TOLAZAMIDE 100mg tablets,TOLAZAMIDE 100mg tablets,core,prescription_exposure,not applicable,read_v2_drugs_bnf,Mapped BNF code: 06.01.02.01,candidate_requires_pharmacology_review
medication.glucose_lowering.read_v2_drug,medication,glucose_lowering,read_v2_drug,gp_scripts,read_2,exact,true,f39z.,TOLAZAMIDE 250mg tablets,TOLAZAMIDE 250mg tablets,core,prescription_exposure,not applicable,read_v2_drugs_bnf,Mapped BNF code: 06.01.02.01,candidate_requires_pharmacology_review
medication.glucose_lowering.read_v2_drug,medication,glucose_lowering,read_v2_drug,gp_scripts,read_2,exact,true,f3A..,GLIMEPIRIDE,GLIMEPIRIDE,core,prescription_exposure,not applicable,read_v2_drugs_bnf,Mapped BNF code: 06.01.02.01,candidate_requires_pharmacology_review
medication.glucose_lowering.read_v2_drug,medication,glucose_lowering,read_v2_drug,gp_scripts,read_2,exact,true,f3A1.,GLIMEPIRIDE 2mg tablets,GLIMEPIRIDE 2mg tablets,core,prescription_exposure,not applicable,read_v2_drugs_bnf,Mapped BNF code: 06.01.02.01,candidate_requires_pharmacology_review
medication.glucose_lowering.read_v2_drug,medication,glucose_lowering,read_v2_drug,gp_scripts,read_2,exact,true,f3A2.,AMARYL 2mg tablets,AMARYL 2mg tablets,core,prescription_exposure,not applicable,read_v2_drugs_bnf,Mapped BNF code: 06.01.02.01,candidate_requires_pharmacology_review
medication.glucose_lowering.read_v2_drug,medication,glucose_lowering,read_v2_drug,gp_scripts,read_2,exact,true,f3A3.,GLIMEPIRIDE 1mg tablets,GLIMEPIRIDE 1mg tablets,core,prescription_exposure,not applicable,read_v2_drugs_bnf,Mapped BNF code: 06.01.02.01,candidate_requires_pharmacology_review
medication.glucose_lowering.read_v2_drug,medication,glucose_lowering,read_v2_drug,gp_scripts,read_2,exact,true,f3A4.,GLIMEPIRIDE 3mg tablets,GLIMEPIRIDE 3mg tablets,core,prescription_exposure,not applicable,read_v2_drugs_bnf,Mapped BNF code: 06.01.02.01,candidate_requires_pharmacology_review
medication.glucose_lowering.read_v2_drug,medication,glucose_lowering,read_v2_drug,gp_scripts,read_2,exact,true,f3A5.,GLIMEPIRIDE 4mg tablets,GLIMEPIRIDE 4mg tablets,core,prescription_exposure,not applicable,read_v2_drugs_bnf,Mapped BNF code: 06.01.02.01,candidate_requires_pharmacology_review
medication.glucose_lowering.read_v2_drug,medication,glucose_lowering,read_v2_drug,gp_scripts,read_2,exact,true,f3A6.,AMARYL 1mg tablets,AMARYL 1mg tablets,core,prescription_exposure,not applicable,read_v2_drugs_bnf,Mapped BNF code: 06.01.02.01,candidate_requires_pharmacology_review
medication.glucose_lowering.read_v2_drug,medication,glucose_lowering,read_v2_drug,gp_scripts,read_2,exact,true,f3A7.,AMARYL 3mg tablets,AMARYL 3mg tablets,core,prescription_exposure,not applicable,read_v2_drugs_bnf,Mapped BNF code: 06.01.02.01,candidate_requires_pharmacology_review
medication.glucose_lowering.read_v2_drug,medication,glucose_lowering,read_v2_drug,gp_scripts,read_2,exact,true,f3A8.,AMARYL 4mg tablets,AMARYL 4mg tablets,core,prescription_exposure,not applicable,read_v2_drugs_bnf,Mapped BNF code: 06.01.02.01,candidate_requires_pharmacology_review
medication.glucose_lowering.read_v2_drug,medication,glucose_lowering,read_v2_drug,gp_scripts,read_2,exact,true,f3A9.,NIDDARYL 1mg tablets,NIDDARYL 1mg tablets,core,prescription_exposure,not applicable,read_v2_drugs_bnf,Mapped BNF code: 06.01.02.01,candidate_requires_pharmacology_review
medication.glucose_lowering.read_v2_drug,medication,glucose_lowering,read_v2_drug,gp_scripts,read_2,exact,true,f3AA.,NIDDARYL 2mg tablets,NIDDARYL 2mg tablets,core,prescription_exposure,not applicable,read_v2_drugs_bnf,Mapped BNF code: 06.01.02.01,candidate_requires_pharmacology_review
medication.glucose_lowering.read_v2_drug,medication,glucose_lowering,read_v2_drug,gp_scripts,read_2,exact,true,f3AB.,NIDDARYL 3mg tablets,NIDDARYL 3mg tablets,core,prescription_exposure,not applicable,read_v2_drugs_bnf,Mapped BNF code: 06.01.02.01,candidate_requires_pharmacology_review
medication.glucose_lowering.read_v2_drug,medication,glucose_lowering,read_v2_drug,gp_scripts,read_2,exact,true,f3AC.,NIDDARYL 4mg tablets,NIDDARYL 4mg tablets,core,prescription_exposure,not applicable,read_v2_drugs_bnf,Mapped BNF code: 06.01.02.01,candidate_requires_pharmacology_review
medication.glucose_lowering.read_v2_drug,medication,glucose_lowering,read_v2_drug,gp_scripts,read_2,exact,true,f3a..,TOLBUTAMIDE,TOLBUTAMIDE,core,prescription_exposure,not applicable,read_v2_drugs_bnf,Mapped BNF code: 06.01.02.01,candidate_requires_pharmacology_review
medication.glucose_lowering.read_v2_drug,medication,glucose_lowering,read_v2_drug,gp_scripts,read_2,exact,true,f3a1.,TOLBUTAMIDE 500mg tablets,TOLBUTAMIDE 500mg tablets,core,prescription_exposure,not applicable,read_v2_drugs_bnf,Mapped BNF code: 06.01.02.01,candidate_requires_pharmacology_review
medication.glucose_lowering.read_v2_drug,medication,glucose_lowering,read_v2_drug,gp_scripts,read_2,exact,true,f3a2.,GLYCONON 500mg tablets,GLYCONON 500mg tablets,core,prescription_exposure,not applicable,read_v2_drugs_bnf,Mapped BNF code: 06.01.02.01,candidate_requires_pharmacology_review
medication.glucose_lowering.read_v2_drug,medication,glucose_lowering,read_v2_drug,gp_scripts,read_2,exact,true,f3a4.,*RASTINON 500mg tablets,*RASTINON 500mg tablets,core,prescription_exposure,not applicable,read_v2_drugs_bnf,Mapped BNF code: 06.01.02.01,candidate_requires_pharmacology_review
medication.glucose_lowering.read_v2_drug,medication,glucose_lowering,read_v2_drug,gp_scripts,read_2,exact,true,f4...,BIGUANIDES,BIGUANIDES,core,prescription_exposure,not applicable,read_v2_drugs_bnf,Mapped BNF code: 06.01.02.02,candidate_requires_pharmacology_review
medication.glucose_lowering.read_v2_drug,medication,glucose_lowering,read_v2_drug,gp_scripts,read_2,exact,true,f41..,METFORMIN HYDROCHLORIDE,METFORMIN HYDROCHLORIDE,core,prescription_exposure,not applicable,read_v2_drugs_bnf,Mapped BNF code: 06.01.02.02,candidate_requires_pharmacology_review
medication.glucose_lowering.read_v2_drug,medication,glucose_lowering,read_v2_drug,gp_scripts,read_2,exact,true,f411.,GLUCOPHAGE 500mg tablets,GLUCOPHAGE 500mg tablets,core,prescription_exposure,not applicable,read_v2_drugs_bnf,Mapped BNF code: 06.01.02.02,candidate_requires_pharmacology_review
medication.glucose_lowering.read_v2_drug,medication,glucose_lowering,read_v2_drug,gp_scripts,read_2,exact,true,f412.,GLUCOPHAGE 850mg tablets,GLUCOPHAGE 850mg tablets,core,prescription_exposure,not applicable,read_v2_drugs_bnf,Mapped BNF code: 06.01.02.02,candidate_requires_pharmacology_review
medication.glucose_lowering.read_v2_drug,medication,glucose_lowering,read_v2_drug,gp_scripts,read_2,exact,true,f413.,*ORABET 500mg tablets,*ORABET 500mg tablets,core,prescription_exposure,not applicable,read_v2_drugs_bnf,Mapped BNF code: 06.01.02.02,candidate_requires_pharmacology_review
medication.glucose_lowering.read_v2_drug,medication,glucose_lowering,read_v2_drug,gp_scripts,read_2,exact,true,f414.,*ORABET 850mg tablets,*ORABET 850mg tablets,core,prescription_exposure,not applicable,read_v2_drugs_bnf,Mapped BNF code: 06.01.02.02,candidate_requires_pharmacology_review
medication.glucose_lowering.read_v2_drug,medication,glucose_lowering,read_v2_drug,gp_scripts,read_2,exact,true,f415.,*GLUCAMET-500 tablets,*GLUCAMET-500 tablets,core,prescription_exposure,not applicable,read_v2_drugs_bnf,Mapped BNF code: 06.01.02.02,candidate_requires_pharmacology_review
medication.glucose_lowering.read_v2_drug,medication,glucose_lowering,read_v2_drug,gp_scripts,read_2,exact,true,f416.,*GLUCAMET-850 tablets,*GLUCAMET-850 tablets,core,prescription_exposure,not applicable,read_v2_drugs_bnf,Mapped BNF code: 06.01.02.02,candidate_requires_pharmacology_review
medication.glucose_lowering.read_v2_drug,medication,glucose_lowering,read_v2_drug,gp_scripts,read_2,exact,true,f417.,GLUCOPHAGE SR 500mg m/r tablets,GLUCOPHAGE SR 500mg m/r tablets,core,prescription_exposure,not applicable,read_v2_drugs_bnf,Mapped BNF code: 06.01.02.02,candidate_requires_pharmacology_review
medication.glucose_lowering.read_v2_drug,medication,glucose_lowering,read_v2_drug,gp_scripts,read_2,exact,true,f418.,METSOL 500mg/5mL oral solution,METSOL 500mg/5mL oral solution,core,prescription_exposure,not applicable,read_v2_drugs_bnf,Mapped BNF code: 06.01.02.02,candidate_requires_pharmacology_review
medication.glucose_lowering.read_v2_drug,medication,glucose_lowering,read_v2_drug,gp_scripts,read_2,exact,true,f419.,GLUCOPHAGE SR 750mg m/r tablets,GLUCOPHAGE SR 750mg m/r tablets,core,prescription_exposure,not applicable,read_v2_drugs_bnf,Mapped BNF code: 06.01.02.02,candidate_requires_pharmacology_review
medication.glucose_lowering.read_v2_drug,medication,glucose_lowering,read_v2_drug,gp_scripts,read_2,exact,true,f41A.,GLUCOPHAGE SR 1000mg m/r tablets,GLUCOPHAGE SR 1000mg m/r tablets,core,prescription_exposure,not applicable,read_v2_drugs_bnf,Mapped BNF code: 06.01.02.02,candidate_requires_pharmacology_review
medication.glucose_lowering.read_v2_drug,medication,glucose_lowering,read_v2_drug,gp_scripts,read_2,exact,true,f41B.,BOLAMYN SR 500mg m/r tablets,BOLAMYN SR 500mg m/r tablets,core,prescription_exposure,not applicable,read_v2_drugs_bnf,Mapped BNF code: 06.01.02.02,candidate_requires_pharmacology_review
medication.glucose_lowering.read_v2_drug,medication,glucose_lowering,read_v2_drug,gp_scripts,read_2,exact,true,f41E.,METABET SR 500mg m/r tablets,METABET SR 500mg m/r tablets,core,prescription_exposure,not applicable,read_v2_drugs_bnf,Mapped BNF code: 06.01.02.02,candidate_requires_pharmacology_review
medication.glucose_lowering.read_v2_drug,medication,glucose_lowering,read_v2_drug,gp_scripts,read_2,exact,true,f41F.,METABET SR 1000mg m/r tablets,METABET SR 1000mg m/r tablets,core,prescription_exposure,not applicable,read_v2_drugs_bnf,Mapped BNF code: 06.01.02.02,candidate_requires_pharmacology_review
medication.glucose_lowering.read_v2_drug,medication,glucose_lowering,read_v2_drug,gp_scripts,read_2,exact,true,f41G.,GLUCIENT SR 500mg m/r tablets,GLUCIENT SR 500mg m/r tablets,core,prescription_exposure,not applicable,read_v2_drugs_bnf,Mapped BNF code: 06.01.02.02,candidate_requires_pharmacology_review
medication.glucose_lowering.read_v2_drug,medication,glucose_lowering,read_v2_drug,gp_scripts,read_2,exact,true,f41H.,DIAGEMET XL 500mg m/r tablets,DIAGEMET XL 500mg m/r tablets,core,prescription_exposure,not applicable,read_v2_drugs_bnf,Mapped BNF code: 06.01.02.02,candidate_requires_pharmacology_review
medication.glucose_lowering.read_v2_drug,medication,glucose_lowering,read_v2_drug,gp_scripts,read_2,exact,true,f41I.,SUKKARTO SR 500mg m/r tablets,SUKKARTO SR 500mg m/r tablets,core,prescription_exposure,not applicable,read_v2_drugs_bnf,Mapped BNF code: 06.01.02.02,candidate_requires_pharmacology_review
medication.glucose_lowering.read_v2_drug,medication,glucose_lowering,read_v2_drug,gp_scripts,read_2,exact,true,f41J.,SUKKARTO SR 1000mg m/r tablets,SUKKARTO SR 1000mg m/r tablets,core,prescription_exposure,not applicable,read_v2_drugs_bnf,Mapped BNF code: 06.01.02.02,candidate_requires_pharmacology_review
medication.glucose_lowering.read_v2_drug,medication,glucose_lowering,read_v2_drug,gp_scripts,read_2,exact,true,f41u.,METFORMIN HYDROCHLORIDE 1000mg m/r tablets,METFORMIN HYDROCHLORIDE 1000mg m/r tablets,core,prescription_exposure,not applicable,read_v2_drugs_bnf,Mapped BNF code: 06.01.02.02,candidate_requires_pharmacology_review
medication.glucose_lowering.read_v2_drug,medication,glucose_lowering,read_v2_drug,gp_scripts,read_2,exact,true,f41v.,METFORMIN HYDROCHLORIDE 750mg m/r tablets,METFORMIN HYDROCHLORIDE 750mg m/r tablets,core,prescription_exposure,not applicable,read_v2_drugs_bnf,Mapped BNF code: 06.01.02.02,candidate_requires_pharmacology_review
medication.glucose_lowering.read_v2_drug,medication,glucose_lowering,read_v2_drug,gp_scripts,read_2,exact,true,f41w.,METFORMIN HYDROCHLORIDE 500mg/5mL oral solution,METFORMIN HYDROCHLORIDE 500mg/5mL oral solution,core,prescription_exposure,not applicable,read_v2_drugs_bnf,Mapped BNF code: 06.01.02.02,candidate_requires_pharmacology_review
medication.glucose_lowering.read_v2_drug,medication,glucose_lowering,read_v2_drug,gp_scripts,read_2,exact,true,f41x.,METFORMIN HYDROCHLORIDE 500mg m/r tablets,METFORMIN HYDROCHLORIDE 500mg m/r tablets,core,prescription_exposure,not applicable,read_v2_drugs_bnf,Mapped BNF code: 06.01.02.02,candidate_requires_pharmacology_review
medication.glucose_lowering.read_v2_drug,medication,glucose_lowering,read_v2_drug,gp_scripts,read_2,exact,true,f41y.,METFORMIN HYDROCHLORIDE 500mg tablets,METFORMIN HYDROCHLORIDE 500mg tablets,core,prescription_exposure,not applicable,read_v2_drugs_bnf,Mapped BNF code: 06.01.02.02,candidate_requires_pharmacology_review
medication.glucose_lowering.read_v2_drug,medication,glucose_lowering,read_v2_drug,gp_scripts,read_2,exact,true,f41z.,METFORMIN HYDROCHLORIDE 850mg tablets,METFORMIN HYDROCHLORIDE 850mg tablets,core,prescription_exposure,not applicable,read_v2_drugs_bnf,Mapped BNF code: 06.01.02.02,candidate_requires_pharmacology_review
medication.glucose_lowering.read_v2_drug,medication,glucose_lowering,read_v2_drug,gp_scripts,read_2,exact,true,f5...,GUAR,GUAR,core,prescription_exposure,not applicable,read_v2_drugs_bnf,Mapped BNF code: 06.01.02.03,candidate_requires_pharmacology_review
medication.glucose_lowering.read_v2_drug,medication,glucose_lowering,read_v2_drug,gp_scripts,read_2,exact,true,f51..,GUAR GUM,GUAR GUM,core,prescription_exposure,not applicable,read_v2_drugs_bnf,Mapped BNF code: 06.01.02.03,candidate_requires_pharmacology_review
medication.glucose_lowering.read_v2_drug,medication,glucose_lowering,read_v2_drug,gp_scripts,read_2,exact,true,f512.,*GUAREM granules 5g/sachet,*GUAREM granules 5g/sachet,core,prescription_exposure,not applicable,read_v2_drugs_bnf,Mapped BNF code: 06.01.02.03,candidate_requires_pharmacology_review
medication.glucose_lowering.read_v2_drug,medication,glucose_lowering,read_v2_drug,gp_scripts,read_2,exact,true,f513.,*GUARINA granules 5g/sachet,*GUARINA granules 5g/sachet,core,prescription_exposure,not applicable,read_v2_drugs_bnf,Mapped BNF code: 06.01.02.03,candidate_requires_pharmacology_review
medication.glucose_lowering.read_v2_drug,medication,glucose_lowering,read_v2_drug,gp_scripts,read_2,exact,true,f51y.,*GUAR GUM granules 5g/sachet,*GUAR GUM granules 5g/sachet,core,prescription_exposure,not applicable,read_v2_drugs_bnf,Mapped BNF code: 06.01.02.03,candidate_requires_pharmacology_review
medication.glucose_lowering.read_v2_drug,medication,glucose_lowering,read_v2_drug,gp_scripts,read_2,exact,true,ft1..,ACARBOSE,ACARBOSE,core,prescription_exposure,not applicable,read_v2_drugs_bnf,Mapped BNF code: 06.01.02.03,candidate_requires_pharmacology_review
medication.glucose_lowering.read_v2_drug,medication,glucose_lowering,read_v2_drug,gp_scripts,read_2,exact,true,ft11.,ACARBOSE 50mg tablets,ACARBOSE 50mg tablets,core,prescription_exposure,not applicable,read_v2_drugs_bnf,Mapped BNF code: 06.01.02.03,candidate_requires_pharmacology_review
medication.glucose_lowering.read_v2_drug,medication,glucose_lowering,read_v2_drug,gp_scripts,read_2,exact,true,ft12.,ACARBOSE 100mg tablets,ACARBOSE 100mg tablets,core,prescription_exposure,not applicable,read_v2_drugs_bnf,Mapped BNF code: 06.01.02.03,candidate_requires_pharmacology_review
medication.glucose_lowering.read_v2_drug,medication,glucose_lowering,read_v2_drug,gp_scripts,read_2,exact,true,ft13.,GLUCOBAY 50 tablets,GLUCOBAY 50 tablets,core,prescription_exposure,not applicable,read_v2_drugs_bnf,Mapped BNF code: 06.01.02.03,candidate_requires_pharmacology_review
medication.glucose_lowering.read_v2_drug,medication,glucose_lowering,read_v2_drug,gp_scripts,read_2,exact,true,ft14.,GLUCOBAY 100 tablets,GLUCOBAY 100 tablets,core,prescription_exposure,not applicable,read_v2_drugs_bnf,Mapped BNF code: 06.01.02.03,candidate_requires_pharmacology_review
medication.glucose_lowering.read_v2_drug,medication,glucose_lowering,read_v2_drug,gp_scripts,read_2,exact,true,ft3..,REPAGLINIDE,REPAGLINIDE,core,prescription_exposure,not applicable,read_v2_drugs_bnf,Mapped BNF code: 06.01.02.03,candidate_requires_pharmacology_review
medication.glucose_lowering.read_v2_drug,medication,glucose_lowering,read_v2_drug,gp_scripts,read_2,exact,true,ft31.,REPAGLINIDE 0.5mg tablets,REPAGLINIDE 0.5mg tablets,core,prescription_exposure,not applicable,read_v2_drugs_bnf,Mapped BNF code: 06.01.02.03,candidate_requires_pharmacology_review
medication.glucose_lowering.read_v2_drug,medication,glucose_lowering,read_v2_drug,gp_scripts,read_2,exact,true,ft32.,REPAGLINIDE 1mg tablets,REPAGLINIDE 1mg tablets,core,prescription_exposure,not applicable,read_v2_drugs_bnf,Mapped BNF code: 06.01.02.03,candidate_requires_pharmacology_review
medication.glucose_lowering.read_v2_drug,medication,glucose_lowering,read_v2_drug,gp_scripts,read_2,exact,true,ft33.,REPAGLINIDE 2mg tablets,REPAGLINIDE 2mg tablets,core,prescription_exposure,not applicable,read_v2_drugs_bnf,Mapped BNF code: 06.01.02.03,candidate_requires_pharmacology_review
medication.glucose_lowering.read_v2_drug,medication,glucose_lowering,read_v2_drug,gp_scripts,read_2,exact,true,ft34.,*NOVONORM 0.5mg tablets,*NOVONORM 0.5mg tablets,core,prescription_exposure,not applicable,read_v2_drugs_bnf,Mapped BNF code: 06.01.02.03,candidate_requires_pharmacology_review
medication.glucose_lowering.read_v2_drug,medication,glucose_lowering,read_v2_drug,gp_scripts,read_2,exact,true,ft35.,*NOVONORM 1mg tablets,*NOVONORM 1mg tablets,core,prescription_exposure,not applicable,read_v2_drugs_bnf,Mapped BNF code: 06.01.02.03,candidate_requires_pharmacology_review
medication.glucose_lowering.read_v2_drug,medication,glucose_lowering,read_v2_drug,gp_scripts,read_2,exact,true,ft36.,*NOVONORM 2mg tablets,*NOVONORM 2mg tablets,core,prescription_exposure,not applicable,read_v2_drugs_bnf,Mapped BNF code: 06.01.02.03,candidate_requires_pharmacology_review
medication.glucose_lowering.read_v2_drug,medication,glucose_lowering,read_v2_drug,gp_scripts,read_2,exact,true,ft37.,PRANDIN 500micrograms tablets,PRANDIN 500micrograms tablets,core,prescription_exposure,not applicable,read_v2_drugs_bnf,Mapped BNF code: 06.01.02.03,candidate_requires_pharmacology_review
medication.glucose_lowering.read_v2_drug,medication,glucose_lowering,read_v2_drug,gp_scripts,read_2,exact,true,ft38.,PRANDIN 1mg tablets,PRANDIN 1mg tablets,core,prescription_exposure,not applicable,read_v2_drugs_bnf,Mapped BNF code: 06.01.02.03,candidate_requires_pharmacology_review
medication.glucose_lowering.read_v2_drug,medication,glucose_lowering,read_v2_drug,gp_scripts,read_2,exact,true,ft39.,PRANDIN 2mg tablets,PRANDIN 2mg tablets,core,prescription_exposure,not applicable,read_v2_drugs_bnf,Mapped BNF code: 06.01.02.03,candidate_requires_pharmacology_review
medication.glucose_lowering.read_v2_drug,medication,glucose_lowering,read_v2_drug,gp_scripts,read_2,exact,true,ft4..,ROSIGLITAZONE,ROSIGLITAZONE,core,prescription_exposure,not applicable,read_v2_drugs_bnf,Mapped BNF code: 06.01.02.03,candidate_requires_pharmacology_review
medication.glucose_lowering.read_v2_drug,medication,glucose_lowering,read_v2_drug,gp_scripts,read_2,exact,true,ft41.,*AVANDIA 4mg tablets,*AVANDIA 4mg tablets,core,prescription_exposure,not applicable,read_v2_drugs_bnf,Mapped BNF code: 06.01.02.03,candidate_requires_pharmacology_review
medication.glucose_lowering.read_v2_drug,medication,glucose_lowering,read_v2_drug,gp_scripts,read_2,exact,true,ft42.,*AVANDIA 8mg tablets,*AVANDIA 8mg tablets,core,prescription_exposure,not applicable,read_v2_drugs_bnf,Mapped BNF code: 06.01.02.03,candidate_requires_pharmacology_review
medication.glucose_lowering.read_v2_drug,medication,glucose_lowering,read_v2_drug,gp_scripts,read_2,exact,true,ft43.,*AVANDAMET 1mg / 500mg tablets,*AVANDAMET 1mg / 500mg tablets,core,prescription_exposure,not applicable,read_v2_drugs_bnf,Mapped BNF code: 06.01.02.03,candidate_requires_pharmacology_review
medication.glucose_lowering.read_v2_drug,medication,glucose_lowering,read_v2_drug,gp_scripts,read_2,exact,true,ft44.,*AVANDAMET 2mg / 500mg tablets,*AVANDAMET 2mg / 500mg tablets,core,prescription_exposure,not applicable,read_v2_drugs_bnf,Mapped BNF code: 06.01.02.03,candidate_requires_pharmacology_review
medication.glucose_lowering.read_v2_drug,medication,glucose_lowering,read_v2_drug,gp_scripts,read_2,exact,true,ft45.,AVANDAMET 2mg / 1000mg tablets,AVANDAMET 2mg / 1000mg tablets,core,prescription_exposure,not applicable,read_v2_drugs_bnf,Mapped BNF code: 06.01.02.03,candidate_requires_pharmacology_review
medication.glucose_lowering.read_v2_drug,medication,glucose_lowering,read_v2_drug,gp_scripts,read_2,exact,true,ft46.,AVANDAMET 4mg / 1000mg tablets,AVANDAMET 4mg / 1000mg tablets,core,prescription_exposure,not applicable,read_v2_drugs_bnf,Mapped BNF code: 06.01.02.03,candidate_requires_pharmacology_review
medication.glucose_lowering.read_v2_drug,medication,glucose_lowering,read_v2_drug,gp_scripts,read_2,exact,true,ft4u.,ROSIGLITAZONE 2mg / METFORMIN 1000mg tablets,ROSIGLITAZONE 2mg / METFORMIN 1000mg tablets,core,prescription_exposure,not applicable,read_v2_drugs_bnf,Mapped BNF code: 06.01.02.03,candidate_requires_pharmacology_review
medication.glucose_lowering.read_v2_drug,medication,glucose_lowering,read_v2_drug,gp_scripts,read_2,exact,true,ft4v.,ROSIGLITAZONE 4mg / METFORMIN 1000mg tablets,ROSIGLITAZONE 4mg / METFORMIN 1000mg tablets,core,prescription_exposure,not applicable,read_v2_drugs_bnf,Mapped BNF code: 06.01.02.03,candidate_requires_pharmacology_review
medication.glucose_lowering.read_v2_drug,medication,glucose_lowering,read_v2_drug,gp_scripts,read_2,exact,true,ft4w.,ROSIGLITAZONE 2mg / METFORMIN 500mg tablets,ROSIGLITAZONE 2mg / METFORMIN 500mg tablets,core,prescription_exposure,not applicable,read_v2_drugs_bnf,Mapped BNF code: 06.01.02.03,candidate_requires_pharmacology_review
medication.glucose_lowering.read_v2_drug,medication,glucose_lowering,read_v2_drug,gp_scripts,read_2,exact,true,ft4x.,ROSIGLITAZONE 1mg / METFORMIN 500mg tablets,ROSIGLITAZONE 1mg / METFORMIN 500mg tablets,core,prescription_exposure,not applicable,read_v2_drugs_bnf,Mapped BNF code: 06.01.02.03,candidate_requires_pharmacology_review
medication.glucose_lowering.read_v2_drug,medication,glucose_lowering,read_v2_drug,gp_scripts,read_2,exact,true,ft4y.,*ROSIGLITAZONE 8mg tablets,*ROSIGLITAZONE 8mg tablets,core,prescription_exposure,not applicable,read_v2_drugs_bnf,Mapped BNF code: 06.01.02.03,candidate_requires_pharmacology_review
medication.glucose_lowering.read_v2_drug,medication,glucose_lowering,read_v2_drug,gp_scripts,read_2,exact,true,ft4z.,*ROSIGLITAZONE 4mg tablets,*ROSIGLITAZONE 4mg tablets,core,prescription_exposure,not applicable,read_v2_drugs_bnf,Mapped BNF code: 06.01.02.03,candidate_requires_pharmacology_review
medication.glucose_lowering.read_v2_drug,medication,glucose_lowering,read_v2_drug,gp_scripts,read_2,exact,true,ft5..,PIOGLITAZONE,PIOGLITAZONE,core,prescription_exposure,not applicable,read_v2_drugs_bnf,Mapped BNF code: 06.01.02.03,candidate_requires_pharmacology_review
medication.glucose_lowering.read_v2_drug,medication,glucose_lowering,read_v2_drug,gp_scripts,read_2,exact,true,ft51.,ACTOS 15mg tablets,ACTOS 15mg tablets,core,prescription_exposure,not applicable,read_v2_drugs_bnf,Mapped BNF code: 06.01.02.03,candidate_requires_pharmacology_review
medication.glucose_lowering.read_v2_drug,medication,glucose_lowering,read_v2_drug,gp_scripts,read_2,exact,true,ft52.,ACTOS 30mg tablets,ACTOS 30mg tablets,core,prescription_exposure,not applicable,read_v2_drugs_bnf,Mapped BNF code: 06.01.02.03,candidate_requires_pharmacology_review
medication.glucose_lowering.read_v2_drug,medication,glucose_lowering,read_v2_drug,gp_scripts,read_2,exact,true,ft53.,ACTOS 45mg tablets,ACTOS 45mg tablets,core,prescription_exposure,not applicable,read_v2_drugs_bnf,Mapped BNF code: 06.01.02.03,candidate_requires_pharmacology_review
medication.glucose_lowering.read_v2_drug,medication,glucose_lowering,read_v2_drug,gp_scripts,read_2,exact,true,ft54.,GLIDIPION 15mg tablets,GLIDIPION 15mg tablets,core,prescription_exposure,not applicable,read_v2_drugs_bnf,Mapped BNF code: 06.01.02.03,candidate_requires_pharmacology_review
medication.glucose_lowering.read_v2_drug,medication,glucose_lowering,read_v2_drug,gp_scripts,read_2,exact,true,ft55.,GLIDIPION 30mg tablets,GLIDIPION 30mg tablets,core,prescription_exposure,not applicable,read_v2_drugs_bnf,Mapped BNF code: 06.01.02.03,candidate_requires_pharmacology_review
medication.glucose_lowering.read_v2_drug,medication,glucose_lowering,read_v2_drug,gp_scripts,read_2,exact,true,ft56.,GLIDIPION 45mg tablets,GLIDIPION 45mg tablets,core,prescription_exposure,not applicable,read_v2_drugs_bnf,Mapped BNF code: 06.01.02.03,candidate_requires_pharmacology_review
medication.glucose_lowering.read_v2_drug,medication,glucose_lowering,read_v2_drug,gp_scripts,read_2,exact,true,ft5x.,PIOGLITAZONE 45mg tablets,PIOGLITAZONE 45mg tablets,core,prescription_exposure,not applicable,read_v2_drugs_bnf,Mapped BNF code: 06.01.02.03,candidate_requires_pharmacology_review
medication.glucose_lowering.read_v2_drug,medication,glucose_lowering,read_v2_drug,gp_scripts,read_2,exact,true,ft5y.,PIOGLITAZONE 30mg tablets,PIOGLITAZONE 30mg tablets,core,prescription_exposure,not applicable,read_v2_drugs_bnf,Mapped BNF code: 06.01.02.03,candidate_requires_pharmacology_review
medication.glucose_lowering.read_v2_drug,medication,glucose_lowering,read_v2_drug,gp_scripts,read_2,exact,true,ft5z.,PIOGLITAZONE 15mg tablets,PIOGLITAZONE 15mg tablets,core,prescription_exposure,not applicable,read_v2_drugs_bnf,Mapped BNF code: 06.01.02.03,candidate_requires_pharmacology_review
medication.glucose_lowering.read_v2_drug,medication,glucose_lowering,read_v2_drug,gp_scripts,read_2,exact,true,ft6..,NATEGLINIDE,NATEGLINIDE,core,prescription_exposure,not applicable,read_v2_drugs_bnf,Mapped BNF code: 06.01.02.03,candidate_requires_pharmacology_review
medication.glucose_lowering.read_v2_drug,medication,glucose_lowering,read_v2_drug,gp_scripts,read_2,exact,true,ft61.,STARLIX 60mg tablets,STARLIX 60mg tablets,core,prescription_exposure,not applicable,read_v2_drugs_bnf,Mapped BNF code: 06.01.02.03,candidate_requires_pharmacology_review
medication.glucose_lowering.read_v2_drug,medication,glucose_lowering,read_v2_drug,gp_scripts,read_2,exact,true,ft62.,STARLIX 120mg tablets,STARLIX 120mg tablets,core,prescription_exposure,not applicable,read_v2_drugs_bnf,Mapped BNF code: 06.01.02.03,candidate_requires_pharmacology_review
medication.glucose_lowering.read_v2_drug,medication,glucose_lowering,read_v2_drug,gp_scripts,read_2,exact,true,ft63.,STARLIX 180mg tablets,STARLIX 180mg tablets,core,prescription_exposure,not applicable,read_v2_drugs_bnf,Mapped BNF code: 06.01.02.03,candidate_requires_pharmacology_review
medication.glucose_lowering.read_v2_drug,medication,glucose_lowering,read_v2_drug,gp_scripts,read_2,exact,true,ft6x.,NATEGLINIDE 180mg tablets,NATEGLINIDE 180mg tablets,core,prescription_exposure,not applicable,read_v2_drugs_bnf,Mapped BNF code: 06.01.02.03,candidate_requires_pharmacology_review
medication.glucose_lowering.read_v2_drug,medication,glucose_lowering,read_v2_drug,gp_scripts,read_2,exact,true,ft6y.,NATEGLINIDE 120mg tablets,NATEGLINIDE 120mg tablets,core,prescription_exposure,not applicable,read_v2_drugs_bnf,Mapped BNF code: 06.01.02.03,candidate_requires_pharmacology_review
medication.glucose_lowering.read_v2_drug,medication,glucose_lowering,read_v2_drug,gp_scripts,read_2,exact,true,ft6z.,NATEGLINIDE 60mg tablets,NATEGLINIDE 60mg tablets,core,prescription_exposure,not applicable,read_v2_drugs_bnf,Mapped BNF code: 06.01.02.03,candidate_requires_pharmacology_review
medication.glucose_lowering.read_v2_drug,medication,glucose_lowering,read_v2_drug,gp_scripts,read_2,exact,true,ft7..,METFORMIN + PIOGLITAZONE,METFORMIN + PIOGLITAZONE,core,prescription_exposure,not applicable,read_v2_drugs_bnf,Mapped BNF code: 06.01.02.03,candidate_requires_pharmacology_review
medication.glucose_lowering.read_v2_drug,medication,glucose_lowering,read_v2_drug,gp_scripts,read_2,exact,true,ft71.,COMPETACT 15mg/850mg tablets,COMPETACT 15mg/850mg tablets,core,prescription_exposure,not applicable,read_v2_drugs_bnf,Mapped BNF code: 06.01.02.03,candidate_requires_pharmacology_review
medication.glucose_lowering.read_v2_drug,medication,glucose_lowering,read_v2_drug,gp_scripts,read_2,exact,true,ft7z.,METFORMIN 850mg/PIOGLITAZONE 15mg tablets,METFORMIN 850mg/PIOGLITAZONE 15mg tablets,core,prescription_exposure,not applicable,read_v2_drugs_bnf,Mapped BNF code: 06.01.02.03,candidate_requires_pharmacology_review
medication.glucose_lowering.read_v2_drug,medication,glucose_lowering,read_v2_drug,gp_scripts,read_2,exact,true,ft8..,SITAGLIPTIN,SITAGLIPTIN,core,prescription_exposure,not applicable,read_v2_drugs_bnf,Mapped BNF code: 06.01.02.03,candidate_requires_pharmacology_review
medication.glucose_lowering.read_v2_drug,medication,glucose_lowering,read_v2_drug,gp_scripts,read_2,exact,true,ft81.,JANUVIA 100mg tablets,JANUVIA 100mg tablets,core,prescription_exposure,not applicable,read_v2_drugs_bnf,Mapped BNF code: 06.01.02.03,candidate_requires_pharmacology_review
medication.glucose_lowering.read_v2_drug,medication,glucose_lowering,read_v2_drug,gp_scripts,read_2,exact,true,ft82.,JANUVIA 50mg tablets,JANUVIA 50mg tablets,core,prescription_exposure,not applicable,read_v2_drugs_bnf,Mapped BNF code: 06.01.02.03,candidate_requires_pharmacology_review
medication.glucose_lowering.read_v2_drug,medication,glucose_lowering,read_v2_drug,gp_scripts,read_2,exact,true,ft83.,JANUVIA 25mg tablets,JANUVIA 25mg tablets,core,prescription_exposure,not applicable,read_v2_drugs_bnf,Mapped BNF code: 06.01.02.03,candidate_requires_pharmacology_review
medication.glucose_lowering.read_v2_drug,medication,glucose_lowering,read_v2_drug,gp_scripts,read_2,exact,true,ft8x.,SITAGLIPTIN 25mg tablets,SITAGLIPTIN 25mg tablets,core,prescription_exposure,not applicable,read_v2_drugs_bnf,Mapped BNF code: 06.01.02.03,candidate_requires_pharmacology_review
medication.glucose_lowering.read_v2_drug,medication,glucose_lowering,read_v2_drug,gp_scripts,read_2,exact,true,ft8y.,SITAGLIPTIN 50mg tablets,SITAGLIPTIN 50mg tablets,core,prescription_exposure,not applicable,read_v2_drugs_bnf,Mapped BNF code: 06.01.02.03,candidate_requires_pharmacology_review
medication.glucose_lowering.read_v2_drug,medication,glucose_lowering,read_v2_drug,gp_scripts,read_2,exact,true,ft8z.,SITAGLIPTIN 100mg tablets,SITAGLIPTIN 100mg tablets,core,prescription_exposure,not applicable,read_v2_drugs_bnf,Mapped BNF code: 06.01.02.03,candidate_requires_pharmacology_review
medication.glucose_lowering.read_v2_drug,medication,glucose_lowering,read_v2_drug,gp_scripts,read_2,exact,true,ft9..,EXENATIDE,EXENATIDE,core,prescription_exposure,not applicable,read_v2_drugs_bnf,Mapped BNF code: 06.01.02.03,candidate_requires_pharmacology_review
medication.glucose_lowering.read_v2_drug,medication,glucose_lowering,read_v2_drug,gp_scripts,read_2,exact,true,ft91.,BYETTA 5micrograms/0.02mL injection prefilled pen,BYETTA 5micrograms/0.02mL injection prefilled pen,core,prescription_exposure,not applicable,read_v2_drugs_bnf,Mapped BNF code: 06.01.02.03,candidate_requires_pharmacology_review
medication.glucose_lowering.read_v2_drug,medication,glucose_lowering,read_v2_drug,gp_scripts,read_2,exact,true,ft92.,BYETTA 10micrograms/0.04mL injection prefilled pen,BYETTA 10micrograms/0.04mL injection prefilled pen,core,prescription_exposure,not applicable,read_v2_drugs_bnf,Mapped BNF code: 06.01.02.03,candidate_requires_pharmacology_review
medication.glucose_lowering.read_v2_drug,medication,glucose_lowering,read_v2_drug,gp_scripts,read_2,exact,true,ft93.,BYDUREON 2mg powder and solvent for suspension for injection,BYDUREON 2mg powder and solvent for suspension for injection,core,prescription_exposure,not applicable,read_v2_drugs_bnf,Mapped BNF code: 06.01.02.03,candidate_requires_pharmacology_review
medication.glucose_lowering.read_v2_drug,medication,glucose_lowering,read_v2_drug,gp_scripts,read_2,exact,true,ft94.,BYDUREON 2mg powder+solvent for susp for inj prefilled pen,BYDUREON 2mg powder+solvent for susp for inj prefilled pen,core,prescription_exposure,not applicable,read_v2_drugs_bnf,Mapped BNF code: 06.01.02.03,candidate_requires_pharmacology_review
medication.glucose_lowering.read_v2_drug,medication,glucose_lowering,read_v2_drug,gp_scripts,read_2,exact,true,ft95.,EXENATIDE 2mg powder+solvent for susp for inj prefilled pen,EXENATIDE 2mg powder+solvent for susp for inj prefilled pen,core,prescription_exposure,not applicable,read_v2_drugs_bnf,Mapped BNF code: 06.01.02.03,candidate_requires_pharmacology_review
medication.glucose_lowering.read_v2_drug,medication,glucose_lowering,read_v2_drug,gp_scripts,read_2,exact,true,ft9x.,EXENATIDE 2mg powder+solvent for suspension for injection,EXENATIDE 2mg powder+solvent for suspension for injection,core,prescription_exposure,not applicable,read_v2_drugs_bnf,Mapped BNF code: 06.01.02.03,candidate_requires_pharmacology_review
medication.glucose_lowering.read_v2_drug,medication,glucose_lowering,read_v2_drug,gp_scripts,read_2,exact,true,ft9y.,EXENATIDE 10micrograms/0.04mL injection prefilled pen,EXENATIDE 10micrograms/0.04mL injection prefilled pen,core,prescription_exposure,not applicable,read_v2_drugs_bnf,Mapped BNF code: 06.01.02.03,candidate_requires_pharmacology_review
medication.glucose_lowering.read_v2_drug,medication,glucose_lowering,read_v2_drug,gp_scripts,read_2,exact,true,ft9z.,EXENATIDE 5micrograms/0.02mL injection prefilled pen,EXENATIDE 5micrograms/0.02mL injection prefilled pen,core,prescription_exposure,not applicable,read_v2_drugs_bnf,Mapped BNF code: 06.01.02.03,candidate_requires_pharmacology_review
medication.glucose_lowering.read_v2_drug,medication,glucose_lowering,read_v2_drug,gp_scripts,read_2,exact,true,fta..,VILDAGLIPTIN,VILDAGLIPTIN,core,prescription_exposure,not applicable,read_v2_drugs_bnf,Mapped BNF code: 06.01.02.03,candidate_requires_pharmacology_review
medication.glucose_lowering.read_v2_drug,medication,glucose_lowering,read_v2_drug,gp_scripts,read_2,exact,true,fta1.,GALVUS 50mg tablets,GALVUS 50mg tablets,core,prescription_exposure,not applicable,read_v2_drugs_bnf,Mapped BNF code: 06.01.02.03,candidate_requires_pharmacology_review
medication.glucose_lowering.read_v2_drug,medication,glucose_lowering,read_v2_drug,gp_scripts,read_2,exact,true,ftaZ.,VILDAGLIPTIN 50mg tablets,VILDAGLIPTIN 50mg tablets,core,prescription_exposure,not applicable,read_v2_drugs_bnf,Mapped BNF code: 06.01.02.03,candidate_requires_pharmacology_review
medication.glucose_lowering.read_v2_drug,medication,glucose_lowering,read_v2_drug,gp_scripts,read_2,exact,true,ftb..,METFORMIN + VILDAGLIPTIN,METFORMIN + VILDAGLIPTIN,core,prescription_exposure,not applicable,read_v2_drugs_bnf,Mapped BNF code: 06.01.02.03,candidate_requires_pharmacology_review
medication.glucose_lowering.read_v2_drug,medication,glucose_lowering,read_v2_drug,gp_scripts,read_2,exact,true,ftb1.,EUCREAS 50mg/850mg tablets,EUCREAS 50mg/850mg tablets,core,prescription_exposure,not applicable,read_v2_drugs_bnf,Mapped BNF code: 06.01.02.03,candidate_requires_pharmacology_review
medication.glucose_lowering.read_v2_drug,medication,glucose_lowering,read_v2_drug,gp_scripts,read_2,exact,true,ftb2.,EUCREAS 50mg/1000mg tablets,EUCREAS 50mg/1000mg tablets,core,prescription_exposure,not applicable,read_v2_drugs_bnf,Mapped BNF code: 06.01.02.03,candidate_requires_pharmacology_review
medication.glucose_lowering.read_v2_drug,medication,glucose_lowering,read_v2_drug,gp_scripts,read_2,exact,true,ftby.,VILDAGLIPTIN/METFORMIN 50mg/1000mg tablets,VILDAGLIPTIN/METFORMIN 50mg/1000mg tablets,core,prescription_exposure,not applicable,read_v2_drugs_bnf,Mapped BNF code: 06.01.02.03,candidate_requires_pharmacology_review
medication.glucose_lowering.read_v2_drug,medication,glucose_lowering,read_v2_drug,gp_scripts,read_2,exact,true,ftbz.,VILDAGLIPTIN/METFORMIN 50mg/850mg tablets,VILDAGLIPTIN/METFORMIN 50mg/850mg tablets,core,prescription_exposure,not applicable,read_v2_drugs_bnf,Mapped BNF code: 06.01.02.03,candidate_requires_pharmacology_review
medication.glucose_lowering.read_v2_drug,medication,glucose_lowering,read_v2_drug,gp_scripts,read_2,exact,true,ftc..,LIRAGLUTIDE,LIRAGLUTIDE,core,prescription_exposure,not applicable,read_v2_drugs_bnf,Mapped BNF code: 06.01.02.03,candidate_requires_pharmacology_review
medication.glucose_lowering.read_v2_drug,medication,glucose_lowering,read_v2_drug,gp_scripts,read_2,exact,true,ftc1.,VICTOZA 6mg/mL solution for injection prefilled pen 3mL,VICTOZA 6mg/mL solution for injection prefilled pen 3mL,core,prescription_exposure,not applicable,read_v2_drugs_bnf,Mapped BNF code: 06.01.02.03,candidate_requires_pharmacology_review
medication.glucose_lowering.read_v2_drug,medication,glucose_lowering,read_v2_drug,gp_scripts,read_2,exact,true,ftc2.,LIRAGLUTIDE 6mg/mL solution for injection prefilled pen,LIRAGLUTIDE 6mg/mL solution for injection prefilled pen,core,prescription_exposure,not applicable,read_v2_drugs_bnf,Mapped BNF code: 06.01.02.03,candidate_requires_pharmacology_review
medication.glucose_lowering.read_v2_drug,medication,glucose_lowering,read_v2_drug,gp_scripts,read_2,exact,true,ftd..,SAXAGLIPTIN,SAXAGLIPTIN,core,prescription_exposure,not applicable,read_v2_drugs_bnf,Mapped BNF code: 06.01.02.03,candidate_requires_pharmacology_review
medication.glucose_lowering.read_v2_drug,medication,glucose_lowering,read_v2_drug,gp_scripts,read_2,exact,true,ftd1.,ONGLYZA 5mg tablets,ONGLYZA 5mg tablets,core,prescription_exposure,not applicable,read_v2_drugs_bnf,Mapped BNF code: 06.01.02.03,candidate_requires_pharmacology_review
medication.glucose_lowering.read_v2_drug,medication,glucose_lowering,read_v2_drug,gp_scripts,read_2,exact,true,ftd2.,ONGLYZA 2.5mg tablets,ONGLYZA 2.5mg tablets,core,prescription_exposure,not applicable,read_v2_drugs_bnf,Mapped BNF code: 06.01.02.03,candidate_requires_pharmacology_review
medication.glucose_lowering.read_v2_drug,medication,glucose_lowering,read_v2_drug,gp_scripts,read_2,exact,true,ftdy.,SAXAGLIPTIN 2.5mg tablets,SAXAGLIPTIN 2.5mg tablets,core,prescription_exposure,not applicable,read_v2_drugs_bnf,Mapped BNF code: 06.01.02.03,candidate_requires_pharmacology_review
medication.glucose_lowering.read_v2_drug,medication,glucose_lowering,read_v2_drug,gp_scripts,read_2,exact,true,ftdz.,SAXAGLIPTIN 5mg tablets,SAXAGLIPTIN 5mg tablets,core,prescription_exposure,not applicable,read_v2_drugs_bnf,Mapped BNF code: 06.01.02.03,candidate_requires_pharmacology_review
medication.glucose_lowering.read_v2_drug,medication,glucose_lowering,read_v2_drug,gp_scripts,read_2,exact,true,fte..,METFORMIN + SITAGLIPTIN,METFORMIN + SITAGLIPTIN,core,prescription_exposure,not applicable,read_v2_drugs_bnf,Mapped BNF code: 06.01.02.03,candidate_requires_pharmacology_review
medication.glucose_lowering.read_v2_drug,medication,glucose_lowering,read_v2_drug,gp_scripts,read_2,exact,true,fte1.,JANUMET 50mg/1000mg tablets,JANUMET 50mg/1000mg tablets,core,prescription_exposure,not applicable,read_v2_drugs_bnf,Mapped BNF code: 06.01.02.03,candidate_requires_pharmacology_review
medication.glucose_lowering.read_v2_drug,medication,glucose_lowering,read_v2_drug,gp_scripts,read_2,exact,true,ftez.,SITAGLIPTIN/METFORMIN HYDROCHLORIDE 50mg/1000mg tablets,SITAGLIPTIN/METFORMIN HYDROCHLORIDE 50mg/1000mg tablets,core,prescription_exposure,not applicable,read_v2_drugs_bnf,Mapped BNF code: 06.01.02.03,candidate_requires_pharmacology_review
medication.glucose_lowering.read_v2_drug,medication,glucose_lowering,read_v2_drug,gp_scripts,read_2,exact,true,ftf..,LINAGLIPTIN,LINAGLIPTIN,core,prescription_exposure,not applicable,read_v2_drugs_bnf,Mapped BNF code: 06.01.02.03,candidate_requires_pharmacology_review
medication.glucose_lowering.read_v2_drug,medication,glucose_lowering,read_v2_drug,gp_scripts,read_2,exact,true,ftf1.,TRAJENTA 5mg tablets,TRAJENTA 5mg tablets,core,prescription_exposure,not applicable,read_v2_drugs_bnf,Mapped BNF code: 06.01.02.03,candidate_requires_pharmacology_review
medication.glucose_lowering.read_v2_drug,medication,glucose_lowering,read_v2_drug,gp_scripts,read_2,exact,true,ftf2.,LINAGLIPTIN 5mg tablets,LINAGLIPTIN 5mg tablets,core,prescription_exposure,not applicable,read_v2_drugs_bnf,Mapped BNF code: 06.01.02.03,candidate_requires_pharmacology_review
medication.glucose_lowering.read_v2_drug,medication,glucose_lowering,read_v2_drug,gp_scripts,read_2,exact,true,ftg..,METFORMIN + LINAGLIPTIN,METFORMIN + LINAGLIPTIN,core,prescription_exposure,not applicable,read_v2_drugs_bnf,Mapped BNF code: 06.01.02.03,candidate_requires_pharmacology_review
medication.glucose_lowering.read_v2_drug,medication,glucose_lowering,read_v2_drug,gp_scripts,read_2,exact,true,ftg1.,JENTADUETO 2.5mg/850mg tablets,JENTADUETO 2.5mg/850mg tablets,core,prescription_exposure,not applicable,read_v2_drugs_bnf,Mapped BNF code: 06.01.02.03,candidate_requires_pharmacology_review
medication.glucose_lowering.read_v2_drug,medication,glucose_lowering,read_v2_drug,gp_scripts,read_2,exact,true,ftg2.,LINAGLIPTIN/METFORMIN HYDROCHLORIDE 2.5mg/850mg tablets,LINAGLIPTIN/METFORMIN HYDROCHLORIDE 2.5mg/850mg tablets,core,prescription_exposure,not applicable,read_v2_drugs_bnf,Mapped BNF code: 06.01.02.03,candidate_requires_pharmacology_review
medication.glucose_lowering.read_v2_drug,medication,glucose_lowering,read_v2_drug,gp_scripts,read_2,exact,true,ftg3.,JENTADUETO 2.5mg/1000mg tablets,JENTADUETO 2.5mg/1000mg tablets,core,prescription_exposure,not applicable,read_v2_drugs_bnf,Mapped BNF code: 06.01.02.03,candidate_requires_pharmacology_review
medication.glucose_lowering.read_v2_drug,medication,glucose_lowering,read_v2_drug,gp_scripts,read_2,exact,true,ftg4.,LINAGLIPTIN/METFORMIN HYDROCHLORIDE 2.5mg/1000mg tablets,LINAGLIPTIN/METFORMIN HYDROCHLORIDE 2.5mg/1000mg tablets,core,prescription_exposure,not applicable,read_v2_drugs_bnf,Mapped BNF code: 06.01.02.03,candidate_requires_pharmacology_review
medication.glucose_lowering.read_v2_drug,medication,glucose_lowering,read_v2_drug,gp_scripts,read_2,exact,true,fth..,DAPAGLIFLOZIN,DAPAGLIFLOZIN,core,prescription_exposure,not applicable,read_v2_drugs_bnf,Mapped BNF code: 06.01.02.03,candidate_requires_pharmacology_review
medication.glucose_lowering.read_v2_drug,medication,glucose_lowering,read_v2_drug,gp_scripts,read_2,exact,true,fth1.,FORXIGA 5mg tablets,FORXIGA 5mg tablets,core,prescription_exposure,not applicable,read_v2_drugs_bnf,Mapped BNF code: 06.01.02.03,candidate_requires_pharmacology_review
medication.glucose_lowering.read_v2_drug,medication,glucose_lowering,read_v2_drug,gp_scripts,read_2,exact,true,fth2.,FORXIGA 10mg tablets,FORXIGA 10mg tablets,core,prescription_exposure,not applicable,read_v2_drugs_bnf,Mapped BNF code: 06.01.02.03,candidate_requires_pharmacology_review
medication.glucose_lowering.read_v2_drug,medication,glucose_lowering,read_v2_drug,gp_scripts,read_2,exact,true,fth3.,DAPAGLIFLOZIN 5mg tablets,DAPAGLIFLOZIN 5mg tablets,core,prescription_exposure,not applicable,read_v2_drugs_bnf,Mapped BNF code: 06.01.02.03,candidate_requires_pharmacology_review
medication.glucose_lowering.read_v2_drug,medication,glucose_lowering,read_v2_drug,gp_scripts,read_2,exact,true,fth4.,DAPAGLIFLOZIN 10mg tablets,DAPAGLIFLOZIN 10mg tablets,core,prescription_exposure,not applicable,read_v2_drugs_bnf,Mapped BNF code: 06.01.02.03,candidate_requires_pharmacology_review
medication.glucose_lowering.read_v2_drug,medication,glucose_lowering,read_v2_drug,gp_scripts,read_2,exact,true,fti..,METFORMIN + SAXAGLIPTIN,METFORMIN + SAXAGLIPTIN,core,prescription_exposure,not applicable,read_v2_drugs_bnf,Mapped BNF code: 06.01.02.03,candidate_requires_pharmacology_review
medication.glucose_lowering.read_v2_drug,medication,glucose_lowering,read_v2_drug,gp_scripts,read_2,exact,true,fti1.,KOMBOGLYZE 2.5mg/850mg tablets,KOMBOGLYZE 2.5mg/850mg tablets,core,prescription_exposure,not applicable,read_v2_drugs_bnf,Mapped BNF code: 06.01.02.03,candidate_requires_pharmacology_review
medication.glucose_lowering.read_v2_drug,medication,glucose_lowering,read_v2_drug,gp_scripts,read_2,exact,true,fti2.,SAXAGLIPTIN/METFORMIN HYDROCHLORIDE 2.5mg/850mg tablets,SAXAGLIPTIN/METFORMIN HYDROCHLORIDE 2.5mg/850mg tablets,core,prescription_exposure,not applicable,read_v2_drugs_bnf,Mapped BNF code: 06.01.02.03,candidate_requires_pharmacology_review
medication.glucose_lowering.read_v2_drug,medication,glucose_lowering,read_v2_drug,gp_scripts,read_2,exact,true,fti3.,KOMBOGLYZE 2.5mg/1000mg tablets,KOMBOGLYZE 2.5mg/1000mg tablets,core,prescription_exposure,not applicable,read_v2_drugs_bnf,Mapped BNF code: 06.01.02.03,candidate_requires_pharmacology_review
medication.glucose_lowering.read_v2_drug,medication,glucose_lowering,read_v2_drug,gp_scripts,read_2,exact,true,fti4.,SAXAGLIPTIN/METFORMIN HYDROCHLORIDE 2.5mg/1000mg tablets,SAXAGLIPTIN/METFORMIN HYDROCHLORIDE 2.5mg/1000mg tablets,core,prescription_exposure,not applicable,read_v2_drugs_bnf,Mapped BNF code: 06.01.02.03,candidate_requires_pharmacology_review
medication.glucose_lowering.read_v2_drug,medication,glucose_lowering,read_v2_drug,gp_scripts,read_2,exact,true,ftj..,LIXISENATIDE,LIXISENATIDE,core,prescription_exposure,not applicable,read_v2_drugs_bnf,Mapped BNF code: 06.01.02.03,candidate_requires_pharmacology_review
medication.glucose_lowering.read_v2_drug,medication,glucose_lowering,read_v2_drug,gp_scripts,read_2,exact,true,ftj1.,LYXUMIA 10micrograms/0.2mL soln for inj prefilled pen 3mL,LYXUMIA 10micrograms/0.2mL soln for inj prefilled pen 3mL,core,prescription_exposure,not applicable,read_v2_drugs_bnf,Mapped BNF code: 06.01.02.03,candidate_requires_pharmacology_review
medication.glucose_lowering.read_v2_drug,medication,glucose_lowering,read_v2_drug,gp_scripts,read_2,exact,true,ftj2.,LIXISENATIDE 10micrograms/0.2mL soln for injection pen 3mL,LIXISENATIDE 10micrograms/0.2mL soln for injection pen 3mL,core,prescription_exposure,not applicable,read_v2_drugs_bnf,Mapped BNF code: 06.01.02.03,candidate_requires_pharmacology_review
medication.glucose_lowering.read_v2_drug,medication,glucose_lowering,read_v2_drug,gp_scripts,read_2,exact,true,ftj3.,LYXUMIA 20micrograms/0.2mL soln for inj prefilled pen 3mL,LYXUMIA 20micrograms/0.2mL soln for inj prefilled pen 3mL,core,prescription_exposure,not applicable,read_v2_drugs_bnf,Mapped BNF code: 06.01.02.03,candidate_requires_pharmacology_review
medication.glucose_lowering.read_v2_drug,medication,glucose_lowering,read_v2_drug,gp_scripts,read_2,exact,true,ftj4.,LIXISENATIDE 20micrograms/0.2mL soln for injection pen 3mL,LIXISENATIDE 20micrograms/0.2mL soln for injection pen 3mL,core,prescription_exposure,not applicable,read_v2_drugs_bnf,Mapped BNF code: 06.01.02.03,candidate_requires_pharmacology_review
medication.glucose_lowering.read_v2_drug,medication,glucose_lowering,read_v2_drug,gp_scripts,read_2,exact,true,ftj5.,LYXUMIA 10mcg/0.2mL+20mcg/0.2mL soln inj prefilled pens 3mL,LYXUMIA 10mcg/0.2mL+20mcg/0.2mL soln inj prefilled pens 3mL,core,prescription_exposure,not applicable,read_v2_drugs_bnf,Mapped BNF code: 06.01.02.03,candidate_requires_pharmacology_review
medication.glucose_lowering.read_v2_drug,medication,glucose_lowering,read_v2_drug,gp_scripts,read_2,exact,true,ftj6.,LIXISENATIDE 10mcg/0.2mL+20mcg/0.2mL soln for inj pens 3mL,LIXISENATIDE 10mcg/0.2mL+20mcg/0.2mL soln for inj pens 3mL,core,prescription_exposure,not applicable,read_v2_drugs_bnf,Mapped BNF code: 06.01.02.03,candidate_requires_pharmacology_review
medication.glucose_lowering.read_v2_drug,medication,glucose_lowering,read_v2_drug,gp_scripts,read_2,exact,true,ftk..,ALOGLIPTIN,ALOGLIPTIN,core,prescription_exposure,not applicable,read_v2_drugs_bnf,Mapped BNF code: 06.01.02.03,candidate_requires_pharmacology_review
medication.glucose_lowering.read_v2_drug,medication,glucose_lowering,read_v2_drug,gp_scripts,read_2,exact,true,ftk1.,VIPIDIA 6.25mg tablets,VIPIDIA 6.25mg tablets,core,prescription_exposure,not applicable,read_v2_drugs_bnf,Mapped BNF code: 06.01.02.03,candidate_requires_pharmacology_review
medication.glucose_lowering.read_v2_drug,medication,glucose_lowering,read_v2_drug,gp_scripts,read_2,exact,true,ftk2.,ALOGLIPTIN 6.25mg tablets,ALOGLIPTIN 6.25mg tablets,core,prescription_exposure,not applicable,read_v2_drugs_bnf,Mapped BNF code: 06.01.02.03,candidate_requires_pharmacology_review
medication.glucose_lowering.read_v2_drug,medication,glucose_lowering,read_v2_drug,gp_scripts,read_2,exact,true,ftk3.,VIPIDIA 12.5mg tablets,VIPIDIA 12.5mg tablets,core,prescription_exposure,not applicable,read_v2_drugs_bnf,Mapped BNF code: 06.01.02.03,candidate_requires_pharmacology_review
medication.glucose_lowering.read_v2_drug,medication,glucose_lowering,read_v2_drug,gp_scripts,read_2,exact,true,ftk4.,ALOGLIPTIN 12.5mg tablets,ALOGLIPTIN 12.5mg tablets,core,prescription_exposure,not applicable,read_v2_drugs_bnf,Mapped BNF code: 06.01.02.03,candidate_requires_pharmacology_review
medication.glucose_lowering.read_v2_drug,medication,glucose_lowering,read_v2_drug,gp_scripts,read_2,exact,true,ftk5.,VIPIDIA 25mg tablets,VIPIDIA 25mg tablets,core,prescription_exposure,not applicable,read_v2_drugs_bnf,Mapped BNF code: 06.01.02.03,candidate_requires_pharmacology_review
medication.glucose_lowering.read_v2_drug,medication,glucose_lowering,read_v2_drug,gp_scripts,read_2,exact,true,ftk6.,ALOGLIPTIN 25mg tablets,ALOGLIPTIN 25mg tablets,core,prescription_exposure,not applicable,read_v2_drugs_bnf,Mapped BNF code: 06.01.02.03,candidate_requires_pharmacology_review
medication.glucose_lowering.read_v2_drug,medication,glucose_lowering,read_v2_drug,gp_scripts,read_2,exact,true,ftl..,METFORMIN + ALOGLIPTIN,METFORMIN + ALOGLIPTIN,core,prescription_exposure,not applicable,read_v2_drugs_bnf,Mapped BNF code: 06.01.02.03,candidate_requires_pharmacology_review
medication.glucose_lowering.read_v2_drug,medication,glucose_lowering,read_v2_drug,gp_scripts,read_2,exact,true,ftl1.,VIPDOMET 12.5mg/1000mg tablets,VIPDOMET 12.5mg/1000mg tablets,core,prescription_exposure,not applicable,read_v2_drugs_bnf,Mapped BNF code: 06.01.02.03,candidate_requires_pharmacology_review
medication.glucose_lowering.read_v2_drug,medication,glucose_lowering,read_v2_drug,gp_scripts,read_2,exact,true,ftl2.,ALOGLIPTIN+METFORMIN HYDROCHLORIDE 12.5mg/1000mg tablets,ALOGLIPTIN+METFORMIN HYDROCHLORIDE 12.5mg/1000mg tablets,core,prescription_exposure,not applicable,read_v2_drugs_bnf,Mapped BNF code: 06.01.02.03,candidate_requires_pharmacology_review
medication.glucose_lowering.read_v2_drug,medication,glucose_lowering,read_v2_drug,gp_scripts,read_2,exact,true,ftm..,METFORMIN + DAPAGLIFLOZIN,METFORMIN + DAPAGLIFLOZIN,core,prescription_exposure,not applicable,read_v2_drugs_bnf,Mapped BNF code: 06.01.02.03,candidate_requires_pharmacology_review
medication.glucose_lowering.read_v2_drug,medication,glucose_lowering,read_v2_drug,gp_scripts,read_2,exact,true,ftm1.,XIGDUO 5mg/850mg tablets,XIGDUO 5mg/850mg tablets,core,prescription_exposure,not applicable,read_v2_drugs_bnf,Mapped BNF code: 06.01.02.03,candidate_requires_pharmacology_review
medication.glucose_lowering.read_v2_drug,medication,glucose_lowering,read_v2_drug,gp_scripts,read_2,exact,true,ftm2.,DAPAGLIFLOZIN+METFORMIN HYDROCHLORIDE 5mg/850mg tablets,DAPAGLIFLOZIN+METFORMIN HYDROCHLORIDE 5mg/850mg tablets,core,prescription_exposure,not applicable,read_v2_drugs_bnf,Mapped BNF code: 06.01.02.03,candidate_requires_pharmacology_review
medication.glucose_lowering.read_v2_drug,medication,glucose_lowering,read_v2_drug,gp_scripts,read_2,exact,true,ftm3.,XIGDUO 5mg/1000mg tablets,XIGDUO 5mg/1000mg tablets,core,prescription_exposure,not applicable,read_v2_drugs_bnf,Mapped BNF code: 06.01.02.03,candidate_requires_pharmacology_review
medication.glucose_lowering.read_v2_drug,medication,glucose_lowering,read_v2_drug,gp_scripts,read_2,exact,true,ftm4.,DAPAGLIFLOZIN+METFORMIN HYDROCHLORIDE 5mg/1000mg tablets,DAPAGLIFLOZIN+METFORMIN HYDROCHLORIDE 5mg/1000mg tablets,core,prescription_exposure,not applicable,read_v2_drugs_bnf,Mapped BNF code: 06.01.02.03,candidate_requires_pharmacology_review
medication.glucose_lowering.read_v2_drug,medication,glucose_lowering,read_v2_drug,gp_scripts,read_2,exact,true,ftn..,CANAGLIFLOZIN,CANAGLIFLOZIN,core,prescription_exposure,not applicable,read_v2_drugs_bnf,Mapped BNF code: 06.01.02.03,candidate_requires_pharmacology_review
medication.glucose_lowering.read_v2_drug,medication,glucose_lowering,read_v2_drug,gp_scripts,read_2,exact,true,ftn1.,INVOKANA 100mg tablets,INVOKANA 100mg tablets,core,prescription_exposure,not applicable,read_v2_drugs_bnf,Mapped BNF code: 06.01.02.03,candidate_requires_pharmacology_review
medication.glucose_lowering.read_v2_drug,medication,glucose_lowering,read_v2_drug,gp_scripts,read_2,exact,true,ftn2.,CANAGLIFLOZIN 100mg tablets,CANAGLIFLOZIN 100mg tablets,core,prescription_exposure,not applicable,read_v2_drugs_bnf,Mapped BNF code: 06.01.02.03,candidate_requires_pharmacology_review
medication.glucose_lowering.read_v2_drug,medication,glucose_lowering,read_v2_drug,gp_scripts,read_2,exact,true,ftn3.,INVOKANA 300mg tablets,INVOKANA 300mg tablets,core,prescription_exposure,not applicable,read_v2_drugs_bnf,Mapped BNF code: 06.01.02.03,candidate_requires_pharmacology_review
medication.glucose_lowering.read_v2_drug,medication,glucose_lowering,read_v2_drug,gp_scripts,read_2,exact,true,ftn4.,CANAGLIFLOZIN 300mg tablets,CANAGLIFLOZIN 300mg tablets,core,prescription_exposure,not applicable,read_v2_drugs_bnf,Mapped BNF code: 06.01.02.03,candidate_requires_pharmacology_review
medication.glucose_lowering.read_v2_drug,medication,glucose_lowering,read_v2_drug,gp_scripts,read_2,exact,true,fto..,EMPAGLIFLOZIN,EMPAGLIFLOZIN,core,prescription_exposure,not applicable,read_v2_drugs_bnf,Mapped BNF code: 06.01.02.03,candidate_requires_pharmacology_review
medication.glucose_lowering.read_v2_drug,medication,glucose_lowering,read_v2_drug,gp_scripts,read_2,exact,true,fto1.,JARDIANCE 10mg tablets,JARDIANCE 10mg tablets,core,prescription_exposure,not applicable,read_v2_drugs_bnf,Mapped BNF code: 06.01.02.03,candidate_requires_pharmacology_review
medication.glucose_lowering.read_v2_drug,medication,glucose_lowering,read_v2_drug,gp_scripts,read_2,exact,true,fto2.,EMPAGLIFLOZIN 10mg tablets,EMPAGLIFLOZIN 10mg tablets,core,prescription_exposure,not applicable,read_v2_drugs_bnf,Mapped BNF code: 06.01.02.03,candidate_requires_pharmacology_review
medication.glucose_lowering.read_v2_drug,medication,glucose_lowering,read_v2_drug,gp_scripts,read_2,exact,true,fto3.,JARDIANCE 25mg tablets,JARDIANCE 25mg tablets,core,prescription_exposure,not applicable,read_v2_drugs_bnf,Mapped BNF code: 06.01.02.03,candidate_requires_pharmacology_review
medication.glucose_lowering.read_v2_drug,medication,glucose_lowering,read_v2_drug,gp_scripts,read_2,exact,true,fto4.,EMPAGLIFLOZIN 25mg tablets,EMPAGLIFLOZIN 25mg tablets,core,prescription_exposure,not applicable,read_v2_drugs_bnf,Mapped BNF code: 06.01.02.03,candidate_requires_pharmacology_review
medication.glucose_lowering.read_v2_drug,medication,glucose_lowering,read_v2_drug,gp_scripts,read_2,exact,true,ftp..,METFORMIN + CANAGLIFLOZIN,METFORMIN + CANAGLIFLOZIN,core,prescription_exposure,not applicable,read_v2_drugs_bnf,Mapped BNF code: 06.01.02.03,candidate_requires_pharmacology_review
medication.glucose_lowering.read_v2_drug,medication,glucose_lowering,read_v2_drug,gp_scripts,read_2,exact,true,ftp1.,VOKANAMET 50mg/850mg tablets,VOKANAMET 50mg/850mg tablets,core,prescription_exposure,not applicable,read_v2_drugs_bnf,Mapped BNF code: 06.01.02.03,candidate_requires_pharmacology_review
medication.glucose_lowering.read_v2_drug,medication,glucose_lowering,read_v2_drug,gp_scripts,read_2,exact,true,ftp2.,CANAGLIFLOZIN+METFORMIN HYDROCHLORIDE 50mg/850mg tablets,CANAGLIFLOZIN+METFORMIN HYDROCHLORIDE 50mg/850mg tablets,core,prescription_exposure,not applicable,read_v2_drugs_bnf,Mapped BNF code: 06.01.02.03,candidate_requires_pharmacology_review
medication.glucose_lowering.read_v2_drug,medication,glucose_lowering,read_v2_drug,gp_scripts,read_2,exact,true,ftp3.,VOKANAMET 50mg/1000mg tablets,VOKANAMET 50mg/1000mg tablets,core,prescription_exposure,not applicable,read_v2_drugs_bnf,Mapped BNF code: 06.01.02.03,candidate_requires_pharmacology_review
medication.glucose_lowering.read_v2_drug,medication,glucose_lowering,read_v2_drug,gp_scripts,read_2,exact,true,ftp4.,CANAGLIFLOZIN+METFORMIN HYDROCHLORIDE 50mg/1000mg tablets,CANAGLIFLOZIN+METFORMIN HYDROCHLORIDE 50mg/1000mg tablets,core,prescription_exposure,not applicable,read_v2_drugs_bnf,Mapped BNF code: 06.01.02.03,candidate_requires_pharmacology_review
medication.glucose_lowering.read_v2_drug,medication,glucose_lowering,read_v2_drug,gp_scripts,read_2,exact,true,ftq..,DULAGLUTIDE,DULAGLUTIDE,core,prescription_exposure,not applicable,read_v2_drugs_bnf,Mapped BNF code: 06.01.02.03,candidate_requires_pharmacology_review
medication.glucose_lowering.read_v2_drug,medication,glucose_lowering,read_v2_drug,gp_scripts,read_2,exact,true,ftq1.,TRULICITY 750micrograms/0.5mL soln for injection p/f pen,TRULICITY 750micrograms/0.5mL soln for injection p/f pen,core,prescription_exposure,not applicable,read_v2_drugs_bnf,Mapped BNF code: 06.01.02.03,candidate_requires_pharmacology_review
medication.glucose_lowering.read_v2_drug,medication,glucose_lowering,read_v2_drug,gp_scripts,read_2,exact,true,ftq2.,DULAGLUTIDE 750micrograms/0.5mL soln for injection p/f pen,DULAGLUTIDE 750micrograms/0.5mL soln for injection p/f pen,core,prescription_exposure,not applicable,read_v2_drugs_bnf,Mapped BNF code: 06.01.02.03,candidate_requires_pharmacology_review
medication.glucose_lowering.read_v2_drug,medication,glucose_lowering,read_v2_drug,gp_scripts,read_2,exact,true,ftq3.,TRULICITY 1.5mg/0.5mL solution for injection prefilled pen,TRULICITY 1.5mg/0.5mL solution for injection prefilled pen,core,prescription_exposure,not applicable,read_v2_drugs_bnf,Mapped BNF code: 06.01.02.03,candidate_requires_pharmacology_review
medication.glucose_lowering.read_v2_drug,medication,glucose_lowering,read_v2_drug,gp_scripts,read_2,exact,true,ftq4.,DULAGLUTIDE 1.5mg/0.5mL soln for injection prefilled pen,DULAGLUTIDE 1.5mg/0.5mL soln for injection prefilled pen,core,prescription_exposure,not applicable,read_v2_drugs_bnf,Mapped BNF code: 06.01.02.03,candidate_requires_pharmacology_review
medication.glucose_lowering.read_v2_drug,medication,glucose_lowering,read_v2_drug,gp_scripts,read_2,exact,true,ftq5.,TRULICITY 750micrograms/0.5mL soln for inj prefilled syringe,TRULICITY 750micrograms/0.5mL soln for inj prefilled syringe,core,prescription_exposure,not applicable,read_v2_drugs_bnf,Mapped BNF code: 06.01.02.03,candidate_requires_pharmacology_review
medication.glucose_lowering.read_v2_drug,medication,glucose_lowering,read_v2_drug,gp_scripts,read_2,exact,true,ftq6.,DULAGLUTIDE 750micrograms/0.5mL solution for injection pfs,DULAGLUTIDE 750micrograms/0.5mL solution for injection pfs,core,prescription_exposure,not applicable,read_v2_drugs_bnf,Mapped BNF code: 06.01.02.03,candidate_requires_pharmacology_review
medication.glucose_lowering.read_v2_drug,medication,glucose_lowering,read_v2_drug,gp_scripts,read_2,exact,true,ftq7.,TRULICITY 1.5mg/0.5mL soln for injection prefilled syringe,TRULICITY 1.5mg/0.5mL soln for injection prefilled syringe,core,prescription_exposure,not applicable,read_v2_drugs_bnf,Mapped BNF code: 06.01.02.03,candidate_requires_pharmacology_review
medication.glucose_lowering.read_v2_drug,medication,glucose_lowering,read_v2_drug,gp_scripts,read_2,exact,true,ftq8.,DULAGLUTIDE 1.5mg/0.5mL soln for injection prefilled syringe,DULAGLUTIDE 1.5mg/0.5mL soln for injection prefilled syringe,core,prescription_exposure,not applicable,read_v2_drugs_bnf,Mapped BNF code: 06.01.02.03,candidate_requires_pharmacology_review
medication.glucose_lowering.read_v2_drug,medication,glucose_lowering,read_v2_drug,gp_scripts,read_2,exact,true,ftr..,METFORMIN + EMPAGLIFLOZIN,METFORMIN + EMPAGLIFLOZIN,core,prescription_exposure,not applicable,read_v2_drugs_bnf,Mapped BNF code: 06.01.02.03,candidate_requires_pharmacology_review
medication.glucose_lowering.read_v2_drug,medication,glucose_lowering,read_v2_drug,gp_scripts,read_2,exact,true,ftr1.,SYNJARDY 5mg/850mg tablets,SYNJARDY 5mg/850mg tablets,core,prescription_exposure,not applicable,read_v2_drugs_bnf,Mapped BNF code: 06.01.02.03,candidate_requires_pharmacology_review
medication.glucose_lowering.read_v2_drug,medication,glucose_lowering,read_v2_drug,gp_scripts,read_2,exact,true,ftr2.,EMPAGLIFLOZIN+METFORMIN HYDROCHLORIDE 5mg/850mg tablets,EMPAGLIFLOZIN+METFORMIN HYDROCHLORIDE 5mg/850mg tablets,core,prescription_exposure,not applicable,read_v2_drugs_bnf,Mapped BNF code: 06.01.02.03,candidate_requires_pharmacology_review
medication.glucose_lowering.read_v2_drug,medication,glucose_lowering,read_v2_drug,gp_scripts,read_2,exact,true,ftr3.,SYNJARDY 5mg/1000mg tablets,SYNJARDY 5mg/1000mg tablets,core,prescription_exposure,not applicable,read_v2_drugs_bnf,Mapped BNF code: 06.01.02.03,candidate_requires_pharmacology_review
medication.glucose_lowering.read_v2_drug,medication,glucose_lowering,read_v2_drug,gp_scripts,read_2,exact,true,ftr4.,EMPAGLIFLOZIN+METFORMIN HYDROCHLORIDE 5mg/1000mg tablets,EMPAGLIFLOZIN+METFORMIN HYDROCHLORIDE 5mg/1000mg tablets,core,prescription_exposure,not applicable,read_v2_drugs_bnf,Mapped BNF code: 06.01.02.03,candidate_requires_pharmacology_review
medication.glucose_lowering.read_v2_drug,medication,glucose_lowering,read_v2_drug,gp_scripts,read_2,exact,true,ftr5.,SYNJARDY 12.5mg/850mg tablets,SYNJARDY 12.5mg/850mg tablets,core,prescription_exposure,not applicable,read_v2_drugs_bnf,Mapped BNF code: 06.01.02.03,candidate_requires_pharmacology_review
medication.glucose_lowering.read_v2_drug,medication,glucose_lowering,read_v2_drug,gp_scripts,read_2,exact,true,ftr6.,EMPAGLIFLOZIN+METFORMIN HYDROCHLORIDE 12.5mg/850mg tablets,EMPAGLIFLOZIN+METFORMIN HYDROCHLORIDE 12.5mg/850mg tablets,core,prescription_exposure,not applicable,read_v2_drugs_bnf,Mapped BNF code: 06.01.02.03,candidate_requires_pharmacology_review
medication.glucose_lowering.read_v2_drug,medication,glucose_lowering,read_v2_drug,gp_scripts,read_2,exact,true,ftr7.,SYNJARDY 12.5mg/1000mg tablets,SYNJARDY 12.5mg/1000mg tablets,core,prescription_exposure,not applicable,read_v2_drugs_bnf,Mapped BNF code: 06.01.02.03,candidate_requires_pharmacology_review
medication.glucose_lowering.read_v2_drug,medication,glucose_lowering,read_v2_drug,gp_scripts,read_2,exact,true,ftr8.,EMPAGLIFLOZIN+METFORMIN HYDROCHLORIDE 12.5mg/1000mg tablets,EMPAGLIFLOZIN+METFORMIN HYDROCHLORIDE 12.5mg/1000mg tablets,core,prescription_exposure,not applicable,read_v2_drugs_bnf,Mapped BNF code: 06.01.02.03,candidate_requires_pharmacology_review
medication.glucose_lowering.read_v2_drug,medication,glucose_lowering,read_v2_drug,gp_scripts,read_2,exact,true,fts..,ALBIGLUTIDE,ALBIGLUTIDE,core,prescription_exposure,not applicable,read_v2_drugs_bnf,Mapped BNF code: 06.01.02.03,candidate_requires_pharmacology_review
medication.glucose_lowering.read_v2_drug,medication,glucose_lowering,read_v2_drug,gp_scripts,read_2,exact,true,fts1.,EPERZAN 30mg powder+solvent for solution for injection,EPERZAN 30mg powder+solvent for solution for injection,core,prescription_exposure,not applicable,read_v2_drugs_bnf,Mapped BNF code: 06.01.02.03,candidate_requires_pharmacology_review
medication.glucose_lowering.read_v2_drug,medication,glucose_lowering,read_v2_drug,gp_scripts,read_2,exact,true,fts2.,ALBIGLUTIDE 30mg powder+solvent for solution for injection,ALBIGLUTIDE 30mg powder+solvent for solution for injection,core,prescription_exposure,not applicable,read_v2_drugs_bnf,Mapped BNF code: 06.01.02.03,candidate_requires_pharmacology_review
medication.glucose_lowering.read_v2_drug,medication,glucose_lowering,read_v2_drug,gp_scripts,read_2,exact,true,fw...,SHORT WITH INTERMEDIATE-ACTING INSULINS,SHORT WITH INTERMEDIATE-ACTING INSULINS,core,prescription_exposure,not applicable,read_v2_drugs_bnf,Mapped BNF code: 06.01.01.02,candidate_requires_pharmacology_review
medication.glucose_lowering.read_v2_drug,medication,glucose_lowering,read_v2_drug,gp_scripts,read_2,exact,true,fw1..,BIPHASIC ISOPHANE INSULIN LISPRO,BIPHASIC ISOPHANE INSULIN LISPRO,core,prescription_exposure,not applicable,read_v2_drugs_bnf,Mapped BNF code: 06.01.01.02,candidate_requires_pharmacology_review
medication.glucose_lowering.read_v2_drug,medication,glucose_lowering,read_v2_drug,gp_scripts,read_2,exact,true,fw11.,HUMALOG MIX25 100iu/mL cartridges 3mL,HUMALOG MIX25 100iu/mL cartridges 3mL,core,prescription_exposure,not applicable,read_v2_drugs_bnf,Mapped BNF code: 06.01.01.02,candidate_requires_pharmacology_review
medication.glucose_lowering.read_v2_drug,medication,glucose_lowering,read_v2_drug,gp_scripts,read_2,exact,true,fw12.,HUMALOG MIX25 100iu/mL prefilled pen 3mL,HUMALOG MIX25 100iu/mL prefilled pen 3mL,core,prescription_exposure,not applicable,read_v2_drugs_bnf,Mapped BNF code: 06.01.01.02,candidate_requires_pharmacology_review
medication.glucose_lowering.read_v2_drug,medication,glucose_lowering,read_v2_drug,gp_scripts,read_2,exact,true,fw13.,HUMALOG MIX50 100iu/mL prefilled pen 3mL,HUMALOG MIX50 100iu/mL prefilled pen 3mL,core,prescription_exposure,not applicable,read_v2_drugs_bnf,Mapped BNF code: 06.01.01.02,candidate_requires_pharmacology_review
medication.glucose_lowering.read_v2_drug,medication,glucose_lowering,read_v2_drug,gp_scripts,read_2,exact,true,fw14.,HUMALOG MIX50 100iu/mL cartridges 3mL,HUMALOG MIX50 100iu/mL cartridges 3mL,core,prescription_exposure,not applicable,read_v2_drugs_bnf,Mapped BNF code: 06.01.01.02,candidate_requires_pharmacology_review
medication.glucose_lowering.read_v2_drug,medication,glucose_lowering,read_v2_drug,gp_scripts,read_2,exact,true,fw15.,HUMALOG MIX25 KWIKPEN 100iu/mL prefilled pen 3mL,HUMALOG MIX25 KWIKPEN 100iu/mL prefilled pen 3mL,core,prescription_exposure,not applicable,read_v2_drugs_bnf,Mapped BNF code: 06.01.01.02,candidate_requires_pharmacology_review
medication.glucose_lowering.read_v2_drug,medication,glucose_lowering,read_v2_drug,gp_scripts,read_2,exact,true,fw16.,HUMALOG MIX50 KWIKPEN 100iu/mL prefilled pen 3mL,HUMALOG MIX50 KWIKPEN 100iu/mL prefilled pen 3mL,core,prescription_exposure,not applicable,read_v2_drugs_bnf,Mapped BNF code: 06.01.01.02,candidate_requires_pharmacology_review
medication.glucose_lowering.read_v2_drug,medication,glucose_lowering,read_v2_drug,gp_scripts,read_2,exact,true,fw2..,BIPHASIC INSULIN ASPART,BIPHASIC INSULIN ASPART,core,prescription_exposure,not applicable,read_v2_drugs_bnf,Mapped BNF code: 06.01.01.02,candidate_requires_pharmacology_review
medication.glucose_lowering.read_v2_drug,medication,glucose_lowering,read_v2_drug,gp_scripts,read_2,exact,true,fw21.,NOVOMIX 30 PENFILL 100units/mL injection cartridges 3mL,NOVOMIX 30 PENFILL 100units/mL injection cartridges 3mL,core,prescription_exposure,not applicable,read_v2_drugs_bnf,Mapped BNF code: 06.01.01.02,candidate_requires_pharmacology_review
medication.glucose_lowering.read_v2_drug,medication,glucose_lowering,read_v2_drug,gp_scripts,read_2,exact,true,fw22.,NOVOMIX 30 FLEXPEN 100units/mL injection prefilled pen 3mL,NOVOMIX 30 FLEXPEN 100units/mL injection prefilled pen 3mL,core,prescription_exposure,not applicable,read_v2_drugs_bnf,Mapped BNF code: 06.01.01.02,candidate_requires_pharmacology_review
medication.glucose_lowering.read_v2_drug,medication,glucose_lowering,read_v2_drug,gp_scripts,read_2,exact,true,iz16.,*GUARINA sachets,*GUARINA sachets,core,prescription_exposure,not applicable,read_v2_drugs_bnf,Mapped BNF code: 06.01.02.03,candidate_requires_pharmacology_review
medication.lipid_lowering.bnf,medication,lipid_lowering,bnf,gp_scripts,bnf_code,prefix,true,021200000,Other Lipid-Regulating Preps,Other Lipid-Regulating Preps,core,prescription_exposure,not applicable,bnf_lkp,Lipid-Regulating Drugs | Lipid-Regulating Drugs | Lipid-Regulating Drugs | Cardiovascular System,candidate_requires_pharmacology_review
medication.lipid_lowering.bnf,medication,lipid_lowering,bnf,gp_scripts,bnf_code,prefix,true,021200010,Ciprofibrate,Ciprofibrate,core,prescription_exposure,not applicable,bnf_lkp,Lipid-Regulating Drugs | Lipid-Regulating Drugs | Lipid-Regulating Drugs | Cardiovascular System,candidate_requires_pharmacology_review
medication.lipid_lowering.bnf,medication,lipid_lowering,bnf,gp_scripts,bnf_code,prefix,true,0212000A0,Acipimox,Acipimox,core,prescription_exposure,not applicable,bnf_lkp,Lipid-Regulating Drugs | Lipid-Regulating Drugs | Lipid-Regulating Drugs | Cardiovascular System,candidate_requires_pharmacology_review
medication.lipid_lowering.bnf,medication,lipid_lowering,bnf,gp_scripts,bnf_code,prefix,true,0212000AA,Rosuvastatin Calcium,Rosuvastatin Calcium,core,prescription_exposure,not applicable,bnf_lkp,Lipid-Regulating Drugs | Lipid-Regulating Drugs | Lipid-Regulating Drugs | Cardiovascular System,candidate_requires_pharmacology_review
medication.lipid_lowering.bnf,medication,lipid_lowering,bnf,gp_scripts,bnf_code,prefix,true,0212000AB,Omega-3-Acid Ethyl Esters,Omega-3-Acid Ethyl Esters,core,prescription_exposure,not applicable,bnf_lkp,Lipid-Regulating Drugs | Lipid-Regulating Drugs | Lipid-Regulating Drugs | Cardiovascular System,candidate_requires_pharmacology_review
medication.lipid_lowering.bnf,medication,lipid_lowering,bnf,gp_scripts,bnf_code,prefix,true,0212000AC,Simvastatin & Ezetimibe,Simvastatin & Ezetimibe,core,prescription_exposure,not applicable,bnf_lkp,Lipid-Regulating Drugs | Lipid-Regulating Drugs | Lipid-Regulating Drugs | Cardiovascular System,candidate_requires_pharmacology_review
medication.lipid_lowering.bnf,medication,lipid_lowering,bnf,gp_scripts,bnf_code,prefix,true,0212000AD,Colesevelam Hydrochloride,Colesevelam Hydrochloride,core,prescription_exposure,not applicable,bnf_lkp,Lipid-Regulating Drugs | Lipid-Regulating Drugs | Lipid-Regulating Drugs | Cardiovascular System,candidate_requires_pharmacology_review
medication.lipid_lowering.bnf,medication,lipid_lowering,bnf,gp_scripts,bnf_code,prefix,true,0212000AE,Nicotinic Acid/Laropiprant,Nicotinic Acid/Laropiprant,core,prescription_exposure,not applicable,bnf_lkp,Lipid-Regulating Drugs | Lipid-Regulating Drugs | Lipid-Regulating Drugs | Cardiovascular System,candidate_requires_pharmacology_review
medication.lipid_lowering.bnf,medication,lipid_lowering,bnf,gp_scripts,bnf_code,prefix,true,0212000AF,Lomitapide,Lomitapide,core,prescription_exposure,not applicable,bnf_lkp,Lipid-Regulating Drugs | Lipid-Regulating Drugs | Lipid-Regulating Drugs | Cardiovascular System,candidate_requires_pharmacology_review
medication.lipid_lowering.bnf,medication,lipid_lowering,bnf,gp_scripts,bnf_code,prefix,true,0212000AG,Policosanol,Policosanol,core,prescription_exposure,not applicable,bnf_lkp,Lipid-Regulating Drugs | Lipid-Regulating Drugs | Lipid-Regulating Drugs | Cardiovascular System,candidate_requires_pharmacology_review
medication.lipid_lowering.bnf,medication,lipid_lowering,bnf,gp_scripts,bnf_code,prefix,true,0212000AH,Evolocumab,Evolocumab,core,prescription_exposure,not applicable,bnf_lkp,Lipid-Regulating Drugs | Lipid-Regulating Drugs | Lipid-Regulating Drugs | Cardiovascular System,candidate_requires_pharmacology_review
medication.lipid_lowering.bnf,medication,lipid_lowering,bnf,gp_scripts,bnf_code,prefix,true,0212000AI,Alirocumab,Alirocumab,core,prescription_exposure,not applicable,bnf_lkp,Lipid-Regulating Drugs | Lipid-Regulating Drugs | Lipid-Regulating Drugs | Cardiovascular System,candidate_requires_pharmacology_review
medication.lipid_lowering.bnf,medication,lipid_lowering,bnf,gp_scripts,bnf_code,prefix,true,0212000AJ,Fenofibrate/Simvastatin,Fenofibrate/Simvastatin,core,prescription_exposure,not applicable,bnf_lkp,Lipid-Regulating Drugs | Lipid-Regulating Drugs | Lipid-Regulating Drugs | Cardiovascular System,candidate_requires_pharmacology_review
medication.lipid_lowering.bnf,medication,lipid_lowering,bnf,gp_scripts,bnf_code,prefix,true,0212000B0,Atorvastatin,Atorvastatin,core,prescription_exposure,not applicable,bnf_lkp,Lipid-Regulating Drugs | Lipid-Regulating Drugs | Lipid-Regulating Drugs | Cardiovascular System,candidate_requires_pharmacology_review
medication.lipid_lowering.bnf,medication,lipid_lowering,bnf,gp_scripts,bnf_code,prefix,true,0212000C0,Cerivastatin,Cerivastatin,core,prescription_exposure,not applicable,bnf_lkp,Lipid-Regulating Drugs | Lipid-Regulating Drugs | Lipid-Regulating Drugs | Cardiovascular System,candidate_requires_pharmacology_review
medication.lipid_lowering.bnf,medication,lipid_lowering,bnf,gp_scripts,bnf_code,prefix,true,0212000D0,Bezafibrate,Bezafibrate,core,prescription_exposure,not applicable,bnf_lkp,Lipid-Regulating Drugs | Lipid-Regulating Drugs | Lipid-Regulating Drugs | Cardiovascular System,candidate_requires_pharmacology_review
medication.lipid_lowering.bnf,medication,lipid_lowering,bnf,gp_scripts,bnf_code,prefix,true,0212000F0,Colestyramine,Colestyramine,core,prescription_exposure,not applicable,bnf_lkp,Lipid-Regulating Drugs | Lipid-Regulating Drugs | Lipid-Regulating Drugs | Cardiovascular System,candidate_requires_pharmacology_review
medication.lipid_lowering.bnf,medication,lipid_lowering,bnf,gp_scripts,bnf_code,prefix,true,0212000G0,Chondroitin  Sulphate A,Chondroitin  Sulphate A,core,prescription_exposure,not applicable,bnf_lkp,Lipid-Regulating Drugs | Lipid-Regulating Drugs | Lipid-Regulating Drugs | Cardiovascular System,candidate_requires_pharmacology_review
medication.lipid_lowering.bnf,medication,lipid_lowering,bnf,gp_scripts,bnf_code,prefix,true,0212000I0,Clofibrate,Clofibrate,core,prescription_exposure,not applicable,bnf_lkp,Lipid-Regulating Drugs | Lipid-Regulating Drugs | Lipid-Regulating Drugs | Cardiovascular System,candidate_requires_pharmacology_review
medication.lipid_lowering.bnf,medication,lipid_lowering,bnf,gp_scripts,bnf_code,prefix,true,0212000J0,Ispaghula Husk,Ispaghula Husk,core,prescription_exposure,not applicable,bnf_lkp,Lipid-Regulating Drugs | Lipid-Regulating Drugs | Lipid-Regulating Drugs | Cardiovascular System,candidate_requires_pharmacology_review
medication.lipid_lowering.bnf,medication,lipid_lowering,bnf,gp_scripts,bnf_code,prefix,true,0212000K0,Colestipol Hydrochloride,Colestipol Hydrochloride,core,prescription_exposure,not applicable,bnf_lkp,Lipid-Regulating Drugs | Lipid-Regulating Drugs | Lipid-Regulating Drugs | Cardiovascular System,candidate_requires_pharmacology_review
medication.lipid_lowering.bnf,medication,lipid_lowering,bnf,gp_scripts,bnf_code,prefix,true,0212000L0,Ezetimibe,Ezetimibe,core,prescription_exposure,not applicable,bnf_lkp,Lipid-Regulating Drugs | Lipid-Regulating Drugs | Lipid-Regulating Drugs | Cardiovascular System,candidate_requires_pharmacology_review
medication.lipid_lowering.bnf,medication,lipid_lowering,bnf,gp_scripts,bnf_code,prefix,true,0212000M0,Fluvastatin Sodium,Fluvastatin Sodium,core,prescription_exposure,not applicable,bnf_lkp,Lipid-Regulating Drugs | Lipid-Regulating Drugs | Lipid-Regulating Drugs | Cardiovascular System,candidate_requires_pharmacology_review
medication.lipid_lowering.bnf,medication,lipid_lowering,bnf,gp_scripts,bnf_code,prefix,true,0212000N0,Dextrothyroxine Sodium,Dextrothyroxine Sodium,core,prescription_exposure,not applicable,bnf_lkp,Lipid-Regulating Drugs | Lipid-Regulating Drugs | Lipid-Regulating Drugs | Cardiovascular System,candidate_requires_pharmacology_review
medication.lipid_lowering.bnf,medication,lipid_lowering,bnf,gp_scripts,bnf_code,prefix,true,0212000P0,Fenofibrate,Fenofibrate,core,prescription_exposure,not applicable,bnf_lkp,Lipid-Regulating Drugs | Lipid-Regulating Drugs | Lipid-Regulating Drugs | Cardiovascular System,candidate_requires_pharmacology_review
medication.lipid_lowering.bnf,medication,lipid_lowering,bnf,gp_scripts,bnf_code,prefix,true,0212000Q0,Gemfibrozil,Gemfibrozil,core,prescription_exposure,not applicable,bnf_lkp,Lipid-Regulating Drugs | Lipid-Regulating Drugs | Lipid-Regulating Drugs | Cardiovascular System,candidate_requires_pharmacology_review
medication.lipid_lowering.bnf,medication,lipid_lowering,bnf,gp_scripts,bnf_code,prefix,true,0212000R0,Lovastatin,Lovastatin,core,prescription_exposure,not applicable,bnf_lkp,Lipid-Regulating Drugs | Lipid-Regulating Drugs | Lipid-Regulating Drugs | Cardiovascular System,candidate_requires_pharmacology_review
medication.lipid_lowering.bnf,medication,lipid_lowering,bnf,gp_scripts,bnf_code,prefix,true,0212000S0,Nicofuranose,Nicofuranose,core,prescription_exposure,not applicable,bnf_lkp,Lipid-Regulating Drugs | Lipid-Regulating Drugs | Lipid-Regulating Drugs | Cardiovascular System,candidate_requires_pharmacology_review
medication.lipid_lowering.bnf,medication,lipid_lowering,bnf,gp_scripts,bnf_code,prefix,true,0212000U0,Nicotinic Acid,Nicotinic Acid,core,prescription_exposure,not applicable,bnf_lkp,Lipid-Regulating Drugs | Lipid-Regulating Drugs | Lipid-Regulating Drugs | Cardiovascular System,candidate_requires_pharmacology_review
medication.lipid_lowering.bnf,medication,lipid_lowering,bnf,gp_scripts,bnf_code,prefix,true,0212000V0,Omega-3 Marine Triglycerides,Omega-3 Marine Triglycerides,core,prescription_exposure,not applicable,bnf_lkp,Lipid-Regulating Drugs | Lipid-Regulating Drugs | Lipid-Regulating Drugs | Cardiovascular System,candidate_requires_pharmacology_review
medication.lipid_lowering.bnf,medication,lipid_lowering,bnf,gp_scripts,bnf_code,prefix,true,0212000W0,Probucol,Probucol,core,prescription_exposure,not applicable,bnf_lkp,Lipid-Regulating Drugs | Lipid-Regulating Drugs | Lipid-Regulating Drugs | Cardiovascular System,candidate_requires_pharmacology_review
medication.lipid_lowering.bnf,medication,lipid_lowering,bnf,gp_scripts,bnf_code,prefix,true,0212000X0,Pravastatin Sodium,Pravastatin Sodium,core,prescription_exposure,not applicable,bnf_lkp,Lipid-Regulating Drugs | Lipid-Regulating Drugs | Lipid-Regulating Drugs | Cardiovascular System,candidate_requires_pharmacology_review
medication.lipid_lowering.bnf,medication,lipid_lowering,bnf,gp_scripts,bnf_code,prefix,true,0212000Y0,Simvastatin,Simvastatin,core,prescription_exposure,not applicable,bnf_lkp,Lipid-Regulating Drugs | Lipid-Regulating Drugs | Lipid-Regulating Drugs | Cardiovascular System,candidate_requires_pharmacology_review
medication.lipid_lowering.bnf,medication,lipid_lowering,bnf,gp_scripts,bnf_code,prefix,true,0212000Z0,Sitosterol,Sitosterol,core,prescription_exposure,not applicable,bnf_lkp,Lipid-Regulating Drugs | Lipid-Regulating Drugs | Lipid-Regulating Drugs | Cardiovascular System,candidate_requires_pharmacology_review
medication.lipid_lowering.read_v2_drug,medication,lipid_lowering,read_v2_drug,gp_scripts,read_2,exact,true,bx...,LIPID-LOWERING DRUGS,LIPID-LOWERING DRUGS,core,prescription_exposure,not applicable,read_v2_drugs_bnf,Mapped BNF code: 02.12.00.00,candidate_requires_pharmacology_review
medication.lipid_lowering.read_v2_drug,medication,lipid_lowering,read_v2_drug,gp_scripts,read_2,exact,true,bx1..,BEZAFIBRATE,BEZAFIBRATE,core,prescription_exposure,not applicable,read_v2_drugs_bnf,Mapped BNF code: 02.12.00.00,candidate_requires_pharmacology_review
medication.lipid_lowering.read_v2_drug,medication,lipid_lowering,read_v2_drug,gp_scripts,read_2,exact,true,bx11.,BEZALIP 200mg tablets,BEZALIP 200mg tablets,core,prescription_exposure,not applicable,read_v2_drugs_bnf,Mapped BNF code: 02.12.00.00,candidate_requires_pharmacology_review
medication.lipid_lowering.read_v2_drug,medication,lipid_lowering,read_v2_drug,gp_scripts,read_2,exact,true,bx12.,BEZALIP-MONO 400mg m/r tablets,BEZALIP-MONO 400mg m/r tablets,core,prescription_exposure,not applicable,read_v2_drugs_bnf,Mapped BNF code: 02.12.00.00,candidate_requires_pharmacology_review
medication.lipid_lowering.read_v2_drug,medication,lipid_lowering,read_v2_drug,gp_scripts,read_2,exact,true,bx13.,BEZAFIBRATE 200mg tablets,BEZAFIBRATE 200mg tablets,core,prescription_exposure,not applicable,read_v2_drugs_bnf,Mapped BNF code: 02.12.00.00,candidate_requires_pharmacology_review
medication.lipid_lowering.read_v2_drug,medication,lipid_lowering,read_v2_drug,gp_scripts,read_2,exact,true,bx14.,BEZAFIBRATE 400mg m/r tablets,BEZAFIBRATE 400mg m/r tablets,core,prescription_exposure,not applicable,read_v2_drugs_bnf,Mapped BNF code: 02.12.00.00,candidate_requires_pharmacology_review
medication.lipid_lowering.read_v2_drug,medication,lipid_lowering,read_v2_drug,gp_scripts,read_2,exact,true,bx15.,BEZAGEN XL 400mg m/r tablets,BEZAGEN XL 400mg m/r tablets,core,prescription_exposure,not applicable,read_v2_drugs_bnf,Mapped BNF code: 02.12.00.00,candidate_requires_pharmacology_review
medication.lipid_lowering.read_v2_drug,medication,lipid_lowering,read_v2_drug,gp_scripts,read_2,exact,true,bx16.,*LIPAROL XL 400mg m/r tablets,*LIPAROL XL 400mg m/r tablets,core,prescription_exposure,not applicable,read_v2_drugs_bnf,Mapped BNF code: 02.12.00.00,candidate_requires_pharmacology_review
medication.lipid_lowering.read_v2_drug,medication,lipid_lowering,read_v2_drug,gp_scripts,read_2,exact,true,bx17.,ZIMBACOL XL 400mg m/r tablets,ZIMBACOL XL 400mg m/r tablets,core,prescription_exposure,not applicable,read_v2_drugs_bnf,Mapped BNF code: 02.12.00.00,candidate_requires_pharmacology_review
medication.lipid_lowering.read_v2_drug,medication,lipid_lowering,read_v2_drug,gp_scripts,read_2,exact,true,bx18.,FIBRAZATE XL 400mg m/r tablets,FIBRAZATE XL 400mg m/r tablets,core,prescription_exposure,not applicable,read_v2_drugs_bnf,Mapped BNF code: 02.12.00.00,candidate_requires_pharmacology_review
medication.lipid_lowering.read_v2_drug,medication,lipid_lowering,read_v2_drug,gp_scripts,read_2,exact,true,bx2..,COLESTYRAMINE [LIPID LOWERING USE],COLESTYRAMINE [LIPID LOWERING USE],core,prescription_exposure,not applicable,read_v2_drugs_bnf,Mapped BNF code: 02.12.00.00,candidate_requires_pharmacology_review
medication.lipid_lowering.read_v2_drug,medication,lipid_lowering,read_v2_drug,gp_scripts,read_2,exact,true,bx21.,QUESTRAN powder 4g/sachet,QUESTRAN powder 4g/sachet,core,prescription_exposure,not applicable,read_v2_drugs_bnf,Mapped BNF code: 02.12.00.00,candidate_requires_pharmacology_review
medication.lipid_lowering.read_v2_drug,medication,lipid_lowering,read_v2_drug,gp_scripts,read_2,exact,true,bx22.,QUESTRAN LIGHT 4g/sachet powder,QUESTRAN LIGHT 4g/sachet powder,core,prescription_exposure,not applicable,read_v2_drugs_bnf,Mapped BNF code: 02.12.00.00,candidate_requires_pharmacology_review
medication.lipid_lowering.read_v2_drug,medication,lipid_lowering,read_v2_drug,gp_scripts,read_2,exact,true,bx23.,COLESTYRAMINE powder 4g/sachet,COLESTYRAMINE powder 4g/sachet,core,prescription_exposure,not applicable,read_v2_drugs_bnf,Mapped BNF code: 02.12.00.00,candidate_requires_pharmacology_review
medication.lipid_lowering.read_v2_drug,medication,lipid_lowering,read_v2_drug,gp_scripts,read_2,exact,true,bx24.,CHOLESTYRAMINE SUG FREE powder 4g/sachet,CHOLESTYRAMINE SUG FREE powder 4g/sachet,core,prescription_exposure,not applicable,read_v2_drugs_bnf,Mapped BNF code: 02.12.00.00,candidate_requires_pharmacology_review
medication.lipid_lowering.read_v2_drug,medication,lipid_lowering,read_v2_drug,gp_scripts,read_2,exact,true,bx25.,COLESTYRAMINE+ASPARTAME 4g/sachet powder,COLESTYRAMINE+ASPARTAME 4g/sachet powder,core,prescription_exposure,not applicable,read_v2_drugs_bnf,Mapped BNF code: 02.12.00.00,candidate_requires_pharmacology_review
medication.lipid_lowering.read_v2_drug,medication,lipid_lowering,read_v2_drug,gp_scripts,read_2,exact,true,bx26.,*CHOLEMIN 4g/sachet powder,*CHOLEMIN 4g/sachet powder,core,prescription_exposure,not applicable,read_v2_drugs_bnf,Mapped BNF code: 02.12.00.00,candidate_requires_pharmacology_review
medication.lipid_lowering.read_v2_drug,medication,lipid_lowering,read_v2_drug,gp_scripts,read_2,exact,true,bx27.,COLESTYRAMINE+ASPARTAME 4g/sachet sugar free powder,COLESTYRAMINE+ASPARTAME 4g/sachet sugar free powder,core,prescription_exposure,not applicable,read_v2_drugs_bnf,Mapped BNF code: 02.12.00.00,candidate_requires_pharmacology_review
medication.lipid_lowering.read_v2_drug,medication,lipid_lowering,read_v2_drug,gp_scripts,read_2,exact,true,bx28.,QUESTRAN LIGHT 4g/sachet s/f powder,QUESTRAN LIGHT 4g/sachet s/f powder,core,prescription_exposure,not applicable,read_v2_drugs_bnf,Mapped BNF code: 02.12.00.00,candidate_requires_pharmacology_review
medication.lipid_lowering.read_v2_drug,medication,lipid_lowering,read_v2_drug,gp_scripts,read_2,exact,true,bx3..,CLOFIBRATE,CLOFIBRATE,core,prescription_exposure,not applicable,read_v2_drugs_bnf,Mapped BNF code: 02.12.00.00,candidate_requires_pharmacology_review
medication.lipid_lowering.read_v2_drug,medication,lipid_lowering,read_v2_drug,gp_scripts,read_2,exact,true,bx31.,*ATROMID-S 500mg capsules,*ATROMID-S 500mg capsules,core,prescription_exposure,not applicable,read_v2_drugs_bnf,Mapped BNF code: 02.12.00.00,candidate_requires_pharmacology_review
medication.lipid_lowering.read_v2_drug,medication,lipid_lowering,read_v2_drug,gp_scripts,read_2,exact,true,bx3z.,*CLOFIBRATE 500mg capsules,*CLOFIBRATE 500mg capsules,core,prescription_exposure,not applicable,read_v2_drugs_bnf,Mapped BNF code: 02.12.00.00,candidate_requires_pharmacology_review
medication.lipid_lowering.read_v2_drug,medication,lipid_lowering,read_v2_drug,gp_scripts,read_2,exact,true,bx4..,COLESTIPOL HYDROCHLORIDE,COLESTIPOL HYDROCHLORIDE,core,prescription_exposure,not applicable,read_v2_drugs_bnf,Mapped BNF code: 02.12.00.00,candidate_requires_pharmacology_review
medication.lipid_lowering.read_v2_drug,medication,lipid_lowering,read_v2_drug,gp_scripts,read_2,exact,true,bx41.,COLESTID granules 5g sachet,COLESTID granules 5g sachet,core,prescription_exposure,not applicable,read_v2_drugs_bnf,Mapped BNF code: 02.12.00.00,candidate_requires_pharmacology_review
medication.lipid_lowering.read_v2_drug,medication,lipid_lowering,read_v2_drug,gp_scripts,read_2,exact,true,bx42.,COLESTIPOL granules 5g sachet,COLESTIPOL granules 5g sachet,core,prescription_exposure,not applicable,read_v2_drugs_bnf,Mapped BNF code: 02.12.00.00,candidate_requires_pharmacology_review
medication.lipid_lowering.read_v2_drug,medication,lipid_lowering,read_v2_drug,gp_scripts,read_2,exact,true,bx43.,COLESTID ORANGE granules 5g sachet,COLESTID ORANGE granules 5g sachet,core,prescription_exposure,not applicable,read_v2_drugs_bnf,Mapped BNF code: 02.12.00.00,candidate_requires_pharmacology_review
medication.lipid_lowering.read_v2_drug,medication,lipid_lowering,read_v2_drug,gp_scripts,read_2,exact,true,bx44.,COLESTIPOL orange 5g/sachet granules,COLESTIPOL orange 5g/sachet granules,core,prescription_exposure,not applicable,read_v2_drugs_bnf,Mapped BNF code: 02.12.00.00,candidate_requires_pharmacology_review
medication.lipid_lowering.read_v2_drug,medication,lipid_lowering,read_v2_drug,gp_scripts,read_2,exact,true,bx6..,GEMFIBROZIL,GEMFIBROZIL,core,prescription_exposure,not applicable,read_v2_drugs_bnf,Mapped BNF code: 02.12.00.00,candidate_requires_pharmacology_review
medication.lipid_lowering.read_v2_drug,medication,lipid_lowering,read_v2_drug,gp_scripts,read_2,exact,true,bx61.,LOPID 300mg capsules,LOPID 300mg capsules,core,prescription_exposure,not applicable,read_v2_drugs_bnf,Mapped BNF code: 02.12.00.00,candidate_requires_pharmacology_review
medication.lipid_lowering.read_v2_drug,medication,lipid_lowering,read_v2_drug,gp_scripts,read_2,exact,true,bx62.,LOPID 600mg tablets,LOPID 600mg tablets,core,prescription_exposure,not applicable,read_v2_drugs_bnf,Mapped BNF code: 02.12.00.00,candidate_requires_pharmacology_review
medication.lipid_lowering.read_v2_drug,medication,lipid_lowering,read_v2_drug,gp_scripts,read_2,exact,true,bx63.,GEMFIBROZIL 600mg tablets,GEMFIBROZIL 600mg tablets,core,prescription_exposure,not applicable,read_v2_drugs_bnf,Mapped BNF code: 02.12.00.00,candidate_requires_pharmacology_review
medication.lipid_lowering.read_v2_drug,medication,lipid_lowering,read_v2_drug,gp_scripts,read_2,exact,true,bx64.,*EMFIB 300mg capsules,*EMFIB 300mg capsules,core,prescription_exposure,not applicable,read_v2_drugs_bnf,Mapped BNF code: 02.12.00.00,candidate_requires_pharmacology_review
medication.lipid_lowering.read_v2_drug,medication,lipid_lowering,read_v2_drug,gp_scripts,read_2,exact,true,bx6z.,GEMFIBROZIL 300mg capsules,GEMFIBROZIL 300mg capsules,core,prescription_exposure,not applicable,read_v2_drugs_bnf,Mapped BNF code: 02.12.00.00,candidate_requires_pharmacology_review
medication.lipid_lowering.read_v2_drug,medication,lipid_lowering,read_v2_drug,gp_scripts,read_2,exact,true,bx7..,*NICOFURANOSE,*NICOFURANOSE,core,prescription_exposure,not applicable,read_v2_drugs_bnf,Mapped BNF code: 02.12.00.00,candidate_requires_pharmacology_review
medication.lipid_lowering.read_v2_drug,medication,lipid_lowering,read_v2_drug,gp_scripts,read_2,exact,true,bx71.,*BRADILAN 250mg e/c tablets,*BRADILAN 250mg e/c tablets,core,prescription_exposure,not applicable,read_v2_drugs_bnf,Mapped BNF code: 02.12.00.00,candidate_requires_pharmacology_review
medication.lipid_lowering.read_v2_drug,medication,lipid_lowering,read_v2_drug,gp_scripts,read_2,exact,true,bx7z.,NICOFURANOSE 250mg e/c tablets,NICOFURANOSE 250mg e/c tablets,core,prescription_exposure,not applicable,read_v2_drugs_bnf,Mapped BNF code: 02.12.00.00,candidate_requires_pharmacology_review
medication.lipid_lowering.read_v2_drug,medication,lipid_lowering,read_v2_drug,gp_scripts,read_2,exact,true,bx8..,NICOTINIC ACID,NICOTINIC ACID,core,prescription_exposure,not applicable,read_v2_drugs_bnf,Mapped BNF code: 02.12.00.00,candidate_requires_pharmacology_review
medication.lipid_lowering.read_v2_drug,medication,lipid_lowering,read_v2_drug,gp_scripts,read_2,exact,true,bx81.,*NICOTINIC ACID 25mg tablets,*NICOTINIC ACID 25mg tablets,core,prescription_exposure,not applicable,read_v2_drugs_bnf,Mapped BNF code: 02.12.00.00,candidate_requires_pharmacology_review
medication.lipid_lowering.read_v2_drug,medication,lipid_lowering,read_v2_drug,gp_scripts,read_2,exact,true,bx82.,NICOTINIC ACID 50mg tablets,NICOTINIC ACID 50mg tablets,core,prescription_exposure,not applicable,read_v2_drugs_bnf,Mapped BNF code: 02.12.00.00,candidate_requires_pharmacology_review
medication.lipid_lowering.read_v2_drug,medication,lipid_lowering,read_v2_drug,gp_scripts,read_2,exact,true,bx83.,*NICOTINIC ACID 100mg tablets,*NICOTINIC ACID 100mg tablets,core,prescription_exposure,not applicable,read_v2_drugs_bnf,Mapped BNF code: 02.12.00.00,candidate_requires_pharmacology_review
medication.lipid_lowering.read_v2_drug,medication,lipid_lowering,read_v2_drug,gp_scripts,read_2,exact,true,bx84.,NICOTINIC ACID 375mg and 500mg and 750mg m/r tablets starter pack,NICOTINIC ACID 375mg and 500mg and 750mg m/r tablets starter pack,core,prescription_exposure,not applicable,read_v2_drugs_bnf,Mapped BNF code: 02.12.00.00,candidate_requires_pharmacology_review
medication.lipid_lowering.read_v2_drug,medication,lipid_lowering,read_v2_drug,gp_scripts,read_2,exact,true,bx85.,NICOTINIC ACID 500mg m/r tablets,NICOTINIC ACID 500mg m/r tablets,core,prescription_exposure,not applicable,read_v2_drugs_bnf,Mapped BNF code: 02.12.00.00,candidate_requires_pharmacology_review
medication.lipid_lowering.read_v2_drug,medication,lipid_lowering,read_v2_drug,gp_scripts,read_2,exact,true,bx86.,NICOTINIC ACID 750mg m/r tablets,NICOTINIC ACID 750mg m/r tablets,core,prescription_exposure,not applicable,read_v2_drugs_bnf,Mapped BNF code: 02.12.00.00,candidate_requires_pharmacology_review
medication.lipid_lowering.read_v2_drug,medication,lipid_lowering,read_v2_drug,gp_scripts,read_2,exact,true,bx87.,NICOTINIC ACID 1000mg m/r tablets,NICOTINIC ACID 1000mg m/r tablets,core,prescription_exposure,not applicable,read_v2_drugs_bnf,Mapped BNF code: 02.12.00.00,candidate_requires_pharmacology_review
medication.lipid_lowering.read_v2_drug,medication,lipid_lowering,read_v2_drug,gp_scripts,read_2,exact,true,bx88.,NIASPAN 375mg and 500mg and 750mg m/r tablets starter pack,NIASPAN 375mg and 500mg and 750mg m/r tablets starter pack,core,prescription_exposure,not applicable,read_v2_drugs_bnf,Mapped BNF code: 02.12.00.00,candidate_requires_pharmacology_review
medication.lipid_lowering.read_v2_drug,medication,lipid_lowering,read_v2_drug,gp_scripts,read_2,exact,true,bx89.,*NIASPAN 500mg m/r tablets,*NIASPAN 500mg m/r tablets,core,prescription_exposure,not applicable,read_v2_drugs_bnf,Mapped BNF code: 02.12.00.00,candidate_requires_pharmacology_review
medication.lipid_lowering.read_v2_drug,medication,lipid_lowering,read_v2_drug,gp_scripts,read_2,exact,true,bx8a.,*NIASPAN 750mg m/r tablets,*NIASPAN 750mg m/r tablets,core,prescription_exposure,not applicable,read_v2_drugs_bnf,Mapped BNF code: 02.12.00.00,candidate_requires_pharmacology_review
medication.lipid_lowering.read_v2_drug,medication,lipid_lowering,read_v2_drug,gp_scripts,read_2,exact,true,bx8b.,*NIASPAN 1000mg m/r tablets,*NIASPAN 1000mg m/r tablets,core,prescription_exposure,not applicable,read_v2_drugs_bnf,Mapped BNF code: 02.12.00.00,candidate_requires_pharmacology_review
medication.lipid_lowering.read_v2_drug,medication,lipid_lowering,read_v2_drug,gp_scripts,read_2,exact,true,bx8c.,TREDAPTIVE 1000mg/20mg m/r tablets,TREDAPTIVE 1000mg/20mg m/r tablets,core,prescription_exposure,not applicable,read_v2_drugs_bnf,Mapped BNF code: 02.12.00.00,candidate_requires_pharmacology_review
medication.lipid_lowering.read_v2_drug,medication,lipid_lowering,read_v2_drug,gp_scripts,read_2,exact,true,bx8d.,NICOTINIC ACID/LAROPIPRANT 1000mg/20mg m/r tablets,NICOTINIC ACID/LAROPIPRANT 1000mg/20mg m/r tablets,core,prescription_exposure,not applicable,read_v2_drugs_bnf,Mapped BNF code: 02.12.00.00,candidate_requires_pharmacology_review
medication.lipid_lowering.read_v2_drug,medication,lipid_lowering,read_v2_drug,gp_scripts,read_2,exact,true,bx9..,PROBUCOL,PROBUCOL,core,prescription_exposure,not applicable,read_v2_drugs_bnf,Mapped BNF code: 02.12.00.00,candidate_requires_pharmacology_review
medication.lipid_lowering.read_v2_drug,medication,lipid_lowering,read_v2_drug,gp_scripts,read_2,exact,true,bx91.,*LURSELLE 250mg tablets,*LURSELLE 250mg tablets,core,prescription_exposure,not applicable,read_v2_drugs_bnf,Mapped BNF code: 02.12.00.00,candidate_requires_pharmacology_review
medication.lipid_lowering.read_v2_drug,medication,lipid_lowering,read_v2_drug,gp_scripts,read_2,exact,true,bx9z.,*PROBUCOL 250mg tablets,*PROBUCOL 250mg tablets,core,prescription_exposure,not applicable,read_v2_drugs_bnf,Mapped BNF code: 02.12.00.00,candidate_requires_pharmacology_review
medication.lipid_lowering.read_v2_drug,medication,lipid_lowering,read_v2_drug,gp_scripts,read_2,exact,true,bxa..,OMEGA-3 MARINE TRIGLYCERIDES,OMEGA-3 MARINE TRIGLYCERIDES,core,prescription_exposure,not applicable,read_v2_drugs_bnf,Mapped BNF code: 02.12.00.00,candidate_requires_pharmacology_review
medication.lipid_lowering.read_v2_drug,medication,lipid_lowering,read_v2_drug,gp_scripts,read_2,exact,true,bxa1.,*MAXEPA 1g capsules,*MAXEPA 1g capsules,core,prescription_exposure,not applicable,read_v2_drugs_bnf,Mapped BNF code: 02.12.00.00,candidate_requires_pharmacology_review
medication.lipid_lowering.read_v2_drug,medication,lipid_lowering,read_v2_drug,gp_scripts,read_2,exact,true,bxa2.,*MAXEPA liquid,*MAXEPA liquid,core,prescription_exposure,not applicable,read_v2_drugs_bnf,Mapped BNF code: 02.12.00.00,candidate_requires_pharmacology_review
medication.lipid_lowering.read_v2_drug,medication,lipid_lowering,read_v2_drug,gp_scripts,read_2,exact,true,bxa3.,FISH OIL(CONCENTRATE) 1g capsules,FISH OIL(CONCENTRATE) 1g capsules,core,prescription_exposure,not applicable,read_v2_drugs_bnf,Mapped BNF code: 02.12.00.00,candidate_requires_pharmacology_review
medication.lipid_lowering.read_v2_drug,medication,lipid_lowering,read_v2_drug,gp_scripts,read_2,exact,true,bxa4.,FISH OIL(CONCENTRATE) oral liquid,FISH OIL(CONCENTRATE) oral liquid,core,prescription_exposure,not applicable,read_v2_drugs_bnf,Mapped BNF code: 02.12.00.00,candidate_requires_pharmacology_review
medication.lipid_lowering.read_v2_drug,medication,lipid_lowering,read_v2_drug,gp_scripts,read_2,exact,true,bxa5.,FISH OIL(CONCENTRATE) oral emulsion,FISH OIL(CONCENTRATE) oral emulsion,core,prescription_exposure,not applicable,read_v2_drugs_bnf,Mapped BNF code: 02.12.00.00,candidate_requires_pharmacology_review
medication.lipid_lowering.read_v2_drug,medication,lipid_lowering,read_v2_drug,gp_scripts,read_2,exact,true,bxa6.,*MAXEPA oral emulsion,*MAXEPA oral emulsion,core,prescription_exposure,not applicable,read_v2_drugs_bnf,Mapped BNF code: 02.12.00.00,candidate_requires_pharmacology_review
medication.lipid_lowering.read_v2_drug,medication,lipid_lowering,read_v2_drug,gp_scripts,read_2,exact,true,bxa7.,OMACOR 1g capsules,OMACOR 1g capsules,core,prescription_exposure,not applicable,read_v2_drugs_bnf,Mapped BNF code: 02.12.00.00,candidate_requires_pharmacology_review
medication.lipid_lowering.read_v2_drug,medication,lipid_lowering,read_v2_drug,gp_scripts,read_2,exact,true,bxa8.,TEROMEG 1g capsules,TEROMEG 1g capsules,core,prescription_exposure,not applicable,read_v2_drugs_bnf,Mapped BNF code: 02.12.00.00,candidate_requires_pharmacology_review
medication.lipid_lowering.read_v2_drug,medication,lipid_lowering,read_v2_drug,gp_scripts,read_2,exact,true,bxa9.,PRESTYLON 1g capsules,PRESTYLON 1g capsules,core,prescription_exposure,not applicable,read_v2_drugs_bnf,Mapped BNF code: 02.12.00.00,candidate_requires_pharmacology_review
medication.lipid_lowering.read_v2_drug,medication,lipid_lowering,read_v2_drug,gp_scripts,read_2,exact,true,bxaA.,NEBBARO 1000mg capsules,NEBBARO 1000mg capsules,core,prescription_exposure,not applicable,read_v2_drugs_bnf,Mapped BNF code: 02.12.00.00,candidate_requires_pharmacology_review
medication.lipid_lowering.read_v2_drug,medication,lipid_lowering,read_v2_drug,gp_scripts,read_2,exact,true,bxaB.,DUALTIS 1000mg capsules,DUALTIS 1000mg capsules,core,prescription_exposure,not applicable,read_v2_drugs_bnf,Mapped BNF code: 02.12.00.00,candidate_requires_pharmacology_review
medication.lipid_lowering.read_v2_drug,medication,lipid_lowering,read_v2_drug,gp_scripts,read_2,exact,true,bxb..,ACIPIMOX,ACIPIMOX,core,prescription_exposure,not applicable,read_v2_drugs_bnf,Mapped BNF code: 02.12.00.00,candidate_requires_pharmacology_review
medication.lipid_lowering.read_v2_drug,medication,lipid_lowering,read_v2_drug,gp_scripts,read_2,exact,true,bxb1.,OLBETAM 250mg capsules,OLBETAM 250mg capsules,core,prescription_exposure,not applicable,read_v2_drugs_bnf,Mapped BNF code: 02.12.00.00,candidate_requires_pharmacology_review
medication.lipid_lowering.read_v2_drug,medication,lipid_lowering,read_v2_drug,gp_scripts,read_2,exact,true,bxb2.,ACIPIMOX 250mg capsules,ACIPIMOX 250mg capsules,core,prescription_exposure,not applicable,read_v2_drugs_bnf,Mapped BNF code: 02.12.00.00,candidate_requires_pharmacology_review
medication.lipid_lowering.read_v2_drug,medication,lipid_lowering,read_v2_drug,gp_scripts,read_2,exact,true,bxc..,FENOFIBRATE,FENOFIBRATE,core,prescription_exposure,not applicable,read_v2_drugs_bnf,Mapped BNF code: 02.12.00.00,candidate_requires_pharmacology_review
medication.lipid_lowering.read_v2_drug,medication,lipid_lowering,read_v2_drug,gp_scripts,read_2,exact,true,bxc1.,*FENOFIBRATE 100mg capsules,*FENOFIBRATE 100mg capsules,core,prescription_exposure,not applicable,read_v2_drugs_bnf,Mapped BNF code: 02.12.00.00,candidate_requires_pharmacology_review
medication.lipid_lowering.read_v2_drug,medication,lipid_lowering,read_v2_drug,gp_scripts,read_2,exact,true,bxc3.,*LIPANTIL 100mg capsules 84CP,*LIPANTIL 100mg capsules 84CP,core,prescription_exposure,not applicable,read_v2_drugs_bnf,Mapped BNF code: 02.12.00.00,candidate_requires_pharmacology_review
medication.lipid_lowering.read_v2_drug,medication,lipid_lowering,read_v2_drug,gp_scripts,read_2,exact,true,bxc4.,FENOFIBRATE 200mg capsules,FENOFIBRATE 200mg capsules,core,prescription_exposure,not applicable,read_v2_drugs_bnf,Mapped BNF code: 02.12.00.00,candidate_requires_pharmacology_review
medication.lipid_lowering.read_v2_drug,medication,lipid_lowering,read_v2_drug,gp_scripts,read_2,exact,true,bxc5.,LIPANTIL MICRO 200mg capsules,LIPANTIL MICRO 200mg capsules,core,prescription_exposure,not applicable,read_v2_drugs_bnf,Mapped BNF code: 02.12.00.00,candidate_requires_pharmacology_review
medication.lipid_lowering.read_v2_drug,medication,lipid_lowering,read_v2_drug,gp_scripts,read_2,exact,true,bxc6.,FENOFIBRATE 67mg capsules,FENOFIBRATE 67mg capsules,core,prescription_exposure,not applicable,read_v2_drugs_bnf,Mapped BNF code: 02.12.00.00,candidate_requires_pharmacology_review
medication.lipid_lowering.read_v2_drug,medication,lipid_lowering,read_v2_drug,gp_scripts,read_2,exact,true,bxc7.,LIPANTIL MICRO 67mg capsules,LIPANTIL MICRO 67mg capsules,core,prescription_exposure,not applicable,read_v2_drugs_bnf,Mapped BNF code: 02.12.00.00,candidate_requires_pharmacology_review
medication.lipid_lowering.read_v2_drug,medication,lipid_lowering,read_v2_drug,gp_scripts,read_2,exact,true,bxc8.,FENOFIBRATE 267mg capsules,FENOFIBRATE 267mg capsules,core,prescription_exposure,not applicable,read_v2_drugs_bnf,Mapped BNF code: 02.12.00.00,candidate_requires_pharmacology_review
medication.lipid_lowering.read_v2_drug,medication,lipid_lowering,read_v2_drug,gp_scripts,read_2,exact,true,bxc9.,LIPANTIL MICRO 267mg capsules,LIPANTIL MICRO 267mg capsules,core,prescription_exposure,not applicable,read_v2_drugs_bnf,Mapped BNF code: 02.12.00.00,candidate_requires_pharmacology_review
medication.lipid_lowering.read_v2_drug,medication,lipid_lowering,read_v2_drug,gp_scripts,read_2,exact,true,bxcA.,FENOFIBRATE 160mg m/r tablets,FENOFIBRATE 160mg m/r tablets,core,prescription_exposure,not applicable,read_v2_drugs_bnf,Mapped BNF code: 02.12.00.00,candidate_requires_pharmacology_review
medication.lipid_lowering.read_v2_drug,medication,lipid_lowering,read_v2_drug,gp_scripts,read_2,exact,true,bxcB.,SUPRALIP 160mg m/r tablets,SUPRALIP 160mg m/r tablets,core,prescription_exposure,not applicable,read_v2_drugs_bnf,Mapped BNF code: 02.12.00.00,candidate_requires_pharmacology_review
medication.lipid_lowering.read_v2_drug,medication,lipid_lowering,read_v2_drug,gp_scripts,read_2,exact,true,bxcC.,FENOFIBRATE MICRO 200mg capsules,FENOFIBRATE MICRO 200mg capsules,core,prescription_exposure,not applicable,read_v2_drugs_bnf,Mapped BNF code: 02.12.00.00,candidate_requires_pharmacology_review
medication.lipid_lowering.read_v2_drug,medication,lipid_lowering,read_v2_drug,gp_scripts,read_2,exact,true,bxcD.,*FENOGAL 200mg capsules,*FENOGAL 200mg capsules,core,prescription_exposure,not applicable,read_v2_drugs_bnf,Mapped BNF code: 02.12.00.00,candidate_requires_pharmacology_review
medication.lipid_lowering.read_v2_drug,medication,lipid_lowering,read_v2_drug,gp_scripts,read_2,exact,true,bxcE.,FENOFIBRATE 160mg tablets,FENOFIBRATE 160mg tablets,core,prescription_exposure,not applicable,read_v2_drugs_bnf,Mapped BNF code: 02.12.00.00,candidate_requires_pharmacology_review
medication.lipid_lowering.read_v2_drug,medication,lipid_lowering,read_v2_drug,gp_scripts,read_2,exact,true,bxd..,SIMVASTATIN,SIMVASTATIN,core,prescription_exposure,not applicable,read_v2_drugs_bnf,Mapped BNF code: 02.12.00.00,candidate_requires_pharmacology_review
medication.lipid_lowering.read_v2_drug,medication,lipid_lowering,read_v2_drug,gp_scripts,read_2,exact,true,bxd1.,SIMVASTATIN 10mg tablets,SIMVASTATIN 10mg tablets,core,prescription_exposure,not applicable,read_v2_drugs_bnf,Mapped BNF code: 02.12.00.00,candidate_requires_pharmacology_review
medication.lipid_lowering.read_v2_drug,medication,lipid_lowering,read_v2_drug,gp_scripts,read_2,exact,true,bxd2.,SIMVASTATIN 20mg tablets,SIMVASTATIN 20mg tablets,core,prescription_exposure,not applicable,read_v2_drugs_bnf,Mapped BNF code: 02.12.00.00,candidate_requires_pharmacology_review
medication.lipid_lowering.read_v2_drug,medication,lipid_lowering,read_v2_drug,gp_scripts,read_2,exact,true,bxd3.,ZOCOR 10mg tablets 28CP,ZOCOR 10mg tablets 28CP,core,prescription_exposure,not applicable,read_v2_drugs_bnf,Mapped BNF code: 02.12.00.00,candidate_requires_pharmacology_review
medication.lipid_lowering.read_v2_drug,medication,lipid_lowering,read_v2_drug,gp_scripts,read_2,exact,true,bxd4.,ZOCOR 20mg tablets 28CP,ZOCOR 20mg tablets 28CP,core,prescription_exposure,not applicable,read_v2_drugs_bnf,Mapped BNF code: 02.12.00.00,candidate_requires_pharmacology_review
medication.lipid_lowering.read_v2_drug,medication,lipid_lowering,read_v2_drug,gp_scripts,read_2,exact,true,bxd5.,SIMVASTATIN 40mg tablets,SIMVASTATIN 40mg tablets,core,prescription_exposure,not applicable,read_v2_drugs_bnf,Mapped BNF code: 02.12.00.00,candidate_requires_pharmacology_review
medication.lipid_lowering.read_v2_drug,medication,lipid_lowering,read_v2_drug,gp_scripts,read_2,exact,true,bxd6.,ZOCOR 40mg tablets,ZOCOR 40mg tablets,core,prescription_exposure,not applicable,read_v2_drugs_bnf,Mapped BNF code: 02.12.00.00,candidate_requires_pharmacology_review
medication.lipid_lowering.read_v2_drug,medication,lipid_lowering,read_v2_drug,gp_scripts,read_2,exact,true,bxd7.,ZOCOR 10mg tablets,ZOCOR 10mg tablets,core,prescription_exposure,not applicable,read_v2_drugs_bnf,Mapped BNF code: 02.12.00.00,candidate_requires_pharmacology_review
medication.lipid_lowering.read_v2_drug,medication,lipid_lowering,read_v2_drug,gp_scripts,read_2,exact,true,bxd8.,ZOCOR 20mg tablets,ZOCOR 20mg tablets,core,prescription_exposure,not applicable,read_v2_drugs_bnf,Mapped BNF code: 02.12.00.00,candidate_requires_pharmacology_review
medication.lipid_lowering.read_v2_drug,medication,lipid_lowering,read_v2_drug,gp_scripts,read_2,exact,true,bxd9.,ZOCOR 80mg tablets,ZOCOR 80mg tablets,core,prescription_exposure,not applicable,read_v2_drugs_bnf,Mapped BNF code: 02.12.00.00,candidate_requires_pharmacology_review
medication.lipid_lowering.read_v2_drug,medication,lipid_lowering,read_v2_drug,gp_scripts,read_2,exact,true,bxdA.,SIMVADOR 10mg tablets,SIMVADOR 10mg tablets,core,prescription_exposure,not applicable,read_v2_drugs_bnf,Mapped BNF code: 02.12.00.00,candidate_requires_pharmacology_review
medication.lipid_lowering.read_v2_drug,medication,lipid_lowering,read_v2_drug,gp_scripts,read_2,exact,true,bxdB.,SIMVADOR 20mg tablets,SIMVADOR 20mg tablets,core,prescription_exposure,not applicable,read_v2_drugs_bnf,Mapped BNF code: 02.12.00.00,candidate_requires_pharmacology_review
medication.lipid_lowering.read_v2_drug,medication,lipid_lowering,read_v2_drug,gp_scripts,read_2,exact,true,bxdC.,SIMVADOR 40mg tablets,SIMVADOR 40mg tablets,core,prescription_exposure,not applicable,read_v2_drugs_bnf,Mapped BNF code: 02.12.00.00,candidate_requires_pharmacology_review
medication.lipid_lowering.read_v2_drug,medication,lipid_lowering,read_v2_drug,gp_scripts,read_2,exact,true,bxdD.,*RANZOLONT 10mg tablets,*RANZOLONT 10mg tablets,core,prescription_exposure,not applicable,read_v2_drugs_bnf,Mapped BNF code: 02.12.00.00,candidate_requires_pharmacology_review
medication.lipid_lowering.read_v2_drug,medication,lipid_lowering,read_v2_drug,gp_scripts,read_2,exact,true,bxdE.,*RANZOLONT 20mg tablets,*RANZOLONT 20mg tablets,core,prescription_exposure,not applicable,read_v2_drugs_bnf,Mapped BNF code: 02.12.00.00,candidate_requires_pharmacology_review
medication.lipid_lowering.read_v2_drug,medication,lipid_lowering,read_v2_drug,gp_scripts,read_2,exact,true,bxdF.,*RANZOLONT 40mg tablets,*RANZOLONT 40mg tablets,core,prescription_exposure,not applicable,read_v2_drugs_bnf,Mapped BNF code: 02.12.00.00,candidate_requires_pharmacology_review
medication.lipid_lowering.read_v2_drug,medication,lipid_lowering,read_v2_drug,gp_scripts,read_2,exact,true,bxdG.,*ZOCOR HEART-PRO 10mg tablets,*ZOCOR HEART-PRO 10mg tablets,core,prescription_exposure,not applicable,read_v2_drugs_bnf,Mapped BNF code: 02.12.00.00,candidate_requires_pharmacology_review
medication.lipid_lowering.read_v2_drug,medication,lipid_lowering,read_v2_drug,gp_scripts,read_2,exact,true,bxdH.,INEGY 10mg/20mg tablets,INEGY 10mg/20mg tablets,core,prescription_exposure,not applicable,read_v2_drugs_bnf,Mapped BNF code: 02.12.00.00,candidate_requires_pharmacology_review
medication.lipid_lowering.read_v2_drug,medication,lipid_lowering,read_v2_drug,gp_scripts,read_2,exact,true,bxdI.,INEGY 10mg/40mg tablets,INEGY 10mg/40mg tablets,core,prescription_exposure,not applicable,read_v2_drugs_bnf,Mapped BNF code: 02.12.00.00,candidate_requires_pharmacology_review
medication.lipid_lowering.read_v2_drug,medication,lipid_lowering,read_v2_drug,gp_scripts,read_2,exact,true,bxdJ.,INEGY 10mg/80mg tablets,INEGY 10mg/80mg tablets,core,prescription_exposure,not applicable,read_v2_drugs_bnf,Mapped BNF code: 02.12.00.00,candidate_requires_pharmacology_review
medication.lipid_lowering.read_v2_drug,medication,lipid_lowering,read_v2_drug,gp_scripts,read_2,exact,true,bxdK.,SIMVADOR 80mg tablets,SIMVADOR 80mg tablets,core,prescription_exposure,not applicable,read_v2_drugs_bnf,Mapped BNF code: 02.12.00.00,candidate_requires_pharmacology_review
medication.lipid_lowering.read_v2_drug,medication,lipid_lowering,read_v2_drug,gp_scripts,read_2,exact,true,bxdu.,SIMVASTATIN 20mg/5mL oral suspension,SIMVASTATIN 20mg/5mL oral suspension,core,prescription_exposure,not applicable,read_v2_drugs_bnf,Mapped BNF code: 02.12.00.00,candidate_requires_pharmacology_review
medication.lipid_lowering.read_v2_drug,medication,lipid_lowering,read_v2_drug,gp_scripts,read_2,exact,true,bxdv.,SIMVASTATIN 40mg/5mL oral suspension,SIMVASTATIN 40mg/5mL oral suspension,core,prescription_exposure,not applicable,read_v2_drugs_bnf,Mapped BNF code: 02.12.00.00,candidate_requires_pharmacology_review
medication.lipid_lowering.read_v2_drug,medication,lipid_lowering,read_v2_drug,gp_scripts,read_2,exact,true,bxdw.,SIMVASTATIN 80mg/EZETIMIBE 10mg tablets,SIMVASTATIN 80mg/EZETIMIBE 10mg tablets,core,prescription_exposure,not applicable,read_v2_drugs_bnf,Mapped BNF code: 02.12.00.00,candidate_requires_pharmacology_review
medication.lipid_lowering.read_v2_drug,medication,lipid_lowering,read_v2_drug,gp_scripts,read_2,exact,true,bxdx.,SIMVASTATIN 40mg/EZETIMIBE 10mg tablets,SIMVASTATIN 40mg/EZETIMIBE 10mg tablets,core,prescription_exposure,not applicable,read_v2_drugs_bnf,Mapped BNF code: 02.12.00.00,candidate_requires_pharmacology_review
medication.lipid_lowering.read_v2_drug,medication,lipid_lowering,read_v2_drug,gp_scripts,read_2,exact,true,bxdy.,SIMVASTATIN 20mg/EZETIMIBE 10mg tablets,SIMVASTATIN 20mg/EZETIMIBE 10mg tablets,core,prescription_exposure,not applicable,read_v2_drugs_bnf,Mapped BNF code: 02.12.00.00,candidate_requires_pharmacology_review
medication.lipid_lowering.read_v2_drug,medication,lipid_lowering,read_v2_drug,gp_scripts,read_2,exact,true,bxdz.,SIMVASTATIN 80mg tablets,SIMVASTATIN 80mg tablets,core,prescription_exposure,not applicable,read_v2_drugs_bnf,Mapped BNF code: 02.12.00.00,candidate_requires_pharmacology_review
medication.lipid_lowering.read_v2_drug,medication,lipid_lowering,read_v2_drug,gp_scripts,read_2,exact,true,bxe..,PRAVASTATIN SODIUM,PRAVASTATIN SODIUM,core,prescription_exposure,not applicable,read_v2_drugs_bnf,Mapped BNF code: 02.12.00.00,candidate_requires_pharmacology_review
medication.lipid_lowering.read_v2_drug,medication,lipid_lowering,read_v2_drug,gp_scripts,read_2,exact,true,bxe1.,*PRAVASTATIN 10mg tablets,*PRAVASTATIN 10mg tablets,core,prescription_exposure,not applicable,read_v2_drugs_bnf,Mapped BNF code: 02.12.00.00,candidate_requires_pharmacology_review
medication.lipid_lowering.read_v2_drug,medication,lipid_lowering,read_v2_drug,gp_scripts,read_2,exact,true,bxe2.,*PRAVASTATIN 20mg tablets,*PRAVASTATIN 20mg tablets,core,prescription_exposure,not applicable,read_v2_drugs_bnf,Mapped BNF code: 02.12.00.00,candidate_requires_pharmacology_review
medication.lipid_lowering.read_v2_drug,medication,lipid_lowering,read_v2_drug,gp_scripts,read_2,exact,true,bxe3.,LIPOSTAT 10mg tablets,LIPOSTAT 10mg tablets,core,prescription_exposure,not applicable,read_v2_drugs_bnf,Mapped BNF code: 02.12.00.00,candidate_requires_pharmacology_review
medication.lipid_lowering.read_v2_drug,medication,lipid_lowering,read_v2_drug,gp_scripts,read_2,exact,true,bxe4.,LIPOSTAT 20mg tablets,LIPOSTAT 20mg tablets,core,prescription_exposure,not applicable,read_v2_drugs_bnf,Mapped BNF code: 02.12.00.00,candidate_requires_pharmacology_review
medication.lipid_lowering.read_v2_drug,medication,lipid_lowering,read_v2_drug,gp_scripts,read_2,exact,true,bxe5.,PRAVASTATIN SODIUM 10mg tablets,PRAVASTATIN SODIUM 10mg tablets,core,prescription_exposure,not applicable,read_v2_drugs_bnf,Mapped BNF code: 02.12.00.00,candidate_requires_pharmacology_review
medication.lipid_lowering.read_v2_drug,medication,lipid_lowering,read_v2_drug,gp_scripts,read_2,exact,true,bxe6.,PRAVASTATIN SODIUM 20mg tablets,PRAVASTATIN SODIUM 20mg tablets,core,prescription_exposure,not applicable,read_v2_drugs_bnf,Mapped BNF code: 02.12.00.00,candidate_requires_pharmacology_review
medication.lipid_lowering.read_v2_drug,medication,lipid_lowering,read_v2_drug,gp_scripts,read_2,exact,true,bxe7.,PRAVASTATIN SODIUM 40mg tablets,PRAVASTATIN SODIUM 40mg tablets,core,prescription_exposure,not applicable,read_v2_drugs_bnf,Mapped BNF code: 02.12.00.00,candidate_requires_pharmacology_review
medication.lipid_lowering.read_v2_drug,medication,lipid_lowering,read_v2_drug,gp_scripts,read_2,exact,true,bxe8.,LIPOSTAT 40mg tablets,LIPOSTAT 40mg tablets,core,prescription_exposure,not applicable,read_v2_drugs_bnf,Mapped BNF code: 02.12.00.00,candidate_requires_pharmacology_review
medication.lipid_lowering.read_v2_drug,medication,lipid_lowering,read_v2_drug,gp_scripts,read_2,exact,true,bxf..,CIPROFIBRATE,CIPROFIBRATE,core,prescription_exposure,not applicable,read_v2_drugs_bnf,Mapped BNF code: 02.12.00.00,candidate_requires_pharmacology_review
medication.lipid_lowering.read_v2_drug,medication,lipid_lowering,read_v2_drug,gp_scripts,read_2,exact,true,bxf1.,*MODALIM 100mg tablets,*MODALIM 100mg tablets,core,prescription_exposure,not applicable,read_v2_drugs_bnf,Mapped BNF code: 02.12.00.00,candidate_requires_pharmacology_review
medication.lipid_lowering.read_v2_drug,medication,lipid_lowering,read_v2_drug,gp_scripts,read_2,exact,true,bxf2.,CIPROFIBRATE 100mg tablets,CIPROFIBRATE 100mg tablets,core,prescription_exposure,not applicable,read_v2_drugs_bnf,Mapped BNF code: 02.12.00.00,candidate_requires_pharmacology_review
medication.lipid_lowering.read_v2_drug,medication,lipid_lowering,read_v2_drug,gp_scripts,read_2,exact,true,bxg..,FLUVASTATIN SODIUM,FLUVASTATIN SODIUM,core,prescription_exposure,not applicable,read_v2_drugs_bnf,Mapped BNF code: 02.12.00.00,candidate_requires_pharmacology_review
medication.lipid_lowering.read_v2_drug,medication,lipid_lowering,read_v2_drug,gp_scripts,read_2,exact,true,bxg1.,LESCOL 20mg capsules,LESCOL 20mg capsules,core,prescription_exposure,not applicable,read_v2_drugs_bnf,Mapped BNF code: 02.12.00.00,candidate_requires_pharmacology_review
medication.lipid_lowering.read_v2_drug,medication,lipid_lowering,read_v2_drug,gp_scripts,read_2,exact,true,bxg2.,LESCOL 40mg capsules,LESCOL 40mg capsules,core,prescription_exposure,not applicable,read_v2_drugs_bnf,Mapped BNF code: 02.12.00.00,candidate_requires_pharmacology_review
medication.lipid_lowering.read_v2_drug,medication,lipid_lowering,read_v2_drug,gp_scripts,read_2,exact,true,bxg3.,FLUVASTATIN 20mg capsules,FLUVASTATIN 20mg capsules,core,prescription_exposure,not applicable,read_v2_drugs_bnf,Mapped BNF code: 02.12.00.00,candidate_requires_pharmacology_review
medication.lipid_lowering.read_v2_drug,medication,lipid_lowering,read_v2_drug,gp_scripts,read_2,exact,true,bxg4.,FLUVASTATIN 40mg capsules,FLUVASTATIN 40mg capsules,core,prescription_exposure,not applicable,read_v2_drugs_bnf,Mapped BNF code: 02.12.00.00,candidate_requires_pharmacology_review
medication.lipid_lowering.read_v2_drug,medication,lipid_lowering,read_v2_drug,gp_scripts,read_2,exact,true,bxg5.,LESCOL XL 80mg m/r tablets,LESCOL XL 80mg m/r tablets,core,prescription_exposure,not applicable,read_v2_drugs_bnf,Mapped BNF code: 02.12.00.00,candidate_requires_pharmacology_review
medication.lipid_lowering.read_v2_drug,medication,lipid_lowering,read_v2_drug,gp_scripts,read_2,exact,true,bxg6.,LUVINSTA XL 80mg m/r tablets,LUVINSTA XL 80mg m/r tablets,core,prescription_exposure,not applicable,read_v2_drugs_bnf,Mapped BNF code: 02.12.00.00,candidate_requires_pharmacology_review
medication.lipid_lowering.read_v2_drug,medication,lipid_lowering,read_v2_drug,gp_scripts,read_2,exact,true,bxg7.,STEFLUVIN XL 80mg m/r tablets,STEFLUVIN XL 80mg m/r tablets,core,prescription_exposure,not applicable,read_v2_drugs_bnf,Mapped BNF code: 02.12.00.00,candidate_requires_pharmacology_review
medication.lipid_lowering.read_v2_drug,medication,lipid_lowering,read_v2_drug,gp_scripts,read_2,exact,true,bxg8.,DORISIN XL 80mg m/r tablets,DORISIN XL 80mg m/r tablets,core,prescription_exposure,not applicable,read_v2_drugs_bnf,Mapped BNF code: 02.12.00.00,candidate_requires_pharmacology_review
medication.lipid_lowering.read_v2_drug,medication,lipid_lowering,read_v2_drug,gp_scripts,read_2,exact,true,bxg9.,NANDOVAR XL 80mg m/r tablets,NANDOVAR XL 80mg m/r tablets,core,prescription_exposure,not applicable,read_v2_drugs_bnf,Mapped BNF code: 02.12.00.00,candidate_requires_pharmacology_review
medication.lipid_lowering.read_v2_drug,medication,lipid_lowering,read_v2_drug,gp_scripts,read_2,exact,true,bxgz.,FLUVASTATIN 80mg m/r tablets,FLUVASTATIN 80mg m/r tablets,core,prescription_exposure,not applicable,read_v2_drugs_bnf,Mapped BNF code: 02.12.00.00,candidate_requires_pharmacology_review
medication.lipid_lowering.read_v2_drug,medication,lipid_lowering,read_v2_drug,gp_scripts,read_2,exact,true,bxi..,ATORVASTATIN,ATORVASTATIN,core,prescription_exposure,not applicable,read_v2_drugs_bnf,Mapped BNF code: 02.12.00.00,candidate_requires_pharmacology_review
medication.lipid_lowering.read_v2_drug,medication,lipid_lowering,read_v2_drug,gp_scripts,read_2,exact,true,bxi1.,ATORVASTATIN 10mg tablets,ATORVASTATIN 10mg tablets,core,prescription_exposure,not applicable,read_v2_drugs_bnf,Mapped BNF code: 02.12.00.00,candidate_requires_pharmacology_review
medication.lipid_lowering.read_v2_drug,medication,lipid_lowering,read_v2_drug,gp_scripts,read_2,exact,true,bxi2.,ATORVASTATIN 20mg tablets,ATORVASTATIN 20mg tablets,core,prescription_exposure,not applicable,read_v2_drugs_bnf,Mapped BNF code: 02.12.00.00,candidate_requires_pharmacology_review
medication.lipid_lowering.read_v2_drug,medication,lipid_lowering,read_v2_drug,gp_scripts,read_2,exact,true,bxi3.,ATORVASTATIN 40mg tablets,ATORVASTATIN 40mg tablets,core,prescription_exposure,not applicable,read_v2_drugs_bnf,Mapped BNF code: 02.12.00.00,candidate_requires_pharmacology_review
medication.lipid_lowering.read_v2_drug,medication,lipid_lowering,read_v2_drug,gp_scripts,read_2,exact,true,bxi4.,LIPITOR 10mg tablets,LIPITOR 10mg tablets,core,prescription_exposure,not applicable,read_v2_drugs_bnf,Mapped BNF code: 02.12.00.00,candidate_requires_pharmacology_review
medication.lipid_lowering.read_v2_drug,medication,lipid_lowering,read_v2_drug,gp_scripts,read_2,exact,true,bxi5.,LIPITOR 20mg tablets,LIPITOR 20mg tablets,core,prescription_exposure,not applicable,read_v2_drugs_bnf,Mapped BNF code: 02.12.00.00,candidate_requires_pharmacology_review
medication.lipid_lowering.read_v2_drug,medication,lipid_lowering,read_v2_drug,gp_scripts,read_2,exact,true,bxi6.,LIPITOR 40mg tablets,LIPITOR 40mg tablets,core,prescription_exposure,not applicable,read_v2_drugs_bnf,Mapped BNF code: 02.12.00.00,candidate_requires_pharmacology_review
medication.lipid_lowering.read_v2_drug,medication,lipid_lowering,read_v2_drug,gp_scripts,read_2,exact,true,bxi7.,LIPITOR 80mg tablets,LIPITOR 80mg tablets,core,prescription_exposure,not applicable,read_v2_drugs_bnf,Mapped BNF code: 02.12.00.00,candidate_requires_pharmacology_review
medication.lipid_lowering.read_v2_drug,medication,lipid_lowering,read_v2_drug,gp_scripts,read_2,exact,true,bxi8.,LIPITOR 10mg chewable tablets,LIPITOR 10mg chewable tablets,core,prescription_exposure,not applicable,read_v2_drugs_bnf,Mapped BNF code: 02.12.00.00,candidate_requires_pharmacology_review
medication.lipid_lowering.read_v2_drug,medication,lipid_lowering,read_v2_drug,gp_scripts,read_2,exact,true,bxi9.,ATORVASTATIN 10mg chewable tablets,ATORVASTATIN 10mg chewable tablets,core,prescription_exposure,not applicable,read_v2_drugs_bnf,Mapped BNF code: 02.12.00.00,candidate_requires_pharmacology_review
medication.lipid_lowering.read_v2_drug,medication,lipid_lowering,read_v2_drug,gp_scripts,read_2,exact,true,bxiA.,LIPITOR 20mg chewable tablets,LIPITOR 20mg chewable tablets,core,prescription_exposure,not applicable,read_v2_drugs_bnf,Mapped BNF code: 02.12.00.00,candidate_requires_pharmacology_review
medication.lipid_lowering.read_v2_drug,medication,lipid_lowering,read_v2_drug,gp_scripts,read_2,exact,true,bxiB.,ATORVASTATIN 20mg chewable tablets,ATORVASTATIN 20mg chewable tablets,core,prescription_exposure,not applicable,read_v2_drugs_bnf,Mapped BNF code: 02.12.00.00,candidate_requires_pharmacology_review
medication.lipid_lowering.read_v2_drug,medication,lipid_lowering,read_v2_drug,gp_scripts,read_2,exact,true,bxiy.,ATORVASTATIN 60mg tablets,ATORVASTATIN 60mg tablets,core,prescription_exposure,not applicable,read_v2_drugs_bnf,Mapped BNF code: 02.12.00.00,candidate_requires_pharmacology_review
medication.lipid_lowering.read_v2_drug,medication,lipid_lowering,read_v2_drug,gp_scripts,read_2,exact,true,bxiz.,ATORVASTATIN 80mg tablets,ATORVASTATIN 80mg tablets,core,prescription_exposure,not applicable,read_v2_drugs_bnf,Mapped BNF code: 02.12.00.00,candidate_requires_pharmacology_review
medication.lipid_lowering.read_v2_drug,medication,lipid_lowering,read_v2_drug,gp_scripts,read_2,exact,true,bxj..,CERIVASTATIN,CERIVASTATIN,core,prescription_exposure,not applicable,read_v2_drugs_bnf,Mapped BNF code: 02.12.00.00,candidate_requires_pharmacology_review
medication.lipid_lowering.read_v2_drug,medication,lipid_lowering,read_v2_drug,gp_scripts,read_2,exact,true,bxj1.,CERIVASTATIN SODIUM 100micrograms tablets,CERIVASTATIN SODIUM 100micrograms tablets,core,prescription_exposure,not applicable,read_v2_drugs_bnf,Mapped BNF code: 02.12.00.00,candidate_requires_pharmacology_review
medication.lipid_lowering.read_v2_drug,medication,lipid_lowering,read_v2_drug,gp_scripts,read_2,exact,true,bxj2.,CERIVASTATIN SODIUM 200micrograms tablets,CERIVASTATIN SODIUM 200micrograms tablets,core,prescription_exposure,not applicable,read_v2_drugs_bnf,Mapped BNF code: 02.12.00.00,candidate_requires_pharmacology_review
medication.lipid_lowering.read_v2_drug,medication,lipid_lowering,read_v2_drug,gp_scripts,read_2,exact,true,bxj3.,CERIVASTATIN SODIUM 300micrograms tablets,CERIVASTATIN SODIUM 300micrograms tablets,core,prescription_exposure,not applicable,read_v2_drugs_bnf,Mapped BNF code: 02.12.00.00,candidate_requires_pharmacology_review
medication.lipid_lowering.read_v2_drug,medication,lipid_lowering,read_v2_drug,gp_scripts,read_2,exact,true,bxj4.,*LIPOBAY 100micrograms tablets,*LIPOBAY 100micrograms tablets,core,prescription_exposure,not applicable,read_v2_drugs_bnf,Mapped BNF code: 02.12.00.00,candidate_requires_pharmacology_review
medication.lipid_lowering.read_v2_drug,medication,lipid_lowering,read_v2_drug,gp_scripts,read_2,exact,true,bxj5.,*LIPOBAY 200micrograms tablets,*LIPOBAY 200micrograms tablets,core,prescription_exposure,not applicable,read_v2_drugs_bnf,Mapped BNF code: 02.12.00.00,candidate_requires_pharmacology_review
medication.lipid_lowering.read_v2_drug,medication,lipid_lowering,read_v2_drug,gp_scripts,read_2,exact,true,bxj6.,*LIPOBAY 300micrograms tablets,*LIPOBAY 300micrograms tablets,core,prescription_exposure,not applicable,read_v2_drugs_bnf,Mapped BNF code: 02.12.00.00,candidate_requires_pharmacology_review
medication.lipid_lowering.read_v2_drug,medication,lipid_lowering,read_v2_drug,gp_scripts,read_2,exact,true,bxj7.,CERIVASTATIN SODIUM 400micrograms tablets,CERIVASTATIN SODIUM 400micrograms tablets,core,prescription_exposure,not applicable,read_v2_drugs_bnf,Mapped BNF code: 02.12.00.00,candidate_requires_pharmacology_review
medication.lipid_lowering.read_v2_drug,medication,lipid_lowering,read_v2_drug,gp_scripts,read_2,exact,true,bxj8.,*LIPOBAY 400micrograms tablets,*LIPOBAY 400micrograms tablets,core,prescription_exposure,not applicable,read_v2_drugs_bnf,Mapped BNF code: 02.12.00.00,candidate_requires_pharmacology_review
medication.lipid_lowering.read_v2_drug,medication,lipid_lowering,read_v2_drug,gp_scripts,read_2,exact,true,bxj9.,*LIPOBAY 800micrograms tablets,*LIPOBAY 800micrograms tablets,core,prescription_exposure,not applicable,read_v2_drugs_bnf,Mapped BNF code: 02.12.00.00,candidate_requires_pharmacology_review
medication.lipid_lowering.read_v2_drug,medication,lipid_lowering,read_v2_drug,gp_scripts,read_2,exact,true,bxjz.,CERIVASTATIN SODIUM 800micrograms tablets,CERIVASTATIN SODIUM 800micrograms tablets,core,prescription_exposure,not applicable,read_v2_drugs_bnf,Mapped BNF code: 02.12.00.00,candidate_requires_pharmacology_review
medication.lipid_lowering.read_v2_drug,medication,lipid_lowering,read_v2_drug,gp_scripts,read_2,exact,true,bxk..,ROSUVASTATIN,ROSUVASTATIN,core,prescription_exposure,not applicable,read_v2_drugs_bnf,Mapped BNF code: 02.12.00.00,candidate_requires_pharmacology_review
medication.lipid_lowering.read_v2_drug,medication,lipid_lowering,read_v2_drug,gp_scripts,read_2,exact,true,bxk1.,CRESTOR 10mg tablets,CRESTOR 10mg tablets,core,prescription_exposure,not applicable,read_v2_drugs_bnf,Mapped BNF code: 02.12.00.00,candidate_requires_pharmacology_review
medication.lipid_lowering.read_v2_drug,medication,lipid_lowering,read_v2_drug,gp_scripts,read_2,exact,true,bxk2.,CRESTOR 20mg tablets,CRESTOR 20mg tablets,core,prescription_exposure,not applicable,read_v2_drugs_bnf,Mapped BNF code: 02.12.00.00,candidate_requires_pharmacology_review
medication.lipid_lowering.read_v2_drug,medication,lipid_lowering,read_v2_drug,gp_scripts,read_2,exact,true,bxk3.,CRESTOR 40mg tablets,CRESTOR 40mg tablets,core,prescription_exposure,not applicable,read_v2_drugs_bnf,Mapped BNF code: 02.12.00.00,candidate_requires_pharmacology_review
medication.lipid_lowering.read_v2_drug,medication,lipid_lowering,read_v2_drug,gp_scripts,read_2,exact,true,bxk4.,CRESTOR 5mg tablets,CRESTOR 5mg tablets,core,prescription_exposure,not applicable,read_v2_drugs_bnf,Mapped BNF code: 02.12.00.00,candidate_requires_pharmacology_review
medication.lipid_lowering.read_v2_drug,medication,lipid_lowering,read_v2_drug,gp_scripts,read_2,exact,true,bxkw.,ROSUVASTATIN 5mg tablets,ROSUVASTATIN 5mg tablets,core,prescription_exposure,not applicable,read_v2_drugs_bnf,Mapped BNF code: 02.12.00.00,candidate_requires_pharmacology_review
medication.lipid_lowering.read_v2_drug,medication,lipid_lowering,read_v2_drug,gp_scripts,read_2,exact,true,bxkx.,ROSUVASTATIN 10mg tablets,ROSUVASTATIN 10mg tablets,core,prescription_exposure,not applicable,read_v2_drugs_bnf,Mapped BNF code: 02.12.00.00,candidate_requires_pharmacology_review
medication.lipid_lowering.read_v2_drug,medication,lipid_lowering,read_v2_drug,gp_scripts,read_2,exact,true,bxky.,ROSUVASTATIN 20mg tablets,ROSUVASTATIN 20mg tablets,core,prescription_exposure,not applicable,read_v2_drugs_bnf,Mapped BNF code: 02.12.00.00,candidate_requires_pharmacology_review
medication.lipid_lowering.read_v2_drug,medication,lipid_lowering,read_v2_drug,gp_scripts,read_2,exact,true,bxkz.,ROSUVASTATIN 40mg tablets,ROSUVASTATIN 40mg tablets,core,prescription_exposure,not applicable,read_v2_drugs_bnf,Mapped BNF code: 02.12.00.00,candidate_requires_pharmacology_review
medication.lipid_lowering.read_v2_drug,medication,lipid_lowering,read_v2_drug,gp_scripts,read_2,exact,true,bxl..,EZETIMIBE,EZETIMIBE,core,prescription_exposure,not applicable,read_v2_drugs_bnf,Mapped BNF code: 02.12.00.00,candidate_requires_pharmacology_review
medication.lipid_lowering.read_v2_drug,medication,lipid_lowering,read_v2_drug,gp_scripts,read_2,exact,true,bxl1.,EZETIMIBE 10mg tablets,EZETIMIBE 10mg tablets,core,prescription_exposure,not applicable,read_v2_drugs_bnf,Mapped BNF code: 02.12.00.00,candidate_requires_pharmacology_review
medication.lipid_lowering.read_v2_drug,medication,lipid_lowering,read_v2_drug,gp_scripts,read_2,exact,true,bxlz.,EZETROL 10mg tablets,EZETROL 10mg tablets,core,prescription_exposure,not applicable,read_v2_drugs_bnf,Mapped BNF code: 02.12.00.00,candidate_requires_pharmacology_review
medication.lipid_lowering.read_v2_drug,medication,lipid_lowering,read_v2_drug,gp_scripts,read_2,exact,true,bxm..,COLESEVELAM HYDROCHLORIDE,COLESEVELAM HYDROCHLORIDE,core,prescription_exposure,not applicable,read_v2_drugs_bnf,Mapped BNF code: 02.12.00.00,candidate_requires_pharmacology_review
medication.lipid_lowering.read_v2_drug,medication,lipid_lowering,read_v2_drug,gp_scripts,read_2,exact,true,bxm1.,CHOLESTAGEL 625mg tablets,CHOLESTAGEL 625mg tablets,core,prescription_exposure,not applicable,read_v2_drugs_bnf,Mapped BNF code: 02.12.00.00,candidate_requires_pharmacology_review
medication.lipid_lowering.read_v2_drug,medication,lipid_lowering,read_v2_drug,gp_scripts,read_2,exact,true,bxm2.,COLESEVELAM 625mg tablets,COLESEVELAM 625mg tablets,core,prescription_exposure,not applicable,read_v2_drugs_bnf,Mapped BNF code: 02.12.00.00,candidate_requires_pharmacology_review
medication.lipid_lowering.read_v2_drug,medication,lipid_lowering,read_v2_drug,gp_scripts,read_2,exact,true,bxn..,LOMITAPIDE,LOMITAPIDE,core,prescription_exposure,not applicable,read_v2_drugs_bnf,Mapped BNF code: 02.12.00.00,candidate_requires_pharmacology_review
medication.lipid_lowering.read_v2_drug,medication,lipid_lowering,read_v2_drug,gp_scripts,read_2,exact,true,bxn1.,LOJUXTA 5mg capsules,LOJUXTA 5mg capsules,core,prescription_exposure,not applicable,read_v2_drugs_bnf,Mapped BNF code: 02.12.00.00,candidate_requires_pharmacology_review
medication.lipid_lowering.read_v2_drug,medication,lipid_lowering,read_v2_drug,gp_scripts,read_2,exact,true,bxn2.,LOMITAPIDE 5mg capsules,LOMITAPIDE 5mg capsules,core,prescription_exposure,not applicable,read_v2_drugs_bnf,Mapped BNF code: 02.12.00.00,candidate_requires_pharmacology_review
medication.lipid_lowering.read_v2_drug,medication,lipid_lowering,read_v2_drug,gp_scripts,read_2,exact,true,bxn3.,LOJUXTA 10mg capsules,LOJUXTA 10mg capsules,core,prescription_exposure,not applicable,read_v2_drugs_bnf,Mapped BNF code: 02.12.00.00,candidate_requires_pharmacology_review
medication.lipid_lowering.read_v2_drug,medication,lipid_lowering,read_v2_drug,gp_scripts,read_2,exact,true,bxn4.,LOMITAPIDE 10mg capsules,LOMITAPIDE 10mg capsules,core,prescription_exposure,not applicable,read_v2_drugs_bnf,Mapped BNF code: 02.12.00.00,candidate_requires_pharmacology_review
medication.lipid_lowering.read_v2_drug,medication,lipid_lowering,read_v2_drug,gp_scripts,read_2,exact,true,bxn5.,LOJUXTA 20mg capsules,LOJUXTA 20mg capsules,core,prescription_exposure,not applicable,read_v2_drugs_bnf,Mapped BNF code: 02.12.00.00,candidate_requires_pharmacology_review
medication.lipid_lowering.read_v2_drug,medication,lipid_lowering,read_v2_drug,gp_scripts,read_2,exact,true,bxn6.,LOMITAPIDE 20mg capsules,LOMITAPIDE 20mg capsules,core,prescription_exposure,not applicable,read_v2_drugs_bnf,Mapped BNF code: 02.12.00.00,candidate_requires_pharmacology_review
medication.lipid_lowering.read_v2_drug,medication,lipid_lowering,read_v2_drug,gp_scripts,read_2,exact,true,bxo..,EVOLOCUMAB,EVOLOCUMAB,core,prescription_exposure,not applicable,read_v2_drugs_bnf,Mapped BNF code: 02.12.00.00,candidate_requires_pharmacology_review
medication.lipid_lowering.read_v2_drug,medication,lipid_lowering,read_v2_drug,gp_scripts,read_2,exact,true,bxo1.,REPATHA 140mg/1mL solution for injection prefilled syringe,REPATHA 140mg/1mL solution for injection prefilled syringe,core,prescription_exposure,not applicable,read_v2_drugs_bnf,Mapped BNF code: 02.12.00.00,candidate_requires_pharmacology_review
medication.lipid_lowering.read_v2_drug,medication,lipid_lowering,read_v2_drug,gp_scripts,read_2,exact,true,bxo2.,EVOLOCUMAB 140mg/1mL soln for inj prefilled syringe,EVOLOCUMAB 140mg/1mL soln for inj prefilled syringe,core,prescription_exposure,not applicable,read_v2_drugs_bnf,Mapped BNF code: 02.12.00.00,candidate_requires_pharmacology_review
medication.lipid_lowering.read_v2_drug,medication,lipid_lowering,read_v2_drug,gp_scripts,read_2,exact,true,bxo3.,REPATHA SURECLICK 140mg/1mL soln for inj prefilled pen,REPATHA SURECLICK 140mg/1mL soln for inj prefilled pen,core,prescription_exposure,not applicable,read_v2_drugs_bnf,Mapped BNF code: 02.12.00.00,candidate_requires_pharmacology_review
medication.lipid_lowering.read_v2_drug,medication,lipid_lowering,read_v2_drug,gp_scripts,read_2,exact,true,bxo4.,EVOLOCUMAB 140mg/1mL solution for injection prefilled pen,EVOLOCUMAB 140mg/1mL solution for injection prefilled pen,core,prescription_exposure,not applicable,read_v2_drugs_bnf,Mapped BNF code: 02.12.00.00,candidate_requires_pharmacology_review
medication.lipid_lowering.read_v2_drug,medication,lipid_lowering,read_v2_drug,gp_scripts,read_2,exact,true,bxp..,ALIROCUMAB,ALIROCUMAB,core,prescription_exposure,not applicable,read_v2_drugs_bnf,Mapped BNF code: 02.12.00.00,candidate_requires_pharmacology_review
medication.lipid_lowering.read_v2_drug,medication,lipid_lowering,read_v2_drug,gp_scripts,read_2,exact,true,bxp1.,PRALUENT 75mg/1mL solution for injection prefilled pen,PRALUENT 75mg/1mL solution for injection prefilled pen,core,prescription_exposure,not applicable,read_v2_drugs_bnf,Mapped BNF code: 02.12.00.00,candidate_requires_pharmacology_review
medication.lipid_lowering.read_v2_drug,medication,lipid_lowering,read_v2_drug,gp_scripts,read_2,exact,true,bxp2.,ALIROCUMAB 75mg/1mL solution for injection prefilled pen,ALIROCUMAB 75mg/1mL solution for injection prefilled pen,core,prescription_exposure,not applicable,read_v2_drugs_bnf,Mapped BNF code: 02.12.00.00,candidate_requires_pharmacology_review
medication.lipid_lowering.read_v2_drug,medication,lipid_lowering,read_v2_drug,gp_scripts,read_2,exact,true,bxp3.,PRALUENT 150mg/1mL solution for injection prefilled pen,PRALUENT 150mg/1mL solution for injection prefilled pen,core,prescription_exposure,not applicable,read_v2_drugs_bnf,Mapped BNF code: 02.12.00.00,candidate_requires_pharmacology_review
medication.lipid_lowering.read_v2_drug,medication,lipid_lowering,read_v2_drug,gp_scripts,read_2,exact,true,bxp4.,ALIROCUMAB 150mg/1mL solution for injection prefilled pen,ALIROCUMAB 150mg/1mL solution for injection prefilled pen,core,prescription_exposure,not applicable,read_v2_drugs_bnf,Mapped BNF code: 02.12.00.00,candidate_requires_pharmacology_review
medication.weight_management.bnf,medication,weight_management,bnf,gp_scripts,bnf_code,prefix,true,0405010M0,Methylcellulose,Methylcellulose,core,prescription_exposure,not applicable,bnf_lkp,Gastro-Intestinal Anti-Obesity Drugs | Gastro-Intestinal Anti-Obesity Drugs | Obesity | Central Nervous System,candidate_requires_pharmacology_review
medication.weight_management.bnf,medication,weight_management,bnf,gp_scripts,bnf_code,prefix,true,0405010P0,Orlistat,Orlistat,core,prescription_exposure,not applicable,bnf_lkp,Gastro-Intestinal Anti-Obesity Drugs | Gastro-Intestinal Anti-Obesity Drugs | Obesity | Central Nervous System,candidate_requires_pharmacology_review
medication.weight_management.bnf,medication,weight_management,bnf,gp_scripts,bnf_code,prefix,true,0405010S0,Sterculia,Sterculia,core,prescription_exposure,not applicable,bnf_lkp,Gastro-Intestinal Anti-Obesity Drugs | Gastro-Intestinal Anti-Obesity Drugs | Obesity | Central Nervous System,candidate_requires_pharmacology_review
medication.weight_management.bnf,medication,weight_management,bnf,gp_scripts,bnf_code,prefix,true,0405020D0,Dexfenfluramine Hydrochloride,Dexfenfluramine Hydrochloride,core,prescription_exposure,not applicable,bnf_lkp,Centrally-Acting Appetite Suppressants | Centrally-Acting Appetite Suppressants | Obesity | Central Nervous System,candidate_requires_pharmacology_review
medication.weight_management.bnf,medication,weight_management,bnf,gp_scripts,bnf_code,prefix,true,0405020E0,Diethylpropion Hydrochloride,Diethylpropion Hydrochloride,core,prescription_exposure,not applicable,bnf_lkp,Centrally-Acting Appetite Suppressants | Centrally-Acting Appetite Suppressants | Obesity | Central Nervous System,candidate_requires_pharmacology_review
medication.weight_management.bnf,medication,weight_management,bnf,gp_scripts,bnf_code,prefix,true,0405020I0,Fenfluramine Hydrochloride,Fenfluramine Hydrochloride,core,prescription_exposure,not applicable,bnf_lkp,Centrally-Acting Appetite Suppressants | Centrally-Acting Appetite Suppressants | Obesity | Central Nervous System,candidate_requires_pharmacology_review
medication.weight_management.bnf,medication,weight_management,bnf,gp_scripts,bnf_code,prefix,true,0405020N0,Mazindol,Mazindol,core,prescription_exposure,not applicable,bnf_lkp,Centrally-Acting Appetite Suppressants | Centrally-Acting Appetite Suppressants | Obesity | Central Nervous System,candidate_requires_pharmacology_review
medication.weight_management.bnf,medication,weight_management,bnf,gp_scripts,bnf_code,prefix,true,0405020R0,Phentermine,Phentermine,core,prescription_exposure,not applicable,bnf_lkp,Centrally-Acting Appetite Suppressants | Centrally-Acting Appetite Suppressants | Obesity | Central Nervous System,candidate_requires_pharmacology_review
medication.weight_management.bnf,medication,weight_management,bnf,gp_scripts,bnf_code,prefix,true,0405020S0,Sibutramine,Sibutramine,core,prescription_exposure,not applicable,bnf_lkp,Centrally-Acting Appetite Suppressants | Centrally-Acting Appetite Suppressants | Obesity | Central Nervous System,candidate_requires_pharmacology_review
medication.weight_management.bnf,medication,weight_management,bnf,gp_scripts,bnf_code,prefix,true,0405020T0,Rimonabant,Rimonabant,core,prescription_exposure,not applicable,bnf_lkp,Centrally-Acting Appetite Suppressants | Centrally-Acting Appetite Suppressants | Obesity | Central Nervous System,candidate_requires_pharmacology_review
medication.weight_management.bnf,medication,weight_management,bnf,gp_scripts,bnf_code,prefix,true,0405020U0,Naltrexone/Bupropion,Naltrexone/Bupropion,core,prescription_exposure,not applicable,bnf_lkp,Centrally-Acting Appetite Suppressants | Centrally-Acting Appetite Suppressants | Obesity | Central Nervous System,candidate_requires_pharmacology_review
medication.weight_management.read_v2_drug,medication,weight_management,read_v2_drug,gp_scripts,read_2,exact,true,aw1..,ORLISTAT,ORLISTAT,core,prescription_exposure,not applicable,read_v2_drugs_bnf,Mapped BNF code: 04.05.01.00,candidate_requires_pharmacology_review
medication.weight_management.read_v2_drug,medication,weight_management,read_v2_drug,gp_scripts,read_2,exact,true,aw11.,ORLISTAT 120mg capsules,ORLISTAT 120mg capsules,core,prescription_exposure,not applicable,read_v2_drugs_bnf,Mapped BNF code: 04.05.01.00,candidate_requires_pharmacology_review
medication.weight_management.read_v2_drug,medication,weight_management,read_v2_drug,gp_scripts,read_2,exact,true,aw12.,XENICAL 120mg capsules,XENICAL 120mg capsules,core,prescription_exposure,not applicable,read_v2_drugs_bnf,Mapped BNF code: 04.05.01.00,candidate_requires_pharmacology_review
medication.weight_management.read_v2_drug,medication,weight_management,read_v2_drug,gp_scripts,read_2,exact,true,aw13.,ALLI 60mg capsules,ALLI 60mg capsules,core,prescription_exposure,not applicable,read_v2_drugs_bnf,Mapped BNF code: 04.05.01.00,candidate_requires_pharmacology_review
medication.weight_management.read_v2_drug,medication,weight_management,read_v2_drug,gp_scripts,read_2,exact,true,aw14.,ORLISTAT 60mg capsules,ORLISTAT 60mg capsules,core,prescription_exposure,not applicable,read_v2_drugs_bnf,Mapped BNF code: 04.05.01.00,candidate_requires_pharmacology_review
medication.weight_management.read_v2_drug,medication,weight_management,read_v2_drug,gp_scripts,read_2,exact,true,aw15.,ALLI 27mg chewable tablets,ALLI 27mg chewable tablets,core,prescription_exposure,not applicable,read_v2_drugs_bnf,Mapped BNF code: 04.05.01.00,candidate_requires_pharmacology_review
medication.weight_management.read_v2_drug,medication,weight_management,read_v2_drug,gp_scripts,read_2,exact,true,aw16.,ORLISTAT 27mg chewable tablets,ORLISTAT 27mg chewable tablets,core,prescription_exposure,not applicable,read_v2_drugs_bnf,Mapped BNF code: 04.05.01.00,candidate_requires_pharmacology_review
medication.weight_management.read_v2_drug,medication,weight_management,read_v2_drug,gp_scripts,read_2,exact,true,aw17.,BEACITA 120mg capsules,BEACITA 120mg capsules,core,prescription_exposure,not applicable,read_v2_drugs_bnf,Mapped BNF code: 04.05.01.00,candidate_requires_pharmacology_review
medication.weight_management.read_v2_drug,medication,weight_management,read_v2_drug,gp_scripts,read_2,exact,true,de...,BULK-FORMING DRUGS [APPETITE SUPPRESSANTS],BULK-FORMING DRUGS [APPETITE SUPPRESSANTS],core,prescription_exposure,not applicable,read_v2_drugs_bnf,Mapped BNF code: 04.05.01.00,candidate_requires_pharmacology_review
medication.weight_management.read_v2_drug,medication,weight_management,read_v2_drug,gp_scripts,read_2,exact,true,de1..,METHYLCELLULOSE [APPETITE SUPPRESSANTS],METHYLCELLULOSE [APPETITE SUPPRESSANTS],core,prescription_exposure,not applicable,read_v2_drugs_bnf,Mapped BNF code: 04.05.01.00,candidate_requires_pharmacology_review
medication.weight_management.read_v2_drug,medication,weight_management,read_v2_drug,gp_scripts,read_2,exact,true,de11.,CELEVAC 500mg tablets,CELEVAC 500mg tablets,core,prescription_exposure,not applicable,read_v2_drugs_bnf,Mapped BNF code: 04.05.01.00,candidate_requires_pharmacology_review
medication.weight_management.read_v2_drug,medication,weight_management,read_v2_drug,gp_scripts,read_2,exact,true,de13.,*NILSTIM 400mg tablets,*NILSTIM 400mg tablets,core,prescription_exposure,not applicable,read_v2_drugs_bnf,Mapped BNF code: 04.05.01.00,candidate_requires_pharmacology_review
medication.weight_management.read_v2_drug,medication,weight_management,read_v2_drug,gp_scripts,read_2,exact,true,de1y.,METHYLCELLULOSE 500mg tablets,METHYLCELLULOSE 500mg tablets,core,prescription_exposure,not applicable,read_v2_drugs_bnf,Mapped BNF code: 04.05.01.00,candidate_requires_pharmacology_review
medication.weight_management.read_v2_drug,medication,weight_management,read_v2_drug,gp_scripts,read_2,exact,true,de1z.,*METHYLCELLULOSE 400mg tablets,*METHYLCELLULOSE 400mg tablets,core,prescription_exposure,not applicable,read_v2_drugs_bnf,Mapped BNF code: 04.05.01.00,candidate_requires_pharmacology_review
medication.weight_management.read_v2_drug,medication,weight_management,read_v2_drug,gp_scripts,read_2,exact,true,de2..,STERCULIA [APPETITE SUPPRESSANT],STERCULIA [APPETITE SUPPRESSANT],core,prescription_exposure,not applicable,read_v2_drugs_bnf,Mapped BNF code: 04.05.01.00,candidate_requires_pharmacology_review
medication.weight_management.read_v2_drug,medication,weight_management,read_v2_drug,gp_scripts,read_2,exact,true,de21.,*PREFIL-80% granules,*PREFIL-80% granules,core,prescription_exposure,not applicable,read_v2_drugs_bnf,Mapped BNF code: 04.05.01.00,candidate_requires_pharmacology_review
medication.weight_management.read_v2_drug,medication,weight_management,read_v2_drug,gp_scripts,read_2,exact,true,de22.,*STERCULIA 80% granules,*STERCULIA 80% granules,core,prescription_exposure,not applicable,read_v2_drugs_bnf,Mapped BNF code: 04.05.01.00,candidate_requires_pharmacology_review
medication.weight_management.read_v2_drug,medication,weight_management,read_v2_drug,gp_scripts,read_2,exact,true,de2z.,*STERCULIA 55% granules,*STERCULIA 55% granules,core,prescription_exposure,not applicable,read_v2_drugs_bnf,Mapped BNF code: 04.05.01.00,candidate_requires_pharmacology_review
medication.weight_management.read_v2_drug,medication,weight_management,read_v2_drug,gp_scripts,read_2,exact,true,df...,CENTRAL APPETITE SUPPRESSANTS,CENTRAL APPETITE SUPPRESSANTS,core,prescription_exposure,not applicable,read_v2_drugs_bnf,Mapped BNF code: 04.05.02.00,candidate_requires_pharmacology_review
medication.weight_management.read_v2_drug,medication,weight_management,read_v2_drug,gp_scripts,read_2,exact,true,df1..,DIETHYLPROPION HYDROCHLORIDE,DIETHYLPROPION HYDROCHLORIDE,core,prescription_exposure,not applicable,read_v2_drugs_bnf,Mapped BNF code: 04.05.02.00,candidate_requires_pharmacology_review
medication.weight_management.read_v2_drug,medication,weight_management,read_v2_drug,gp_scripts,read_2,exact,true,df11.,*APISATE m/r tablets,*APISATE m/r tablets,core,prescription_exposure,not applicable,read_v2_drugs_bnf,Mapped BNF code: 04.05.02.00,candidate_requires_pharmacology_review
medication.weight_management.read_v2_drug,medication,weight_management,read_v2_drug,gp_scripts,read_2,exact,true,df12.,TENUATE DOSPAN 75mg m/r tablets,TENUATE DOSPAN 75mg m/r tablets,core,prescription_exposure,not applicable,read_v2_drugs_bnf,Mapped BNF code: 04.05.02.00,candidate_requires_pharmacology_review
medication.weight_management.read_v2_drug,medication,weight_management,read_v2_drug,gp_scripts,read_2,exact,true,df13.,DIETHYLPROPION HCL + VITAMINS 75mg m/r tablets,DIETHYLPROPION HCL + VITAMINS 75mg m/r tablets,core,prescription_exposure,not applicable,read_v2_drugs_bnf,Mapped BNF code: 04.05.02.00,candidate_requires_pharmacology_review
medication.weight_management.read_v2_drug,medication,weight_management,read_v2_drug,gp_scripts,read_2,exact,true,df1x.,DIETHYLPROPION HYDROCHLORIDE 25mg tablets,DIETHYLPROPION HYDROCHLORIDE 25mg tablets,core,prescription_exposure,not applicable,read_v2_drugs_bnf,Mapped BNF code: 04.05.02.00,candidate_requires_pharmacology_review
medication.weight_management.read_v2_drug,medication,weight_management,read_v2_drug,gp_scripts,read_2,exact,true,df1y.,DIETHYLPROPION HYDROCHLORIDE m/r tablets,DIETHYLPROPION HYDROCHLORIDE m/r tablets,core,prescription_exposure,not applicable,read_v2_drugs_bnf,Mapped BNF code: 04.05.02.00,candidate_requires_pharmacology_review
medication.weight_management.read_v2_drug,medication,weight_management,read_v2_drug,gp_scripts,read_2,exact,true,df1z.,DIETHYLPROPION HYDROCHLORIDE 75mg m/r tablets,DIETHYLPROPION HYDROCHLORIDE 75mg m/r tablets,core,prescription_exposure,not applicable,read_v2_drugs_bnf,Mapped BNF code: 04.05.02.00,candidate_requires_pharmacology_review
medication.weight_management.read_v2_drug,medication,weight_management,read_v2_drug,gp_scripts,read_2,exact,true,df2..,FENFLURAMINE HYDROCHLORIDE,FENFLURAMINE HYDROCHLORIDE,core,prescription_exposure,not applicable,read_v2_drugs_bnf,Mapped BNF code: 04.05.02.00,candidate_requires_pharmacology_review
medication.weight_management.read_v2_drug,medication,weight_management,read_v2_drug,gp_scripts,read_2,exact,true,df21.,PONDERAX PACAPS 60mg m/r capsules,PONDERAX PACAPS 60mg m/r capsules,core,prescription_exposure,not applicable,read_v2_drugs_bnf,Mapped BNF code: 04.05.02.00,candidate_requires_pharmacology_review
medication.weight_management.read_v2_drug,medication,weight_management,read_v2_drug,gp_scripts,read_2,exact,true,df2z.,FENFLURAMINE HYDROCHLORIDE 60mg m/r capsules,FENFLURAMINE HYDROCHLORIDE 60mg m/r capsules,core,prescription_exposure,not applicable,read_v2_drugs_bnf,Mapped BNF code: 04.05.02.00,candidate_requires_pharmacology_review
medication.weight_management.read_v2_drug,medication,weight_management,read_v2_drug,gp_scripts,read_2,exact,true,df3..,MAZINDOL,MAZINDOL,core,prescription_exposure,not applicable,read_v2_drugs_bnf,Mapped BNF code: 04.05.02.00,candidate_requires_pharmacology_review
medication.weight_management.read_v2_drug,medication,weight_management,read_v2_drug,gp_scripts,read_2,exact,true,df31.,*TERONAC 2mg tablets,*TERONAC 2mg tablets,core,prescription_exposure,not applicable,read_v2_drugs_bnf,Mapped BNF code: 04.05.02.00,candidate_requires_pharmacology_review
medication.weight_management.read_v2_drug,medication,weight_management,read_v2_drug,gp_scripts,read_2,exact,true,df3z.,*MAZINDOL 2mg tablets,*MAZINDOL 2mg tablets,core,prescription_exposure,not applicable,read_v2_drugs_bnf,Mapped BNF code: 04.05.02.00,candidate_requires_pharmacology_review
medication.weight_management.read_v2_drug,medication,weight_management,read_v2_drug,gp_scripts,read_2,exact,true,df4..,PHENTERMINE,PHENTERMINE,core,prescription_exposure,not applicable,read_v2_drugs_bnf,Mapped BNF code: 04.05.02.00,candidate_requires_pharmacology_review
medication.weight_management.read_v2_drug,medication,weight_management,read_v2_drug,gp_scripts,read_2,exact,true,df41.,*DUROMINE 15mg m/r capsules,*DUROMINE 15mg m/r capsules,core,prescription_exposure,not applicable,read_v2_drugs_bnf,Mapped BNF code: 04.05.02.00,candidate_requires_pharmacology_review
medication.weight_management.read_v2_drug,medication,weight_management,read_v2_drug,gp_scripts,read_2,exact,true,df42.,*DUROMINE 30mg m/r capsules,*DUROMINE 30mg m/r capsules,core,prescription_exposure,not applicable,read_v2_drugs_bnf,Mapped BNF code: 04.05.02.00,candidate_requires_pharmacology_review
medication.weight_management.read_v2_drug,medication,weight_management,read_v2_drug,gp_scripts,read_2,exact,true,df43.,*IONAMIN 15mg m/r capsules,*IONAMIN 15mg m/r capsules,core,prescription_exposure,not applicable,read_v2_drugs_bnf,Mapped BNF code: 04.05.02.00,candidate_requires_pharmacology_review
medication.weight_management.read_v2_drug,medication,weight_management,read_v2_drug,gp_scripts,read_2,exact,true,df44.,*IONAMIN 30mg m/r capsules,*IONAMIN 30mg m/r capsules,core,prescription_exposure,not applicable,read_v2_drugs_bnf,Mapped BNF code: 04.05.02.00,candidate_requires_pharmacology_review
medication.weight_management.read_v2_drug,medication,weight_management,read_v2_drug,gp_scripts,read_2,exact,true,df4y.,*PHENTERMINE 15mg m/r capsules,*PHENTERMINE 15mg m/r capsules,core,prescription_exposure,not applicable,read_v2_drugs_bnf,Mapped BNF code: 04.05.02.00,candidate_requires_pharmacology_review
medication.weight_management.read_v2_drug,medication,weight_management,read_v2_drug,gp_scripts,read_2,exact,true,df4z.,*PHENTERMINE 30mg m/r capsules,*PHENTERMINE 30mg m/r capsules,core,prescription_exposure,not applicable,read_v2_drugs_bnf,Mapped BNF code: 04.05.02.00,candidate_requires_pharmacology_review
medication.weight_management.read_v2_drug,medication,weight_management,read_v2_drug,gp_scripts,read_2,exact,true,df5..,DEXFENFLURAMINE,DEXFENFLURAMINE,core,prescription_exposure,not applicable,read_v2_drugs_bnf,Mapped BNF code: 04.05.02.00,candidate_requires_pharmacology_review
medication.weight_management.read_v2_drug,medication,weight_management,read_v2_drug,gp_scripts,read_2,exact,true,df51.,*DEXFENFLURAMINE 15mg capsules,*DEXFENFLURAMINE 15mg capsules,core,prescription_exposure,not applicable,read_v2_drugs_bnf,Mapped BNF code: 04.05.02.00,candidate_requires_pharmacology_review
medication.weight_management.read_v2_drug,medication,weight_management,read_v2_drug,gp_scripts,read_2,exact,true,df52.,*ADIFAX 15mg capsules,*ADIFAX 15mg capsules,core,prescription_exposure,not applicable,read_v2_drugs_bnf,Mapped BNF code: 04.05.02.00,candidate_requires_pharmacology_review
medication.weight_management.read_v2_drug,medication,weight_management,read_v2_drug,gp_scripts,read_2,exact,true,df6..,SIBUTRAMINE,SIBUTRAMINE,core,prescription_exposure,not applicable,read_v2_drugs_bnf,Mapped BNF code: 04.05.02.00,candidate_requires_pharmacology_review
medication.weight_management.read_v2_drug,medication,weight_management,read_v2_drug,gp_scripts,read_2,exact,true,df61.,*REDUCTIL 15mg capsules,*REDUCTIL 15mg capsules,core,prescription_exposure,not applicable,read_v2_drugs_bnf,Mapped BNF code: 04.05.02.00,candidate_requires_pharmacology_review
medication.weight_management.read_v2_drug,medication,weight_management,read_v2_drug,gp_scripts,read_2,exact,true,df62.,*REDUCTIL 10mg capsules,*REDUCTIL 10mg capsules,core,prescription_exposure,not applicable,read_v2_drugs_bnf,Mapped BNF code: 04.05.02.00,candidate_requires_pharmacology_review
medication.weight_management.read_v2_drug,medication,weight_management,read_v2_drug,gp_scripts,read_2,exact,true,df6y.,SIBUTRAMINE HYDROCHLORIDE MONOHYDRATE 10mg capsules,SIBUTRAMINE HYDROCHLORIDE MONOHYDRATE 10mg capsules,core,prescription_exposure,not applicable,read_v2_drugs_bnf,Mapped BNF code: 04.05.02.00,candidate_requires_pharmacology_review
medication.weight_management.read_v2_drug,medication,weight_management,read_v2_drug,gp_scripts,read_2,exact,true,df6z.,SIBUTRAMINE HYDROCHLORIDE MONOHYDRATE 15mg capsules,SIBUTRAMINE HYDROCHLORIDE MONOHYDRATE 15mg capsules,core,prescription_exposure,not applicable,read_v2_drugs_bnf,Mapped BNF code: 04.05.02.00,candidate_requires_pharmacology_review
metabolic.calcium.ctv3,metabolic,calcium,ctv3,gp_clinical,read_3,exact,true,.44I8,Serum calcium,Serum calcium (& level) | Serum calcium,core,numeric_candidate,mmol/L; distinguish corrected and uncorrected,read_ctv3_lkp,P,candidate_requires_clinical_review
metabolic.calcium.ctv3,metabolic,calcium,ctv3,gp_clinical,read_3,exact,true,.44IC,Adjusted serum calcium level,Corrected serum calcium level | Adjusted serum calcium level,core,numeric_candidate,mmol/L; distinguish corrected and uncorrected,read_ctv3_lkp,P,candidate_requires_clinical_review
metabolic.calcium.ctv3,metabolic,calcium,ctv3,gp_clinical,read_3,exact,true,.44h7,Plasma calcium level,Plasma calcium level,core,numeric_candidate,mmol/L; distinguish corrected and uncorrected,read_ctv3_lkp,P,candidate_requires_clinical_review
metabolic.calcium.ctv3,metabolic,calcium,ctv3,gp_clinical,read_3,exact,true,.44h9,Plasma corrected calcium level,Plasma corrected calcium level,core,numeric_candidate,mmol/L; distinguish corrected and uncorrected,read_ctv3_lkp,P,candidate_requires_clinical_review
metabolic.calcium.ctv3,metabolic,calcium,ctv3,gp_clinical,read_3,exact,true,44I8.,Serum calcium,Serum calcium (& level) | Serum calcium,core,numeric_candidate,mmol/L; distinguish corrected and uncorrected,read_ctv3_lkp,P,candidate_requires_clinical_review
metabolic.calcium.ctv3,metabolic,calcium,ctv3,gp_clinical,read_3,exact,true,44IC.,Adjusted serum calcium level,Corrected serum calcium level | Adjusted serum calcium level,core,numeric_candidate,mmol/L; distinguish corrected and uncorrected,read_ctv3_lkp,P,candidate_requires_clinical_review
metabolic.calcium.ctv3,metabolic,calcium,ctv3,gp_clinical,read_3,exact,true,44h7.,Plasma calcium level,Plasma calcium level,core,numeric_candidate,mmol/L; distinguish corrected and uncorrected,read_ctv3_lkp,P,candidate_requires_clinical_review
metabolic.calcium.ctv3,metabolic,calcium,ctv3,gp_clinical,read_3,exact,true,44h9.,Plasma corrected calcium level,Plasma corrected calcium level,core,numeric_candidate,mmol/L; distinguish corrected and uncorrected,read_ctv3_lkp,P,candidate_requires_clinical_review
metabolic.calcium.ctv3,metabolic,calcium,ctv3,gp_clinical,read_3,exact,true,XE2q3,Serum calcium,Serum calcium level | Serum calcium,core,numeric_candidate,mmol/L; distinguish corrected and uncorrected,read_ctv3_lkp,P,candidate_requires_clinical_review
metabolic.calcium.ctv3,metabolic,calcium,ctv3,gp_clinical,read_3,exact,true,XaIRk,Plasma calcium level,Plasma calcium level,core,numeric_candidate,mmol/L; distinguish corrected and uncorrected,read_ctv3_lkp,P,candidate_requires_clinical_review
metabolic.calcium.ctv3,metabolic,calcium,ctv3,gp_clinical,read_3,exact,true,XaIRn,Plasma corrected calcium level,Plasma corrected calcium level,core,numeric_candidate,mmol/L; distinguish corrected and uncorrected,read_ctv3_lkp,P,candidate_requires_clinical_review
metabolic.calcium.ctv3,metabolic,calcium,ctv3,gp_clinical,read_3,exact,true,44I80,Normal serum calcium level,Normal serum calcium level,extended_review,numeric_candidate,mmol/L; distinguish corrected and uncorrected,read_ctv3_lkp,P,candidate_requires_clinical_review
metabolic.calcium.ctv3,metabolic,calcium,ctv3,gp_clinical,read_3,exact,true,44I81,Raised serum calcium level,Raised serum calcium level,extended_review,numeric_candidate,mmol/L; distinguish corrected and uncorrected,read_ctv3_lkp,P,candidate_requires_clinical_review
metabolic.calcium.ctv3,metabolic,calcium,ctv3,gp_clinical,read_3,exact,true,44IC0,Serum adjusted calcium concentration,Serum adjusted calcium concentration,extended_review,numeric_candidate,mmol/L; distinguish corrected and uncorrected,read_ctv3_lkp,P,candidate_requires_clinical_review
metabolic.calcium.ctv3,metabolic,calcium,ctv3,gp_clinical,read_3,exact,true,44h90,Plasma adjusted calcium concentration,Plasma adjusted calcium concentration,extended_review,numeric_candidate,mmol/L; distinguish corrected and uncorrected,read_ctv3_lkp,P,candidate_requires_clinical_review
metabolic.calcium.ctv3,metabolic,calcium,ctv3,gp_clinical,read_3,exact,true,Xabpk,Serum adjusted calcium concentration,Serum adjusted calcium concentration,extended_review,numeric_candidate,mmol/L; distinguish corrected and uncorrected,read_ctv3_lkp,P,candidate_requires_clinical_review
metabolic.calcium.ctv3,metabolic,calcium,ctv3,gp_clinical,read_3,exact,true,Xabpr,Plasma adjusted calcium concentration,Plasma adjusted calcium concentration,extended_review,numeric_candidate,mmol/L; distinguish corrected and uncorrected,read_ctv3_lkp,P,candidate_requires_clinical_review
metabolic.calcium.read_v2,metabolic,calcium,read_v2,gp_clinical,read_2,exact,true,44I8.,Serum calcium,Serum calcium,core,numeric_candidate,mmol/L; distinguish corrected and uncorrected,read_v2_lkp,00,candidate_requires_clinical_review
metabolic.calcium.read_v2,metabolic,calcium,read_v2,gp_clinical,read_2,exact,true,44IC.,Adjusted serum calcium level,Corrected serum calcium level | Adjusted serum calcium level,core,numeric_candidate,mmol/L; distinguish corrected and uncorrected,read_v2_lkp,00,candidate_requires_clinical_review
metabolic.calcium.read_v2,metabolic,calcium,read_v2,gp_clinical,read_2,exact,true,44h7.,Plasma calcium level,Plasma calcium level,core,numeric_candidate,mmol/L; distinguish corrected and uncorrected,read_v2_lkp,00,candidate_requires_clinical_review
metabolic.calcium.read_v2,metabolic,calcium,read_v2,gp_clinical,read_2,exact,true,44h9.,Plasma corrected calcium level,Plasma corrected calcium level,core,numeric_candidate,mmol/L; distinguish corrected and uncorrected,read_v2_lkp,00,candidate_requires_clinical_review
metabolic.calcium.read_v2,metabolic,calcium,read_v2,gp_clinical,read_2,exact,true,44I80,Normal serum calcium level,Normal serum calcium level,extended_review,numeric_candidate,mmol/L; distinguish corrected and uncorrected,read_v2_lkp,00,candidate_requires_clinical_review
metabolic.calcium.read_v2,metabolic,calcium,read_v2,gp_clinical,read_2,exact,true,44I81,Raised serum calcium level,Raised serum calcium level,extended_review,numeric_candidate,mmol/L; distinguish corrected and uncorrected,read_v2_lkp,00,candidate_requires_clinical_review
metabolic.calcium.read_v2,metabolic,calcium,read_v2,gp_clinical,read_2,exact,true,44IC0,Serum adjusted calcium concentration,Serum adjusted calcium concentration,extended_review,numeric_candidate,mmol/L; distinguish corrected and uncorrected,read_v2_lkp,00,candidate_requires_clinical_review
metabolic.calcium.read_v2,metabolic,calcium,read_v2,gp_clinical,read_2,exact,true,44h90,Plasma adjusted calcium concentration,Plasma adjusted calcium concentration,extended_review,numeric_candidate,mmol/L; distinguish corrected and uncorrected,read_v2_lkp,00,candidate_requires_clinical_review
metabolic.phosphate.ctv3,metabolic,phosphate,ctv3,gp_clinical,read_3,exact,true,.44I9,Serum inorganic phosphate (& level),Serum inorganic phosphate (& level) | Serum inorganic phosphate,core,numeric_candidate,mmol/L; verify source unit,read_ctv3_lkp,P,candidate_requires_clinical_review
metabolic.phosphate.ctv3,metabolic,phosphate,ctv3,gp_clinical,read_3,exact,true,.44i2,Plasma inorganic phosphate level,Plasma inorganic phosphate level,core,numeric_candidate,mmol/L; verify source unit,read_ctv3_lkp,P,candidate_requires_clinical_review
metabolic.phosphate.ctv3,metabolic,phosphate,ctv3,gp_clinical,read_3,exact,true,44I9.,Serum inorganic phosphate (& level),Serum inorganic phosphate (& level) | Serum inorganic phosphate,core,numeric_candidate,mmol/L; verify source unit,read_ctv3_lkp,P,candidate_requires_clinical_review
metabolic.phosphate.ctv3,metabolic,phosphate,ctv3,gp_clinical,read_3,exact,true,44i2.,Plasma inorganic phosphate level,Plasma inorganic phosphate level,core,numeric_candidate,mmol/L; verify source unit,read_ctv3_lkp,P,candidate_requires_clinical_review
metabolic.phosphate.ctv3,metabolic,phosphate,ctv3,gp_clinical,read_3,exact,true,XE2q4,Serum inorganic phosphate level,Serum inorganic phosphate level | Serum inorganic phosphate,core,numeric_candidate,mmol/L; verify source unit,read_ctv3_lkp,P,candidate_requires_clinical_review
metabolic.phosphate.ctv3,metabolic,phosphate,ctv3,gp_clinical,read_3,exact,true,XaItO,Plasma inorganic phosphate level,Plasma inorganic phosphate level,core,numeric_candidate,mmol/L; verify source unit,read_ctv3_lkp,P,candidate_requires_clinical_review
metabolic.phosphate.ctv3,metabolic,phosphate,ctv3,gp_clinical,read_3,exact,true,44I90,Serum phosphate level normal,Serum phosphate level normal,extended_review,numeric_candidate,mmol/L; verify source unit,read_ctv3_lkp,P,candidate_requires_clinical_review
metabolic.phosphate.ctv3,metabolic,phosphate,ctv3,gp_clinical,read_3,exact,true,44I91,Serum phosphate level abnormal,Serum phosphate level abnormal,extended_review,numeric_candidate,mmol/L; verify source unit,read_ctv3_lkp,P,candidate_requires_clinical_review
metabolic.phosphate.read_v2,metabolic,phosphate,read_v2,gp_clinical,read_2,exact,true,44i2.,Plasma inorganic phosphate level,Plasma inorganic phosphate level,core,numeric_candidate,mmol/L; verify source unit,read_v2_lkp,00,candidate_requires_clinical_review
metabolic.phosphate.read_v2,metabolic,phosphate,read_v2,gp_clinical,read_2,exact,true,44I9.,Serum inorganic phosphate,Serum inorganic phosphate,extended_review,numeric_candidate,mmol/L; verify source unit,read_v2_lkp,00,candidate_requires_clinical_review
metabolic.phosphate.read_v2,metabolic,phosphate,read_v2,gp_clinical,read_2,exact,true,44I90,Serum phosphate level normal,Serum phosphate level normal,extended_review,numeric_candidate,mmol/L; verify source unit,read_v2_lkp,00,candidate_requires_clinical_review
metabolic.phosphate.read_v2,metabolic,phosphate,read_v2,gp_clinical,read_2,exact,true,44I91,Serum phosphate level abnormal,Serum phosphate level abnormal,extended_review,numeric_candidate,mmol/L; verify source unit,read_v2_lkp,00,candidate_requires_clinical_review
metabolic.urate.ctv3,metabolic,urate,ctv3,gp_clinical,read_3,exact,true,.44K.,Serum uric acid level,Serum uric acid level,core,numeric_candidate,umol/L; verify source unit,read_ctv3_lkp,S,candidate_requires_clinical_review
metabolic.urate.ctv3,metabolic,urate,ctv3,gp_clinical,read_3,exact,true,.44K5,Serum uric acid level,Serum urate level | Serum uric acid level,core,numeric_candidate,umol/L; verify source unit,read_ctv3_lkp,P,candidate_requires_clinical_review
metabolic.urate.ctv3,metabolic,urate,ctv3,gp_clinical,read_3,exact,true,.44K6,Plasma urate level,Plasma urate level,core,numeric_candidate,umol/L; verify source unit,read_ctv3_lkp,P,candidate_requires_clinical_review
metabolic.urate.ctv3,metabolic,urate,ctv3,gp_clinical,read_3,exact,true,44K..,Serum uric acid,(Blood urate) or (serum uric acid) | Serum uric acid,core,numeric_candidate,umol/L; verify source unit,read_ctv3_lkp,P,candidate_requires_clinical_review
metabolic.urate.ctv3,metabolic,urate,ctv3,gp_clinical,read_3,exact,true,44K5.,Serum uric acid level,Serum urate level | Serum uric acid level,core,numeric_candidate,umol/L; verify source unit,read_ctv3_lkp,P,candidate_requires_clinical_review
metabolic.urate.ctv3,metabolic,urate,ctv3,gp_clinical,read_3,exact,true,44K6.,Plasma urate level,Plasma urate level,core,numeric_candidate,umol/L; verify source unit,read_ctv3_lkp,P,candidate_requires_clinical_review
metabolic.urate.ctv3,metabolic,urate,ctv3,gp_clinical,read_3,exact,true,XE2p3,Serum uric acid level,Serum uric acid level,core,numeric_candidate,umol/L; verify source unit,read_ctv3_lkp,S,candidate_requires_clinical_review
metabolic.urate.ctv3,metabolic,urate,ctv3,gp_clinical,read_3,exact,true,XM0ls,Serum uric acid level,Serum urate level | Serum uric acid level,core,numeric_candidate,umol/L; verify source unit,read_ctv3_lkp,P,candidate_requires_clinical_review
metabolic.urate.ctv3,metabolic,urate,ctv3,gp_clinical,read_3,exact,true,XM1Uq,Serum uric acid,Serum uric acid,core,numeric_candidate,umol/L; verify source unit,read_ctv3_lkp,P,candidate_requires_clinical_review
metabolic.urate.ctv3,metabolic,urate,ctv3,gp_clinical,read_3,exact,true,XaDvn,Plasma urate level,Plasma urate level,core,numeric_candidate,umol/L; verify source unit,read_ctv3_lkp,P,candidate_requires_clinical_review
metabolic.urate.read_v2,metabolic,urate,read_v2,gp_clinical,read_2,exact,true,44K..,Serum uric acid,Serum uric acid,core,numeric_candidate,umol/L; verify source unit,read_v2_lkp,11,candidate_requires_clinical_review
metabolic.urate.read_v2,metabolic,urate,read_v2,gp_clinical,read_2,exact,true,44K5.,Serum urate level,Serum urate level,core,numeric_candidate,umol/L; verify source unit,read_v2_lkp,00,candidate_requires_clinical_review
metabolic.urate.read_v2,metabolic,urate,read_v2,gp_clinical,read_2,exact,true,44K6.,Plasma urate level,Plasma urate level,core,numeric_candidate,umol/L; verify source unit,read_v2_lkp,00,candidate_requires_clinical_review
metabolic.vitamin_d.ctv3,metabolic,vitamin_d,ctv3,gp_clinical,read_3,exact,true,.44LM,Plasma 25-Hydroxyvitamin D3 level,Plasma 25-Hydroxyvitamin D3 level,core,numeric_candidate,nmol/L; prefer total 25-hydroxyvitamin D,read_ctv3_lkp,P,candidate_requires_clinical_review
metabolic.vitamin_d.ctv3,metabolic,vitamin_d,ctv3,gp_clinical,read_3,exact,true,44LM.,Plasma 25-Hydroxyvitamin D3 level,Plasma 25-Hydroxyvitamin D3 level,core,numeric_candidate,nmol/L; prefer total 25-hydroxyvitamin D,read_ctv3_lkp,P,candidate_requires_clinical_review
metabolic.vitamin_d.ctv3,metabolic,vitamin_d,ctv3,gp_clinical,read_3,exact,true,44Ln.,Serum 25-Hydroxyvitamin D2 level,Serum 25-Hydroxyvitamin D2 level,core,numeric_candidate,nmol/L; prefer total 25-hydroxyvitamin D,read_ctv3_lkp,P,candidate_requires_clinical_review
metabolic.vitamin_d.ctv3,metabolic,vitamin_d,ctv3,gp_clinical,read_3,exact,true,XaEQZ,Plasma 25-Hydroxyvitamin D3 level,Plasma 25-Hydroxyvitamin D3 level,core,numeric_candidate,nmol/L; prefer total 25-hydroxyvitamin D,read_ctv3_lkp,P,candidate_requires_clinical_review
metabolic.vitamin_d.ctv3,metabolic,vitamin_d,ctv3,gp_clinical,read_3,exact,true,XaXfU,Serum 25-Hydroxyvitamin D2 level,Serum 25-Hydroxyvitamin D2 level,core,numeric_candidate,nmol/L; prefer total 25-hydroxyvitamin D,read_ctv3_lkp,P,candidate_requires_clinical_review
metabolic.vitamin_d.ctv3,metabolic,vitamin_d,ctv3,gp_clinical,read_3,exact,true,.44LA,Serum vitamin D (& level),Serum vitamin D (& level) | Serum vitamin D,extended_review,numeric_candidate,nmol/L; prefer total 25-hydroxyvitamin D,read_ctv3_lkp,P,candidate_requires_clinical_review
metabolic.vitamin_d.ctv3,metabolic,vitamin_d,ctv3,gp_clinical,read_3,exact,true,.44Lg,Serum vitamin D2 level,Serum vitamin D2 level,extended_review,numeric_candidate,nmol/L; prefer total 25-hydroxyvitamin D,read_ctv3_lkp,P,candidate_requires_clinical_review
metabolic.vitamin_d.ctv3,metabolic,vitamin_d,ctv3,gp_clinical,read_3,exact,true,44LA.,Serum vitamin D (& level),Serum vitamin D (& level) | Serum vitamin D,extended_review,numeric_candidate,nmol/L; prefer total 25-hydroxyvitamin D,read_ctv3_lkp,P,candidate_requires_clinical_review
metabolic.vitamin_d.ctv3,metabolic,vitamin_d,ctv3,gp_clinical,read_3,exact,true,44Lg.,Serum vitamin D2 level,Serum vitamin D2 level,extended_review,numeric_candidate,nmol/L; prefer total 25-hydroxyvitamin D,read_ctv3_lkp,P,candidate_requires_clinical_review
metabolic.vitamin_d.ctv3,metabolic,vitamin_d,ctv3,gp_clinical,read_3,exact,true,XE2e7,Serum vitamin D level,Serum vitamin D level | Serum vitamin D,extended_review,numeric_candidate,nmol/L; prefer total 25-hydroxyvitamin D,read_ctv3_lkp,P,candidate_requires_clinical_review
metabolic.vitamin_d.ctv3,metabolic,vitamin_d,ctv3,gp_clinical,read_3,exact,true,XaJmv,Serum vitamin D2 level,Serum vitamin D2 level,extended_review,numeric_candidate,nmol/L; prefer total 25-hydroxyvitamin D,read_ctv3_lkp,P,candidate_requires_clinical_review
metabolic.vitamin_d.read_v2,metabolic,vitamin_d,read_v2,gp_clinical,read_2,exact,true,44LM.,Plasma 25-Hydroxyvitamin D3 level,Plasma 25-Hydroxyvitamin D3 level,core,numeric_candidate,nmol/L; prefer total 25-hydroxyvitamin D,read_v2_lkp,00,candidate_requires_clinical_review
metabolic.vitamin_d.read_v2,metabolic,vitamin_d,read_v2,gp_clinical,read_2,exact,true,44Ln.,Serum 25-Hydroxyvitamin D2 level,Serum 25-Hydroxyvitamin D2 level,core,numeric_candidate,nmol/L; prefer total 25-hydroxyvitamin D,read_v2_lkp,00,candidate_requires_clinical_review
metabolic.vitamin_d.read_v2,metabolic,vitamin_d,read_v2,gp_clinical,read_2,exact,true,44LA.,Serum vitamin D,Serum vitamin D,extended_review,numeric_candidate,nmol/L; prefer total 25-hydroxyvitamin D,read_v2_lkp,00,candidate_requires_clinical_review
metabolic.vitamin_d.read_v2,metabolic,vitamin_d,read_v2,gp_clinical,read_2,exact,true,44Lg.,Serum vitamin D2 level,Serum vitamin D2 level,extended_review,numeric_candidate,nmol/L; prefer total 25-hydroxyvitamin D,read_v2_lkp,00,candidate_requires_clinical_review
renal.albumin_creatinine_ratio.ctv3,renal,albumin_creatinine_ratio,ctv3,gp_clinical,read_3,exact,true,.44J7,Albumin/creatinine ratio,Albumin/creatinine ratio,core,numeric_candidate,mg/mmol; verify source unit,read_ctv3_lkp,P,candidate_requires_clinical_review
renal.albumin_creatinine_ratio.ctv3,renal,albumin_creatinine_ratio,ctv3,gp_clinical,read_3,exact,true,.46TC,Urine albumin:creatinine ratio,Urine albumin:creatinine ratio (& level) | Urine albumin:creatinine ratio,core,numeric_candidate,mg/mmol; verify source unit,read_ctv3_lkp,P,candidate_requires_clinical_review
renal.albumin_creatinine_ratio.ctv3,renal,albumin_creatinine_ratio,ctv3,gp_clinical,read_3,exact,true,.46TD,Urine microalbumin:creatinine ratio,Urine microalbumin:creatinine ratio (& level) | Urine microalbumin:creatinine ratio,core,numeric_candidate,mg/mmol; verify source unit,read_ctv3_lkp,P,candidate_requires_clinical_review
renal.albumin_creatinine_ratio.ctv3,renal,albumin_creatinine_ratio,ctv3,gp_clinical,read_3,exact,true,44J7.,Albumin/creatinine ratio,Albumin/creatinine ratio,core,numeric_candidate,mg/mmol; verify source unit,read_ctv3_lkp,P,candidate_requires_clinical_review
renal.albumin_creatinine_ratio.ctv3,renal,albumin_creatinine_ratio,ctv3,gp_clinical,read_3,exact,true,46TC.,Urine albumin:creatinine ratio,Urine albumin:creatinine ratio (& level) | Urine albumin:creatinine ratio,core,numeric_candidate,mg/mmol; verify source unit,read_ctv3_lkp,P,candidate_requires_clinical_review
renal.albumin_creatinine_ratio.ctv3,renal,albumin_creatinine_ratio,ctv3,gp_clinical,read_3,exact,true,46TD.,Urine microalbumin:creatinine ratio,Urine microalbumin:creatinine ratio (& level) | Urine microalbumin:creatinine ratio,core,numeric_candidate,mg/mmol; verify source unit,read_ctv3_lkp,P,candidate_requires_clinical_review
renal.albumin_creatinine_ratio.ctv3,renal,albumin_creatinine_ratio,ctv3,gp_clinical,read_3,exact,true,X773Y,Albumin/creatinine ratio,Albumin/creatinine ratio,core,numeric_candidate,mg/mmol; verify source unit,read_ctv3_lkp,P,candidate_requires_clinical_review
renal.albumin_creatinine_ratio.ctv3,renal,albumin_creatinine_ratio,ctv3,gp_clinical,read_3,exact,true,XE2n3,Urine albumin:creatinine ratio,Urine albumin/creatinine ratio | Urine albumin:creatinine ratio,core,numeric_candidate,mg/mmol; verify source unit,read_ctv3_lkp,P,candidate_requires_clinical_review
renal.albumin_creatinine_ratio.ctv3,renal,albumin_creatinine_ratio,ctv3,gp_clinical,read_3,exact,true,XE2n4,Urine microalbumin/creatinine ratio,Urine microalbumin/creatinine ratio,core,numeric_candidate,mg/mmol; verify source unit,read_ctv3_lkp,P,candidate_requires_clinical_review
renal.albumin_creatinine_ratio.read_v2,renal,albumin_creatinine_ratio,read_v2,gp_clinical,read_2,exact,true,46TC.,Urine albumin:creatinine ratio,Urine albumin:creatinine ratio,core,numeric_candidate,mg/mmol; verify source unit,read_v2_lkp,00,candidate_requires_clinical_review
renal.albumin_creatinine_ratio.read_v2,renal,albumin_creatinine_ratio,read_v2,gp_clinical,read_2,exact,true,46TD.,Urine microalbumin:creatinine ratio,Urine microalbumin:creatinine ratio,core,numeric_candidate,mg/mmol; verify source unit,read_v2_lkp,00,candidate_requires_clinical_review
renal.creatinine.ctv3,renal,creatinine,ctv3,gp_clinical,read_3,exact,true,.44J3,Serum creatinine,Serum creatinine (& level) | Serum creatinine,core,numeric_candidate,umol/L; verify source unit,read_ctv3_lkp,P,candidate_requires_clinical_review
renal.creatinine.ctv3,renal,creatinine,ctv3,gp_clinical,read_3,exact,true,.44JF,Plasma creatinine level,Plasma creatinine level,core,numeric_candidate,umol/L; verify source unit,read_ctv3_lkp,P,candidate_requires_clinical_review
renal.creatinine.ctv3,renal,creatinine,ctv3,gp_clinical,read_3,exact,true,44J3.,Serum creatinine,Serum creatinine (& level) | Serum creatinine,core,numeric_candidate,umol/L; verify source unit,read_ctv3_lkp,P,candidate_requires_clinical_review
renal.creatinine.ctv3,renal,creatinine,ctv3,gp_clinical,read_3,exact,true,44JF.,Plasma creatinine level,Plasma creatinine level,core,numeric_candidate,umol/L; verify source unit,read_ctv3_lkp,P,candidate_requires_clinical_review
renal.creatinine.ctv3,renal,creatinine,ctv3,gp_clinical,read_3,exact,true,XE2q5,Serum creatinine,Serum creatinine level | Serum creatinine,core,numeric_candidate,umol/L; verify source unit,read_ctv3_lkp,P,candidate_requires_clinical_review
renal.creatinine.ctv3,renal,creatinine,ctv3,gp_clinical,read_3,exact,true,XaETQ,Plasma creatinine level,Plasma creatinine level,core,numeric_candidate,umol/L; verify source unit,read_ctv3_lkp,P,candidate_requires_clinical_review
renal.creatinine.ctv3,renal,creatinine,ctv3,gp_clinical,read_3,exact,true,.44JC,Corrected plasma creatinine level,Corrected plasma creatinine level,extended_review,numeric_candidate,umol/L; verify source unit,read_ctv3_lkp,P,candidate_requires_clinical_review
renal.creatinine.ctv3,renal,creatinine,ctv3,gp_clinical,read_3,exact,true,.44JD,Corrected serum creatinine level,Corrected serum creatinine level,extended_review,numeric_candidate,umol/L; verify source unit,read_ctv3_lkp,P,candidate_requires_clinical_review
renal.creatinine.ctv3,renal,creatinine,ctv3,gp_clinical,read_3,exact,true,44J30,Serum creatinine abnormal,Serum creatinine abnormal,extended_review,numeric_candidate,umol/L; verify source unit,read_ctv3_lkp,P,candidate_requires_clinical_review
renal.creatinine.ctv3,renal,creatinine,ctv3,gp_clinical,read_3,exact,true,44J31,Serum creatinine low,Serum creatinine low,extended_review,numeric_candidate,umol/L; verify source unit,read_ctv3_lkp,P,candidate_requires_clinical_review
renal.creatinine.ctv3,renal,creatinine,ctv3,gp_clinical,read_3,exact,true,44J32,Serum creatinine normal,Serum creatinine normal,extended_review,numeric_candidate,umol/L; verify source unit,read_ctv3_lkp,P,candidate_requires_clinical_review
renal.creatinine.ctv3,renal,creatinine,ctv3,gp_clinical,read_3,exact,true,44J33,Serum creatinine raised,Serum creatinine raised,extended_review,numeric_candidate,umol/L; verify source unit,read_ctv3_lkp,P,candidate_requires_clinical_review
renal.creatinine.ctv3,renal,creatinine,ctv3,gp_clinical,read_3,exact,true,44J3z,Serum creatinine NOS,Serum creatinine NOS,extended_review,numeric_candidate,umol/L; verify source unit,read_ctv3_lkp,P,candidate_requires_clinical_review
renal.creatinine.ctv3,renal,creatinine,ctv3,gp_clinical,read_3,exact,true,44JC.,Corrected plasma creatinine level,Corrected plasma creatinine level,extended_review,numeric_candidate,umol/L; verify source unit,read_ctv3_lkp,P,candidate_requires_clinical_review
renal.creatinine.ctv3,renal,creatinine,ctv3,gp_clinical,read_3,exact,true,44JD.,Corrected serum creatinine level,Corrected serum creatinine level,extended_review,numeric_candidate,umol/L; verify source unit,read_ctv3_lkp,P,candidate_requires_clinical_review
renal.creatinine.ctv3,renal,creatinine,ctv3,gp_clinical,read_3,exact,true,XaERX,Corrected plasma creatinine level,Corrected plasma creatinine level,extended_review,numeric_candidate,umol/L; verify source unit,read_ctv3_lkp,P,candidate_requires_clinical_review
renal.creatinine.ctv3,renal,creatinine,ctv3,gp_clinical,read_3,exact,true,XaERc,Corrected serum creatinine level,Corrected serum creatinine level,extended_review,numeric_candidate,umol/L; verify source unit,read_ctv3_lkp,P,candidate_requires_clinical_review
renal.creatinine.read_v2,renal,creatinine,read_v2,gp_clinical,read_2,exact,true,44J3.,Serum creatinine,Serum creatinine,core,numeric_candidate,umol/L; verify source unit,read_v2_lkp,00,candidate_requires_clinical_review
renal.creatinine.read_v2,renal,creatinine,read_v2,gp_clinical,read_2,exact,true,44JF.,Plasma creatinine level,Plasma creatinine level,core,numeric_candidate,umol/L; verify source unit,read_v2_lkp,00,candidate_requires_clinical_review
renal.creatinine.read_v2,renal,creatinine,read_v2,gp_clinical,read_2,exact,true,44J30,Serum creatinine abnormal,Serum creatinine abnormal,extended_review,numeric_candidate,umol/L; verify source unit,read_v2_lkp,00,candidate_requires_clinical_review
renal.creatinine.read_v2,renal,creatinine,read_v2,gp_clinical,read_2,exact,true,44J31,Serum creatinine low,Serum creatinine low,extended_review,numeric_candidate,umol/L; verify source unit,read_v2_lkp,00,candidate_requires_clinical_review
renal.creatinine.read_v2,renal,creatinine,read_v2,gp_clinical,read_2,exact,true,44J32,Serum creatinine normal,Serum creatinine normal,extended_review,numeric_candidate,umol/L; verify source unit,read_v2_lkp,00,candidate_requires_clinical_review
renal.creatinine.read_v2,renal,creatinine,read_v2,gp_clinical,read_2,exact,true,44J33,Serum creatinine raised,Serum creatinine raised,extended_review,numeric_candidate,umol/L; verify source unit,read_v2_lkp,00,candidate_requires_clinical_review
renal.creatinine.read_v2,renal,creatinine,read_v2,gp_clinical,read_2,exact,true,44J3z,Serum creatinine NOS,Serum creatinine NOS,extended_review,numeric_candidate,umol/L; verify source unit,read_v2_lkp,00,candidate_requires_clinical_review
renal.creatinine.read_v2,renal,creatinine,read_v2,gp_clinical,read_2,exact,true,44JC.,Corrected plasma creatinine level,Corrected plasma creatinine level,extended_review,numeric_candidate,umol/L; verify source unit,read_v2_lkp,00,candidate_requires_clinical_review
renal.creatinine.read_v2,renal,creatinine,read_v2,gp_clinical,read_2,exact,true,44JD.,Corrected serum creatinine level,Corrected serum creatinine level,extended_review,numeric_candidate,umol/L; verify source unit,read_v2_lkp,00,candidate_requires_clinical_review
renal.cystatin_c.ctv3,renal,cystatin_c,ctv3,gp_clinical,read_3,exact,true,.44ZX,Blood cystatin C level,Blood cystatin C level,core,numeric_candidate,mg/L; verify source unit,read_ctv3_lkp,P,candidate_requires_clinical_review
renal.cystatin_c.ctv3,renal,cystatin_c,ctv3,gp_clinical,read_3,exact,true,44ZX.,Blood cystatin C level,Blood cystatin C level,core,numeric_candidate,mg/L; verify source unit,read_ctv3_lkp,P,candidate_requires_clinical_review
renal.cystatin_c.ctv3,renal,cystatin_c,ctv3,gp_clinical,read_3,exact,true,44ZX0,Serum cystatin C level,Serum cystatin C level,core,numeric_candidate,mg/L; verify source unit,read_ctv3_lkp,P,candidate_requires_clinical_review
renal.cystatin_c.ctv3,renal,cystatin_c,ctv3,gp_clinical,read_3,exact,true,XaJjz,Blood cystatin C level,Blood cystatin C level,core,numeric_candidate,mg/L; verify source unit,read_ctv3_lkp,P,candidate_requires_clinical_review
renal.cystatin_c.ctv3,renal,cystatin_c,ctv3,gp_clinical,read_3,exact,true,XabBD,Serum cystatin C level,Serum cystatin C level,core,numeric_candidate,mg/L; verify source unit,read_ctv3_lkp,P,candidate_requires_clinical_review
renal.cystatin_c.read_v2,renal,cystatin_c,read_v2,gp_clinical,read_2,exact,true,44ZX.,Blood cystatin C level,Blood cystatin C level,core,numeric_candidate,mg/L; verify source unit,read_v2_lkp,00,candidate_requires_clinical_review
renal.cystatin_c.read_v2,renal,cystatin_c,read_v2,gp_clinical,read_2,exact,true,44ZX0,Serum cystatin C level,Serum cystatin C level,core,numeric_candidate,mg/L; verify source unit,read_v2_lkp,00,candidate_requires_clinical_review
renal.egfr.ctv3,renal,egfr,ctv3,gp_clinical,read_3,exact,true,.451E,Glomerular filtration rate calculated by abbreviated Modification of Diet in Renal Disease Study Group calculation,Glomerular filtration rate calculated by abbreviated Modification of Diet in Renal Disease Study Group calculation,core,numeric_candidate,mL/min/1.73m2; verify equation,read_ctv3_lkp,P,candidate_requires_clinical_review
renal.egfr.ctv3,renal,egfr,ctv3,gp_clinical,read_3,exact,true,.451G,Glomerular filtration rate calculated by abbreviated Modification of Diet in Renal Disease Study Group calculation adjusted for African American origin,Glomerular filtration rate calculated by abbreviated Modification of Diet in Renal Disease Study Group calculation adjusted for African American origin,core,numeric_candidate,mL/min/1.73m2; verify equation,read_ctv3_lkp,P,candidate_requires_clinical_review
renal.egfr.ctv3,renal,egfr,ctv3,gp_clinical,read_3,exact,true,451E.,Glomerular filtration rate calculated by abbreviated Modification of Diet in Renal Disease Study Group calculation,Glomerular filtration rate calculated by abbreviated Modification of Diet in Renal Disease Study Group calculation,core,numeric_candidate,mL/min/1.73m2; verify equation,read_ctv3_lkp,P,candidate_requires_clinical_review
renal.egfr.ctv3,renal,egfr,ctv3,gp_clinical,read_3,exact,true,451G.,Glomerular filtration rate calculated by abbreviated Modification of Diet in Renal Disease Study Group calculation adjusted for African American origin,Glomerular filtration rate calculated by abbreviated Modification of Diet in Renal Disease Study Group calculation adjusted for African American origin,core,numeric_candidate,mL/min/1.73m2; verify equation,read_ctv3_lkp,P,candidate_requires_clinical_review
renal.egfr.ctv3,renal,egfr,ctv3,gp_clinical,read_3,exact,true,451K.,Estimated glomerular filtration rate using Chronic Kidney Disease Epidemiology Collaboration formula per 1.73 square metres,Estimated glomerular filtration rate using Chronic Kidney Disease Epidemiology Collaboration formula per 1.73 square metres,core,numeric_candidate,mL/min/1.73m2; verify equation,read_ctv3_lkp,P,candidate_requires_clinical_review
renal.egfr.ctv3,renal,egfr,ctv3,gp_clinical,read_3,exact,true,451M.,Estimated glomerular filtration rate using cystatin C Chronic Kidney Disease Epidemiology Collaboration equation per 1.73 square metres,Estimated glomerular filtration rate using cystatin C Chronic Kidney Disease Epidemiology Collaboration equation per 1.73 square metres,core,numeric_candidate,mL/min/1.73m2; verify equation,read_ctv3_lkp,P,candidate_requires_clinical_review
renal.egfr.ctv3,renal,egfr,ctv3,gp_clinical,read_3,exact,true,451N.,Estimated glomerular filtration rate using creatinine Chronic Kidney Disease Epidemiology Collaboration equation per 1.73 square metres,Estimated glomerular filtration rate using creatinine Chronic Kidney Disease Epidemiology Collaboration equation per 1.73 square metres,core,numeric_candidate,mL/min/1.73m2; verify equation,read_ctv3_lkp,P,candidate_requires_clinical_review
renal.egfr.ctv3,renal,egfr,ctv3,gp_clinical,read_3,exact,true,XaK8y,Glomerular filtration rate calculated by abbreviated Modification of Diet in Renal Disease Study Group calculation,Glomerular filtration rate calculated by abbreviated Modification of Diet in Renal Disease Study Group calculation,core,numeric_candidate,mL/min/1.73m2; verify equation,read_ctv3_lkp,P,candidate_requires_clinical_review
renal.egfr.ctv3,renal,egfr,ctv3,gp_clinical,read_3,exact,true,XaMDA,Glomerular filtration rate calculated by abbreviated Modification of Diet in Renal Disease Study Group calculation adjusted for African American origin,Glomerular filtration rate calculated by abbreviated Modification of Diet in Renal Disease Study Group calculation adjusted for African American origin,core,numeric_candidate,mL/min/1.73m2; verify equation,read_ctv3_lkp,P,candidate_requires_clinical_review
renal.egfr.ctv3,renal,egfr,ctv3,gp_clinical,read_3,exact,true,XaZpN,Estimated glomerular filtration rate using Chronic Kidney Disease Epidemiology Collaboration formula per 1.73 square metres,Estimated glomerular filtration rate using Chronic Kidney Disease Epidemiology Collaboration formula per 1.73 square metres,core,numeric_candidate,mL/min/1.73m2; verify equation,read_ctv3_lkp,P,candidate_requires_clinical_review
renal.egfr.ctv3,renal,egfr,ctv3,gp_clinical,read_3,exact,true,XacUJ,Estimated glomerular filtration rate using cystatin C Chronic Kidney Disease Epidemiology Collaboration equation per 1.73 square metres,Estimated glomerular filtration rate using cystatin C Chronic Kidney Disease Epidemiology Collaboration equation per 1.73 square metres,core,numeric_candidate,mL/min/1.73m2; verify equation,read_ctv3_lkp,P,candidate_requires_clinical_review
renal.egfr.ctv3,renal,egfr,ctv3,gp_clinical,read_3,exact,true,XacUK,Estimated glomerular filtration rate using creatinine Chronic Kidney Disease Epidemiology Collaboration equation per 1.73 square metres,Estimated glomerular filtration rate using creatinine Chronic Kidney Disease Epidemiology Collaboration equation per 1.73 square metres,core,numeric_candidate,mL/min/1.73m2; verify equation,read_ctv3_lkp,P,candidate_requires_clinical_review
renal.egfr.read_v2,renal,egfr,read_v2,gp_clinical,read_2,exact,true,451E.,Glomerular filtration rate calculated by abbreviated Modification of Diet in Renal Disease Study Group calculation,Glomerular filtration rate calculated by abbreviated Modification of Diet in Renal Disease Study Group calculation,core,numeric_candidate,mL/min/1.73m2; verify equation,read_v2_lkp,00,candidate_requires_clinical_review
renal.egfr.read_v2,renal,egfr,read_v2,gp_clinical,read_2,exact,true,451G.,Glomerular filtration rate calculated by abbreviated Modification of Diet in Renal Disease Study Group calculation adjusted for African American origin,Glomerular filtration rate calculated by abbreviated Modification of Diet in Renal Disease Study Group calculation adjusted for African American origin,core,numeric_candidate,mL/min/1.73m2; verify equation,read_v2_lkp,00,candidate_requires_clinical_review
renal.egfr.read_v2,renal,egfr,read_v2,gp_clinical,read_2,exact,true,451K.,Estimated glomerular filtration rate using Chronic Kidney Disease Epidemiology Collaboration formula per 1.73 square metres,Estimated glomerular filtration rate using Chronic Kidney Disease Epidemiology Collaboration formula per 1.73 square metres,core,numeric_candidate,mL/min/1.73m2; verify equation,read_v2_lkp,00,candidate_requires_clinical_review
renal.egfr.read_v2,renal,egfr,read_v2,gp_clinical,read_2,exact,true,451M.,Estimated glomerular filtration rate using cystatin C Chronic Kidney Disease Epidemiology Collaboration equation per 1.73 square metres,Estimated glomerular filtration rate using cystatin C Chronic Kidney Disease Epidemiology Collaboration equation per 1.73 square metres,core,numeric_candidate,mL/min/1.73m2; verify equation,read_v2_lkp,00,candidate_requires_clinical_review
renal.egfr.read_v2,renal,egfr,read_v2,gp_clinical,read_2,exact,true,451N.,Estimated glomerular filtration rate using creatinine Chronic Kidney Disease Epidemiology Collaboration equation per 1.73 square metres,Estimated glomerular filtration rate using creatinine Chronic Kidney Disease Epidemiology Collaboration equation per 1.73 square metres,core,numeric_candidate,mL/min/1.73m2; verify equation,read_v2_lkp,00,candidate_requires_clinical_review
renal.urea.ctv3,renal,urea,ctv3,gp_clinical,read_3,exact,true,.44J.,Serum urea level,Serum urea level,core,numeric_candidate,mmol/L; verify source unit,read_ctv3_lkp,S,candidate_requires_clinical_review
renal.urea.ctv3,renal,urea,ctv3,gp_clinical,read_3,exact,true,.44J9,Serum urea level,Serum urea level,core,numeric_candidate,mmol/L; verify source unit,read_ctv3_lkp,P,candidate_requires_clinical_review
renal.urea.ctv3,renal,urea,ctv3,gp_clinical,read_3,exact,true,.44JA,Plasma urea level,Plasma urea level,core,numeric_candidate,mmol/L; verify source unit,read_ctv3_lkp,P,candidate_requires_clinical_review
renal.urea.ctv3,renal,urea,ctv3,gp_clinical,read_3,exact,true,44J..,Serum urea level,Serum urea level,core,numeric_candidate,mmol/L; verify source unit,read_ctv3_lkp,S,candidate_requires_clinical_review
renal.urea.ctv3,renal,urea,ctv3,gp_clinical,read_3,exact,true,44J9.,Serum urea level,Serum urea level,core,numeric_candidate,mmol/L; verify source unit,read_ctv3_lkp,P,candidate_requires_clinical_review
renal.urea.ctv3,renal,urea,ctv3,gp_clinical,read_3,exact,true,44JA.,Plasma urea level,Plasma urea level,core,numeric_candidate,mmol/L; verify source unit,read_ctv3_lkp,P,candidate_requires_clinical_review
renal.urea.ctv3,renal,urea,ctv3,gp_clinical,read_3,exact,true,XM0lt,Serum urea level,Serum urea level,core,numeric_candidate,mmol/L; verify source unit,read_ctv3_lkp,P,candidate_requires_clinical_review
renal.urea.ctv3,renal,urea,ctv3,gp_clinical,read_3,exact,true,XaDvl,Plasma urea level,Plasma urea level,core,numeric_candidate,mmol/L; verify source unit,read_ctv3_lkp,P,candidate_requires_clinical_review
renal.urea.read_v2,renal,urea,read_v2,gp_clinical,read_2,exact,true,44J..,Serum urea level,Serum urea level,core,numeric_candidate,mmol/L; verify source unit,read_v2_lkp,13,candidate_requires_clinical_review
renal.urea.read_v2,renal,urea,read_v2,gp_clinical,read_2,exact,true,44J9.,Serum urea level,Serum urea level,core,numeric_candidate,mmol/L; verify source unit,read_v2_lkp,00,candidate_requires_clinical_review
renal.urea.read_v2,renal,urea,read_v2,gp_clinical,read_2,exact,true,44JA.,Plasma urea level,Plasma urea level,core,numeric_candidate,mmol/L; verify source unit,read_v2_lkp,00,candidate_requires_clinical_review
thyroid.free_t3.ctv3,thyroid,free_t3,ctv3,gp_clinical,read_3,exact,true,.4425,FT3 - Free triiodothyronine level,Free triiodothyronine level | FT3 - Free triiodothyronine level,core,numeric_candidate,pmol/L; verify source unit,read_ctv3_lkp,P,candidate_requires_clinical_review
thyroid.free_t3.ctv3,thyroid,free_t3,ctv3,gp_clinical,read_3,exact,true,.442U,Serum free T3 level,Serum free triiodothyronine level | Serum free T3 level,core,numeric_candidate,pmol/L; verify source unit,read_ctv3_lkp,P,candidate_requires_clinical_review
thyroid.free_t3.ctv3,thyroid,free_t3,ctv3,gp_clinical,read_3,exact,true,.442Y,Plasma free T3 level,Plasma free triiodothyronine level | Plasma free T3 level,core,numeric_candidate,pmol/L; verify source unit,read_ctv3_lkp,P,candidate_requires_clinical_review
thyroid.free_t3.ctv3,thyroid,free_t3,ctv3,gp_clinical,read_3,exact,true,4425.,FT3 - Free triiodothyronine level,Free triiodothyronine level | FT3 - Free triiodothyronine level,core,numeric_candidate,pmol/L; verify source unit,read_ctv3_lkp,P,candidate_requires_clinical_review
thyroid.free_t3.ctv3,thyroid,free_t3,ctv3,gp_clinical,read_3,exact,true,442U.,Serum free T3 level,Serum free triiodothyronine level | Serum free T3 level,core,numeric_candidate,pmol/L; verify source unit,read_ctv3_lkp,P,candidate_requires_clinical_review
thyroid.free_t3.ctv3,thyroid,free_t3,ctv3,gp_clinical,read_3,exact,true,442Y.,Plasma free T3 level,Plasma free triiodothyronine level | Plasma free T3 level,core,numeric_candidate,pmol/L; verify source unit,read_ctv3_lkp,P,candidate_requires_clinical_review
thyroid.free_t3.ctv3,thyroid,free_t3,ctv3,gp_clinical,read_3,exact,true,XaERq,Serum free T3 level,Serum free triiodothyronine level | Serum free T3 level,core,numeric_candidate,pmol/L; verify source unit,read_ctv3_lkp,P,candidate_requires_clinical_review
thyroid.free_t3.ctv3,thyroid,free_t3,ctv3,gp_clinical,read_3,exact,true,XaERt,Plasma free T3 level,Plasma free triiodothyronine level | Plasma free T3 level,core,numeric_candidate,pmol/L; verify source unit,read_ctv3_lkp,P,candidate_requires_clinical_review
thyroid.free_t3.ctv3,thyroid,free_t3,ctv3,gp_clinical,read_3,exact,true,X80Gh,Free triiodothyronine,Free triiodothyronine | FT3 - Free triiodothyronine,extended_review,numeric_candidate,pmol/L; verify source unit,read_ctv3_lkp,P,candidate_requires_clinical_review
thyroid.free_t3.read_v2,thyroid,free_t3,read_v2,gp_clinical,read_2,exact,true,4425.,Free T3 level,Free T3 level,core,numeric_candidate,pmol/L; verify source unit,read_v2_lkp,00,candidate_requires_clinical_review
thyroid.free_t3.read_v2,thyroid,free_t3,read_v2,gp_clinical,read_2,exact,true,442U.,Serum free triiodothyronine level,Serum free triiodothyronine level,core,numeric_candidate,pmol/L; verify source unit,read_v2_lkp,00,candidate_requires_clinical_review
thyroid.free_t3.read_v2,thyroid,free_t3,read_v2,gp_clinical,read_2,exact,true,442Y.,Plasma free triiodothyronine level,Plasma free triiodothyronine level,core,numeric_candidate,pmol/L; verify source unit,read_v2_lkp,00,candidate_requires_clinical_review
thyroid.free_t4.ctv3,thyroid,free_t4,ctv3,gp_clinical,read_3,exact,true,.4427,FT4 - Free thyroxine level,Free thyroxine level | FT4 - Free thyroxine level,core,numeric_candidate,pmol/L; verify source unit,read_ctv3_lkp,P,candidate_requires_clinical_review
thyroid.free_t4.ctv3,thyroid,free_t4,ctv3,gp_clinical,read_3,exact,true,.442V,Serum free thyroxine level,Serum free T4 level | Serum free thyroxine level,core,numeric_candidate,pmol/L; verify source unit,read_ctv3_lkp,P,candidate_requires_clinical_review
thyroid.free_t4.ctv3,thyroid,free_t4,ctv3,gp_clinical,read_3,exact,true,.442c,Plasma free thyroxine level,Plasma free T4 level | Plasma free thyroxine level,core,numeric_candidate,pmol/L; verify source unit,read_ctv3_lkp,P,candidate_requires_clinical_review
thyroid.free_t4.ctv3,thyroid,free_t4,ctv3,gp_clinical,read_3,exact,true,4427.,FT4 - Free thyroxine level,Free thyroxine level | FT4 - Free thyroxine level,core,numeric_candidate,pmol/L; verify source unit,read_ctv3_lkp,P,candidate_requires_clinical_review
thyroid.free_t4.ctv3,thyroid,free_t4,ctv3,gp_clinical,read_3,exact,true,442V.,Serum free thyroxine level,Serum free T4 level | Serum free thyroxine level,core,numeric_candidate,pmol/L; verify source unit,read_ctv3_lkp,P,candidate_requires_clinical_review
thyroid.free_t4.ctv3,thyroid,free_t4,ctv3,gp_clinical,read_3,exact,true,442c.,Plasma free thyroxine level,Plasma free T4 level | Plasma free thyroxine level,core,numeric_candidate,pmol/L; verify source unit,read_ctv3_lkp,P,candidate_requires_clinical_review
thyroid.free_t4.ctv3,thyroid,free_t4,ctv3,gp_clinical,read_3,exact,true,XaERr,Serum free thyroxine level,Serum free T4 level | Serum free thyroxine level,core,numeric_candidate,pmol/L; verify source unit,read_ctv3_lkp,P,candidate_requires_clinical_review
thyroid.free_t4.ctv3,thyroid,free_t4,ctv3,gp_clinical,read_3,exact,true,XaERs,Plasma free thyroxine level,Plasma free T4 level | Plasma free thyroxine level,core,numeric_candidate,pmol/L; verify source unit,read_ctv3_lkp,P,candidate_requires_clinical_review
thyroid.free_t4.ctv3,thyroid,free_t4,ctv3,gp_clinical,read_3,exact,true,X80Gf,Free thyroxine,Free thyroxine | FT4 - Free thyroxine | T4 - Free thyroxine,extended_review,numeric_candidate,pmol/L; verify source unit,read_ctv3_lkp,P,candidate_requires_clinical_review
thyroid.free_t4.read_v2,thyroid,free_t4,read_v2,gp_clinical,read_2,exact,true,4427.,Free T4 level,Free T4 level,core,numeric_candidate,pmol/L; verify source unit,read_v2_lkp,00,candidate_requires_clinical_review
thyroid.free_t4.read_v2,thyroid,free_t4,read_v2,gp_clinical,read_2,exact,true,442V.,Serum free T4 level,Serum free T4 level,core,numeric_candidate,pmol/L; verify source unit,read_v2_lkp,00,candidate_requires_clinical_review
thyroid.free_t4.read_v2,thyroid,free_t4,read_v2,gp_clinical,read_2,exact,true,442c.,Plasma free T4 level,Plasma free T4 level,core,numeric_candidate,pmol/L; verify source unit,read_v2_lkp,00,candidate_requires_clinical_review
thyroid.thyroglobulin_antibody.ctv3,thyroid,thyroglobulin_antibody,ctv3,gp_clinical,read_3,exact,true,.43G5,Thyroglobulin antibodies,Thyroglobulin antibodies,extended_review,numeric_candidate,IU/mL or kIU/L; verify assay,read_ctv3_lkp,S,candidate_requires_clinical_review
thyroid.thyroglobulin_antibody.ctv3,thyroid,thyroglobulin_antibody,ctv3,gp_clinical,read_3,exact,true,43G5.,Thyroglobulin antibodies,Thyroglobulin antibodies,extended_review,numeric_candidate,IU/mL or kIU/L; verify assay,read_ctv3_lkp,S,candidate_requires_clinical_review
thyroid.thyroglobulin_antibody.ctv3,thyroid,thyroglobulin_antibody,ctv3,gp_clinical,read_3,exact,true,X80cx,Thyroglobulin antibody,Thyroglobulin antibody | Anti-thyroglobulin antibody,extended_review,numeric_candidate,IU/mL or kIU/L; verify assay,read_ctv3_lkp,P,candidate_requires_clinical_review
thyroid.thyroid_peroxidase_antibody.ctv3,thyroid,thyroid_peroxidase_antibody,ctv3,gp_clinical,read_3,exact,true,.43Gd,Thyroid peroxidase antibody level,Thyroid peroxidase antibody level,core,numeric_candidate,IU/mL or kIU/L; verify assay,read_ctv3_lkp,P,candidate_requires_clinical_review
thyroid.thyroid_peroxidase_antibody.ctv3,thyroid,thyroid_peroxidase_antibody,ctv3,gp_clinical,read_3,exact,true,43Gd.,Thyroid peroxidase antibody level,Thyroid peroxidase antibody level,core,numeric_candidate,IU/mL or kIU/L; verify assay,read_ctv3_lkp,P,candidate_requires_clinical_review
thyroid.thyroid_peroxidase_antibody.ctv3,thyroid,thyroid_peroxidase_antibody,ctv3,gp_clinical,read_3,exact,true,43Gd0,Serum thyroid peroxidase antibody concentration,Serum thyroid peroxidase antibody concentration,core,numeric_candidate,IU/mL or kIU/L; verify assay,read_ctv3_lkp,P,candidate_requires_clinical_review
thyroid.thyroid_peroxidase_antibody.ctv3,thyroid,thyroid_peroxidase_antibody,ctv3,gp_clinical,read_3,exact,true,XaDvU,Thyroid peroxidase antibody level,Thyroid peroxidase antibody level,core,numeric_candidate,IU/mL or kIU/L; verify assay,read_ctv3_lkp,P,candidate_requires_clinical_review
thyroid.thyroid_peroxidase_antibody.ctv3,thyroid,thyroid_peroxidase_antibody,ctv3,gp_clinical,read_3,exact,true,XabCy,Serum thyroid peroxidase antibody concentration,Serum thyroid peroxidase antibody concentration,core,numeric_candidate,IU/mL or kIU/L; verify assay,read_ctv3_lkp,P,candidate_requires_clinical_review
thyroid.thyroid_peroxidase_antibody.ctv3,thyroid,thyroid_peroxidase_antibody,ctv3,gp_clinical,read_3,exact,true,X80cz,Thyroid peroxidase antibody,Thyroid peroxidase antibody | TPO - Thyroid peroxidase antibody,extended_review,numeric_candidate,IU/mL or kIU/L; verify assay,read_ctv3_lkp,P,candidate_requires_clinical_review
thyroid.thyroid_peroxidase_antibody.read_v2,thyroid,thyroid_peroxidase_antibody,read_v2,gp_clinical,read_2,exact,true,43Gd.,Thyroid peroxidase antibody level,Thyroid peroxidase antibody level,core,numeric_candidate,IU/mL or kIU/L; verify assay,read_v2_lkp,00,candidate_requires_clinical_review
thyroid.thyroid_peroxidase_antibody.read_v2,thyroid,thyroid_peroxidase_antibody,read_v2,gp_clinical,read_2,exact,true,43Gd0,Serum thyroid peroxidase antibody concentration,Serum thyroid peroxidase antibody concentration,core,numeric_candidate,IU/mL or kIU/L; verify assay,read_v2_lkp,00,candidate_requires_clinical_review
thyroid.tsh.ctv3,thyroid,tsh,ctv3,gp_clinical,read_3,exact,true,.442A,TSH - thyroid stim. hormone,Thyroid stimulating hormone (& level) | TSH - Thyroid stimulating hormone | TSH - thyroid stim. hormone,core,numeric_candidate,mIU/L; verify source unit,read_ctv3_lkp,P,candidate_requires_clinical_review
thyroid.tsh.ctv3,thyroid,tsh,ctv3,gp_clinical,read_3,exact,true,.442W,Serum TSH level,Serum TSH level,core,numeric_candidate,mIU/L; verify source unit,read_ctv3_lkp,P,candidate_requires_clinical_review
thyroid.tsh.ctv3,thyroid,tsh,ctv3,gp_clinical,read_3,exact,true,.442X,Plasma TSH level,Plasma TSH level,core,numeric_candidate,mIU/L; verify source unit,read_ctv3_lkp,P,candidate_requires_clinical_review
thyroid.tsh.ctv3,thyroid,tsh,ctv3,gp_clinical,read_3,exact,true,442A.,TSH - thyroid stim. hormone,TSH - thyroid stimulating hormone (& level) | TSH - thyroid stim. hormone,core,numeric_candidate,mIU/L; verify source unit,read_ctv3_lkp,P,candidate_requires_clinical_review
thyroid.tsh.ctv3,thyroid,tsh,ctv3,gp_clinical,read_3,exact,true,442W.,Serum TSH level,Serum TSH level,core,numeric_candidate,mIU/L; verify source unit,read_ctv3_lkp,P,candidate_requires_clinical_review
thyroid.tsh.ctv3,thyroid,tsh,ctv3,gp_clinical,read_3,exact,true,442X.,Plasma TSH level,Plasma TSH level,core,numeric_candidate,mIU/L; verify source unit,read_ctv3_lkp,P,candidate_requires_clinical_review
thyroid.tsh.ctv3,thyroid,tsh,ctv3,gp_clinical,read_3,exact,true,X80Gc,TSH - Thyroid stimulating hormone,Thyroid stimulating hormone | TSH - Thyroid stimulating hormone,core,numeric_candidate,mIU/L; verify source unit,read_ctv3_lkp,P,candidate_requires_clinical_review
thyroid.tsh.ctv3,thyroid,tsh,ctv3,gp_clinical,read_3,exact,true,XE27u,TSH - thyroid stim. hormone,Thyroid stimulating hormone (& level) | TSH - Thyroid stimulating hormone | TSH - thyroid stim. hormone,core,numeric_candidate,mIU/L; verify source unit,read_ctv3_lkp,P,candidate_requires_clinical_review
thyroid.tsh.ctv3,thyroid,tsh,ctv3,gp_clinical,read_3,exact,true,XE2wy,Thyroid stimulating hormone level,Thyroid stimulating hormone level | TSH - Thyroid stimulating hormone level,core,numeric_candidate,mIU/L; verify source unit,read_ctv3_lkp,P,candidate_requires_clinical_review
thyroid.tsh.ctv3,thyroid,tsh,ctv3,gp_clinical,read_3,exact,true,XaELV,Serum TSH level,Serum TSH level,core,numeric_candidate,mIU/L; verify source unit,read_ctv3_lkp,P,candidate_requires_clinical_review
thyroid.tsh.ctv3,thyroid,tsh,ctv3,gp_clinical,read_3,exact,true,XaELW,Plasma TSH level,Plasma TSH level,core,numeric_candidate,mIU/L; verify source unit,read_ctv3_lkp,P,candidate_requires_clinical_review
thyroid.tsh.ctv3,thyroid,tsh,ctv3,gp_clinical,read_3,exact,true,442A0,Serum TSH level normal,Serum TSH level normal,extended_review,numeric_candidate,mIU/L; verify source unit,read_ctv3_lkp,P,candidate_requires_clinical_review
thyroid.tsh.ctv3,thyroid,tsh,ctv3,gp_clinical,read_3,exact,true,442A1,Serum TSH level abnormal,Serum TSH level abnormal,extended_review,numeric_candidate,mIU/L; verify source unit,read_ctv3_lkp,P,candidate_requires_clinical_review
thyroid.tsh.ctv3,thyroid,tsh,ctv3,gp_clinical,read_3,exact,true,X40Gu,Autonomous thyroid function - suppressed TSH with normal T4 and T3,Autonomous thyroid function - suppressed TSH with normal T4 and T3,extended_review,numeric_candidate,mIU/L; verify source unit,read_ctv3_lkp,S,candidate_requires_clinical_review
thyroid.tsh.ctv3,thyroid,tsh,ctv3,gp_clinical,read_3,exact,true,X40H4,Thyrotoxicosis due to inappropriate TSH secretion,Thyrotoxicosis due to inappropriate TSH secretion,extended_review,numeric_candidate,mIU/L; verify source unit,read_ctv3_lkp,P,candidate_requires_clinical_review
thyroid.tsh.ctv3,thyroid,tsh,ctv3,gp_clinical,read_3,exact,true,X40Ki,TSH hypersecretion,TSH hypersecretion,extended_review,numeric_candidate,mIU/L; verify source unit,read_ctv3_lkp,P,candidate_requires_clinical_review
thyroid.tsh.ctv3,thyroid,tsh,ctv3,gp_clinical,read_3,exact,true,X78aJ,TSH-oma,TSH-oma,extended_review,numeric_candidate,mIU/L; verify source unit,read_ctv3_lkp,S,candidate_requires_clinical_review
thyroid.tsh.ctv3,thyroid,tsh,ctv3,gp_clinical,read_3,exact,true,XaBj2,Raised TSH level,Raised TSH level,extended_review,numeric_candidate,mIU/L; verify source unit,read_ctv3_lkp,P,candidate_requires_clinical_review
thyroid.tsh.read_v2,thyroid,tsh,read_v2,gp_clinical,read_2,exact,true,442A.,TSH - thyroid stim. hormone,TSH - thyroid stim. hormone,core,numeric_candidate,mIU/L; verify source unit,read_v2_lkp,00,candidate_requires_clinical_review
thyroid.tsh.read_v2,thyroid,tsh,read_v2,gp_clinical,read_2,exact,true,442W.,Serum TSH level,Serum TSH level,core,numeric_candidate,mIU/L; verify source unit,read_v2_lkp,00,candidate_requires_clinical_review
thyroid.tsh.read_v2,thyroid,tsh,read_v2,gp_clinical,read_2,exact,true,442X.,Plasma TSH level,Plasma TSH level,core,numeric_candidate,mIU/L; verify source unit,read_v2_lkp,00,candidate_requires_clinical_review
thyroid.tsh.read_v2,thyroid,tsh,read_v2,gp_clinical,read_2,exact,true,442A0,Serum TSH level normal,Serum TSH level normal,extended_review,numeric_candidate,mIU/L; verify source unit,read_v2_lkp,00,candidate_requires_clinical_review
thyroid.tsh.read_v2,thyroid,tsh,read_v2,gp_clinical,read_2,exact,true,442A1,Serum TSH level abnormal,Serum TSH level abnormal,extended_review,numeric_candidate,mIU/L; verify source unit,read_v2_lkp,00,candidate_requires_clinical_review
